"Date","Price","Open","High","Low","Vol.","Change %"
"12/31/2018","52.96","51.72","52.96","51.72","3.33M","3.16%"
"12/28/2018","51.34","52.20","52.47","50.81","2.82M","-1.19%"
"12/27/2018","51.96","50.72","51.98","50.00","3.49M","0.76%"
"12/26/2018","51.57","48.60","51.62","48.46","4.42M","6.90%"
"12/24/2018","48.24","48.53","51.01","47.72","1.78M","-1.27%"
"12/21/2018","48.86","50.77","51.60","48.61","6.19M","-3.07%"
"12/20/2018","50.41","50.81","51.97","49.65","6.12M","-1.08%"
"12/19/2018","50.96","52.99","53.53","50.74","4.90M","-1.94%"
"12/18/2018","51.97","52.79","53.50","51.56","5.96M","-0.50%"
"12/17/2018","52.23","52.36","54.37","51.56","10.19M","-5.67%"
"12/14/2018","55.37","55.25","57.40","55.06","5.23M","-1.00%"
"12/13/2018","55.93","58.73","58.82","55.56","5.61M","-5.17%"
"12/12/2018","58.98","58.74","59.85","58.41","4.71M","1.53%"
"12/11/2018","58.09","59.43","59.99","57.57","3.56M","-0.97%"
"12/10/2018","58.66","60.37","60.37","58.07","3.78M","-3.17%"
"12/07/2018","60.58","62.22","63.64","60.36","3.64M","-2.73%"
"12/06/2018","62.28","61.26","62.35","60.34","5.25M","0.03%"
"12/04/2018","62.26","66.71","67.06","62.03","7.04M","-7.06%"
"12/03/2018","66.99","66.09","67.56","65.77","6.54M","3.72%"
"11/30/2018","64.59","63.87","65.00","63.34","3.99M","0.81%"
"11/29/2018","64.07","65.02","65.09","63.90","4.24M","-2.32%"
"11/28/2018","65.59","64.98","65.81","64.04","3.96M","1.41%"
"11/27/2018","64.68","64.00","64.98","63.32","4.06M","0.53%"
"11/26/2018","64.34","63.62","64.85","63.46","5.71M","2.86%"
"11/23/2018","62.55","61.99","62.97","61.88","3.85M","0.74%"
"11/21/2018","62.09","64.42","65.00","60.84","9.10M","-2.27%"
"11/20/2018","63.53","61.00","65.54","60.07","11.89M","2.14%"
"11/19/2018","62.20","66.10","67.29","62.18","7.46M","-6.37%"
"11/16/2018","66.43","67.44","67.56","65.52","5.28M","-1.99%"
"11/15/2018","67.78","65.93","68.28","64.81","5.49M","1.85%"
"11/14/2018","66.55","67.63","69.10","66.09","4.39M","-0.75%"
"11/13/2018","67.05","64.95","67.70","64.85","5.59M","-0.15%"
"11/12/2018","67.15","67.60","68.38","66.55","4.20M","-0.94%"
"11/09/2018","67.79","73.15","73.29","67.71","6.36M","-7.43%"
"11/08/2018","73.23","72.45","73.59","72.01","2.95M","0.58%"
"11/07/2018","72.81","71.94","72.86","70.56","2.31M","1.58%"
"11/06/2018","71.68","71.04","71.91","70.09","2.39M","0.82%"
"11/05/2018","71.10","71.84","72.06","69.52","3.09M","-1.10%"
"11/02/2018","71.89","73.89","75.11","70.46","4.08M","-1.63%"
"11/01/2018","73.08","70.07","73.14","69.20","2.98M","4.16%"
"10/31/2018","70.16","71.26","71.71","70.13","2.51M","-0.50%"
"10/30/2018","70.51","68.06","70.89","67.68","3.16M","3.72%"
"10/29/2018","67.98","68.97","70.03","67.00","3.29M","-0.69%"
"10/26/2018","68.45","68.44","69.33","66.08","3.88M","-1.04%"
"10/25/2018","69.17","69.26","70.45","68.88","2.66M","0.32%"
"10/24/2018","68.95","71.66","72.87","68.77","3.97M","-3.80%"
"10/23/2018","71.67","70.91","71.99","69.57","2.84M","-0.72%"
"10/22/2018","72.19","71.20","72.52","70.60","2.15M","1.98%"
"10/19/2018","70.79","72.88","72.93","70.47","2.93M","-2.56%"
"10/18/2018","72.65","73.47","73.85","71.86","2.45M","-1.60%"
"10/17/2018","73.83","74.69","75.07","72.55","2.57M","-1.31%"
"10/16/2018","74.81","73.23","74.98","72.81","2.30M","2.49%"
"10/15/2018","72.99","72.73","73.77","72.54","3.21M","0.75%"
"10/12/2018","72.45","71.95","72.96","71.26","3.58M","2.40%"
"10/11/2018","70.75","70.75","72.52","70.19","3.61M","-0.04%"
"10/10/2018","70.78","71.79","72.28","70.62","3.46M","-0.78%"
"10/09/2018","71.34","70.90","72.94","70.77","4.04M","-0.06%"
"10/08/2018","71.38","72.19","72.65","70.17","3.80M","-1.61%"
"10/05/2018","72.55","72.58","74.60","71.67","3.02M","-0.82%"
"10/04/2018","73.15","75.01","75.21","73.00","3.68M","-2.48%"
"10/03/2018","75.01","75.39","75.73","74.37","3.26M","-0.25%"
"10/02/2018","75.20","79.00","79.07","75.08","3.95M","-4.82%"
"10/01/2018","79.01","79.57","79.82","78.28","2.13M","-0.44%"
"09/28/2018","79.36","77.96","80.14","77.96","3.34M","1.41%"
"09/27/2018","78.26","79.53","79.81","78.07","2.73M","-1.72%"
"09/26/2018","79.63","78.41","80.42","78.20","2.50M","2.27%"
"09/25/2018","77.86","79.32","79.99","77.24","2.63M","-1.96%"
"09/24/2018","79.42","80.97","81.66","79.28","3.65M","-1.51%"
"09/21/2018","80.64","79.80","81.53","79.79","5.21M","1.36%"
"09/20/2018","79.56","77.89","79.70","77.70","3.43M","2.34%"
"09/19/2018","77.74","77.79","78.18","77.12","2.31M","0.05%"
"09/18/2018","77.70","76.53","77.91","76.44","3.30M","0.86%"
"09/17/2018","77.04","78.25","78.90","76.91","2.83M","-1.72%"
"09/14/2018","78.39","78.61","79.06","77.63","3.04M","-0.22%"
"09/13/2018","78.56","78.26","79.19","77.87","2.70M","0.40%"
"09/12/2018","78.25","77.56","78.32","77.05","2.85M","0.88%"
"09/11/2018","77.57","77.17","77.95","76.68","2.58M","0.34%"
"09/10/2018","77.31","78.64","78.74","76.92","3.21M","-1.13%"
"09/07/2018","78.19","78.95","79.57","77.86","3.03M","-1.31%"
"09/06/2018","79.23","79.50","79.97","78.97","3.22M","0.20%"
"09/05/2018","79.07","80.44","81.24","78.73","3.62M","-2.00%"
"09/04/2018","80.68","79.51","80.98","79.16","3.64M","1.41%"
"08/31/2018","79.56","77.95","79.64","77.62","5.22M","1.99%"
"08/30/2018","78.01","77.60","78.50","77.19","3.23M","0.49%"
"08/29/2018","77.63","77.79","77.99","76.62","5.44M","0.08%"
"08/28/2018","77.57","77.50","79.25","74.76","18.46M","-5.01%"
"08/27/2018","81.66","83.04","83.20","81.42","5.29M","-0.51%"
"08/24/2018","82.08","83.05","83.10","80.92","4.14M","-0.63%"
"08/23/2018","82.60","80.99","82.72","80.99","3.39M","2.04%"
"08/22/2018","80.95","81.90","84.37","80.63","4.08M","-0.59%"
"08/21/2018","81.43","79.40","81.82","79.17","4.70M","2.58%"
"08/20/2018","79.38","78.54","79.72","78.28","2.47M","1.15%"
"08/17/2018","78.48","76.92","78.70","76.69","1.82M","2.04%"
"08/16/2018","76.91","78.13","78.37","76.48","3.70M","0.69%"
"08/15/2018","76.38","78.26","78.26","75.74","3.63M","-2.74%"
"08/14/2018","78.53","77.45","79.01","77.30","2.98M","1.89%"
"08/13/2018","77.07","78.95","79.23","77.02","2.10M","-2.08%"
"08/10/2018","78.71","78.24","79.25","78.00","1.74M","0.04%"
"08/09/2018","78.68","78.06","79.05","77.78","2.24M","1.80%"
"08/08/2018","77.29","76.88","77.52","76.63","1.53M","0.00%"
"08/07/2018","77.29","76.62","77.64","76.53","1.66M","1.14%"
"08/06/2018","76.42","76.03","76.63","75.88","1.39M","0.45%"
"08/03/2018","76.08","76.11","77.22","75.69","1.43M","0.21%"
"08/02/2018","75.92","74.38","76.06","74.31","1.52M","1.39%"
"08/01/2018","74.88","75.19","76.46","74.72","2.31M","-0.20%"
"07/31/2018","75.03","74.57","75.49","74.40","2.20M","0.79%"
"07/30/2018","74.44","74.56","74.86","73.78","3.13M","-0.32%"
"07/27/2018","74.68","75.90","76.50","74.36","2.48M","-1.75%"
"07/26/2018","76.01","75.62","76.88","75.50","2.13M","0.92%"
"07/25/2018","75.32","75.20","75.44","74.40","2.27M","0.09%"
"07/24/2018","75.25","77.10","77.62","74.86","2.42M","-1.51%"
"07/23/2018","76.40","75.97","76.92","75.75","1.53M","0.38%"
"07/20/2018","76.11","77.51","77.74","76.03","2.79M","-2.40%"
"07/19/2018","77.98","76.35","78.79","76.20","3.40M","2.13%"
"07/18/2018","76.35","76.60","76.88","75.97","1.91M","-0.27%"
"07/17/2018","76.56","75.78","76.83","75.49","1.91M","1.43%"
"07/16/2018","75.48","75.75","76.22","75.22","1.59M","-0.53%"
"07/13/2018","75.88","74.78","76.78","74.78","3.11M","1.59%"
"07/12/2018","74.69","74.65","75.08","74.21","1.26M","0.55%"
"07/11/2018","74.28","74.54","74.75","73.03","3.23M","-1.89%"
"07/10/2018","75.71","75.69","75.76","74.90","2.09M","0.66%"
"07/09/2018","75.21","74.57","75.42","74.40","2.40M","1.25%"
"07/06/2018","74.28","73.83","74.39","73.20","1.45M","0.73%"
"07/05/2018","73.74","73.98","74.31","73.26","2.14M","0.15%"
"07/03/2018","73.63","74.33","74.90","73.55","1.19M","-0.97%"
"07/02/2018","74.35","74.33","74.45","72.84","2.75M","-0.31%"
"06/29/2018","74.58","75.39","76.12","74.58","3.00M","-0.55%"
"06/28/2018","74.99","73.93","75.28","73.16","3.24M","1.23%"
"06/27/2018","74.08","76.54","76.93","74.05","3.00M","-3.19%"
"06/26/2018","76.52","75.47","77.23","75.23","2.85M","1.88%"
"06/25/2018","75.11","75.92","76.71","74.58","3.35M","-1.51%"
"06/22/2018","76.26","77.69","77.97","76.05","4.13M","-1.26%"
"06/21/2018","77.23","75.85","77.74","75.76","2.93M","1.81%"
"06/20/2018","75.86","76.38","76.63","75.18","3.31M","-0.72%"
"06/19/2018","76.41","76.00","76.80","75.12","4.19M","-0.84%"
"06/18/2018","77.06","74.10","77.12","73.97","4.10M","3.01%"
"06/15/2018","74.81","72.88","74.98","71.93","6.39M","2.03%"
"06/14/2018","73.32","73.21","74.03","73.04","3.30M","0.08%"
"06/13/2018","73.26","73.70","73.74","72.80","3.64M","-1.07%"
"06/12/2018","74.05","74.05","74.25","72.92","3.24M","0.56%"
"06/11/2018","73.64","72.45","74.23","72.34","4.00M","1.84%"
"06/08/2018","72.31","71.26","72.54","70.91","2.82M","0.91%"
"06/07/2018","71.66","71.87","72.67","71.35","3.43M","0.14%"
"06/06/2018","71.56","71.75","72.08","70.75","3.07M","-0.28%"
"06/05/2018","71.76","69.47","71.86","69.32","4.83M","2.72%"
"06/04/2018","69.86","68.94","70.06","68.64","3.26M","1.47%"
"06/01/2018","68.85","68.50","69.43","67.91","3.60M","0.88%"
"05/31/2018","68.25","69.45","69.53","68.20","5.61M","-1.94%"
"05/30/2018","69.60","68.47","69.89","67.55","4.78M","2.08%"
"05/29/2018","68.18","68.11","69.28","67.77","4.73M","-0.39%"
"05/25/2018","68.45","71.00","71.04","68.32","8.75M","-3.46%"
"05/24/2018","70.90","70.89","72.86","69.71","16.43M","-6.65%"
"05/23/2018","75.95","75.08","76.56","74.65","4.74M","0.64%"
"05/22/2018","75.47","78.93","78.98","75.15","4.84M","-3.61%"
"05/21/2018","78.30","78.89","79.39","78.14","3.57M","0.06%"
"05/18/2018","78.25","78.55","79.31","77.87","2.76M","-0.67%"
"05/17/2018","78.78","78.88","79.59","78.63","2.51M","0.34%"
"05/16/2018","78.51","78.95","79.90","78.34","2.98M","-0.11%"
"05/15/2018","78.60","77.90","79.08","77.42","2.21M","0.45%"
"05/14/2018","78.25","77.90","78.76","77.78","2.36M","0.60%"
"05/11/2018","77.78","76.52","78.29","76.21","2.09M","1.24%"
"05/10/2018","76.83","76.67","76.97","75.93","2.56M","0.80%"
"05/09/2018","76.22","75.72","76.52","75.07","2.07M","0.78%"
"05/08/2018","75.63","75.37","75.88","75.00","2.09M","0.17%"
"05/07/2018","75.50","76.38","76.69","74.88","1.85M","-0.94%"
"05/04/2018","76.22","74.85","76.68","74.68","2.18M","1.61%"
"05/03/2018","75.01","75.56","75.56","73.94","2.75M","-1.13%"
"05/02/2018","75.87","75.53","76.32","74.91","2.25M","0.65%"
"05/01/2018","75.38","76.21","76.41","74.20","3.65M","-1.50%"
"04/30/2018","76.53","77.50","78.22","76.36","3.08M","-0.66%"
"04/27/2018","77.04","75.92","77.25","75.74","2.45M","1.88%"
"04/26/2018","75.62","74.71","76.02","74.35","2.62M","1.67%"
"04/25/2018","74.38","72.89","74.62","72.84","2.65M","1.65%"
"04/24/2018","73.17","73.63","74.25","72.47","2.90M","-0.45%"
"04/23/2018","73.50","72.49","73.72","72.48","1.95M","1.66%"
"04/20/2018","72.30","73.90","74.20","71.95","3.41M","-1.42%"
"04/19/2018","73.34","74.84","75.33","72.92","3.35M","-2.73%"
"04/18/2018","75.40","74.50","75.80","74.37","4.50M","3.64%"
"04/17/2018","72.75","72.85","73.34","72.03","2.10M","1.17%"
"04/16/2018","71.91","71.94","72.61","71.33","2.51M","1.10%"
"04/13/2018","71.13","71.99","73.30","70.83","2.78M","-0.24%"
"04/12/2018","71.30","71.33","71.92","71.15","2.54M","0.55%"
"04/11/2018","70.91","71.17","72.10","70.76","1.59M","-1.13%"
"04/10/2018","71.72","70.78","72.16","70.42","2.18M","2.72%"
"04/09/2018","69.82","70.94","71.50","69.81","3.00M","-0.95%"
"04/06/2018","70.49","71.70","72.61","70.10","3.20M","-2.26%"
"04/05/2018","72.12","73.06","73.15","71.93","2.93M","-1.02%"
"04/04/2018","72.86","69.34","73.17","69.14","3.83M","3.58%"
"04/03/2018","70.34","69.25","70.68","69.23","2.61M","2.06%"
"04/02/2018","68.92","69.87","70.43","67.99","2.98M","-1.53%"
"03/29/2018","69.99","68.99","70.65","68.99","3.78M","2.09%"
"03/28/2018","68.56","68.09","69.66","67.84","3.79M","1.21%"
"03/27/2018","67.74","69.66","69.67","67.39","3.10M","-2.55%"
"03/26/2018","69.51","67.90","69.95","67.76","3.50M","4.24%"
"03/23/2018","66.68","67.43","68.56","66.65","3.32M","-0.85%"
"03/22/2018","67.25","67.89","68.37","66.98","3.19M","-1.74%"
"03/21/2018","68.44","69.52","69.81","68.41","3.52M","-2.28%"
"03/20/2018","70.04","68.31","70.22","68.31","3.98M","2.20%"
"03/19/2018","68.53","69.57","69.76","68.30","3.30M","-1.72%"
"03/16/2018","69.73","69.01","70.13","68.64","5.47M","1.07%"
"03/15/2018","68.99","69.81","70.34","68.94","3.79M","-1.30%"
"03/14/2018","69.90","71.96","71.98","69.75","5.16M","-2.27%"
"03/13/2018","71.52","72.62","73.35","71.18","3.63M","-0.74%"
"03/12/2018","72.05","73.82","74.20","70.60","3.14M","-2.40%"
"03/09/2018","73.82","73.87","73.96","72.20","3.32M","0.78%"
"03/08/2018","73.25","74.08","74.26","72.65","3.64M","-0.53%"
"03/07/2018","73.64","74.79","75.38","72.89","5.50M","-4.08%"
"03/06/2018","76.77","75.38","77.32","75.38","4.35M","2.28%"
"03/05/2018","75.06","72.86","75.51","72.50","6.13M","2.77%"
"03/02/2018","73.04","74.85","75.18","72.27","6.93M","-3.00%"
"03/01/2018","75.30","74.45","76.03","72.73","13.38M","3.95%"
"02/28/2018","72.44","72.02","73.93","71.64","5.05M","1.33%"
"02/27/2018","71.49","73.03","73.43","71.11","4.39M","-1.49%"
"02/26/2018","72.57","73.67","74.25","72.51","3.71M","-0.82%"
"02/23/2018","73.17","72.09","73.32","71.63","2.32M","2.64%"
"02/22/2018","71.29","71.40","71.94","71.12","2.48M","0.71%"
"02/21/2018","70.79","72.24","72.90","70.74","2.87M","-1.57%"
"02/20/2018","71.92","72.63","73.44","71.72","2.67M","-1.72%"
"02/16/2018","73.18","73.27","74.25","72.77","2.17M","-0.19%"
"02/15/2018","73.32","73.06","73.32","71.84","2.28M","1.10%"
"02/14/2018","72.52","69.74","72.81","69.41","3.60M","3.45%"
"02/13/2018","70.10","70.06","70.88","69.70","2.88M","-0.36%"
"02/12/2018","70.35","71.11","71.27","68.95","3.26M","-0.58%"
"02/09/2018","70.76","69.51","71.41","67.58","3.39M","2.86%"
"02/08/2018","68.79","71.39","72.07","68.77","3.85M","-3.47%"
"02/07/2018","71.26","70.11","72.31","69.87","3.47M","1.37%"
"02/06/2018","70.30","66.58","70.70","65.05","4.67M","3.35%"
"02/05/2018","68.02","70.54","71.95","67.99","4.10M","-4.52%"
"02/02/2018","71.24","72.56","72.98","71.02","5.04M","-2.54%"
"02/01/2018","73.10","72.57","74.36","72.08","3.19M","0.05%"
"01/31/2018","73.06","75.36","75.43","72.47","5.27M","-4.23%"
"01/30/2018","76.29","76.20","76.51","75.18","2.96M","-0.39%"
"01/29/2018","76.59","77.43","77.87","76.49","2.59M","-1.62%"
"01/26/2018","77.85","76.46","77.88","76.37","3.13M","2.07%"
"01/25/2018","76.27","76.07","76.31","75.18","3.53M","-0.68%"
"01/24/2018","76.79","77.52","77.78","76.13","2.54M","-0.94%"
"01/23/2018","77.52","78.03","78.59","77.20","2.51M","-0.69%"
"01/22/2018","78.06","76.95","78.11","76.55","2.27M","1.56%"
"01/19/2018","76.86","75.10","77.07","74.78","3.45M","2.91%"
"01/18/2018","74.69","74.27","74.75","73.90","2.74M","0.58%"
"01/17/2018","74.26","72.26","74.62","72.26","3.20M","2.57%"
"01/16/2018","72.40","73.78","74.11","71.81","3.75M","-1.16%"
"01/12/2018","73.25","71.79","73.45","71.73","3.44M","2.15%"
"01/11/2018","71.71","70.23","72.02","69.93","2.81M","1.95%"
"01/10/2018","70.34","69.34","70.87","69.05","2.74M","0.80%"
"01/09/2018","69.78","69.93","70.22","69.15","3.18M","0.13%"
"01/08/2018","69.69","68.68","70.11","68.42","3.62M","1.19%"
"01/05/2018","68.87","67.90","68.97","67.46","4.12M","2.36%"
"01/04/2018","67.28","68.85","69.01","66.11","5.19M","-1.64%"
"01/03/2018","68.40","69.18","69.39","68.14","3.56M","-1.10%"
"01/02/2018","69.16","68.26","69.39","67.87","3.69M","1.01%"
"12/29/2017","68.47","68.56","68.98","68.38","2.06M","0.07%"
"12/28/2017","68.42","68.57","68.72","68.08","1.37M","0.09%"
"12/27/2017","68.36","68.10","68.55","67.73","2.04M","0.50%"
"12/26/2017","68.02","66.94","68.06","66.67","1.98M","1.36%"
"12/22/2017","67.11","67.14","67.27","66.88","1.66M","0.04%"
"12/21/2017","67.08","66.73","67.30","66.11","2.75M","0.52%"
"12/20/2017","66.73","66.54","66.89","65.97","2.73M","1.41%"
"12/19/2017","65.80","67.09","67.28","65.78","4.14M","-1.81%"
"12/18/2017","67.01","65.65","67.14","65.63","3.94M","2.59%"
"12/15/2017","65.32","64.39","65.53","64.16","6.91M","2.46%"
"12/14/2017","63.75","64.77","64.80","63.67","3.75M","-0.99%"
"12/13/2017","64.39","63.75","64.71","63.47","3.49M","1.37%"
"12/12/2017","63.52","63.73","64.16","63.37","3.41M","-0.16%"
"12/11/2017","63.62","63.59","63.72","62.90","4.69M","-0.27%"
"12/08/2017","63.79","61.83","64.12","61.45","5.00M","3.74%"
"12/07/2017","61.49","61.10","61.58","60.85","4.01M","0.85%"
"12/06/2017","60.97","61.65","61.83","60.94","3.54M","-1.63%"
"12/05/2017","61.98","62.49","62.69","61.54","3.55M","-0.91%"
"12/04/2017","62.55","60.92","62.80","60.59","6.92M","3.65%"
"12/01/2017","60.35","59.75","60.83","58.82","5.89M","1.24%"
"11/30/2017","59.61","59.02","60.52","59.00","5.25M","1.33%"
"11/29/2017","58.83","58.10","59.46","57.51","5.28M","1.34%"
"11/28/2017","58.05","56.88","58.13","56.88","2.69M","1.81%"
"11/27/2017","57.02","57.55","58.35","56.80","3.94M","0.04%"
"11/24/2017","57.00","56.75","57.35","56.17","2.72M","0.90%"
"11/22/2017","56.49","56.54","57.15","56.34","3.32M","0.77%"
"11/21/2017","56.06","56.44","56.77","55.81","3.20M","-0.51%"
"11/20/2017","56.35","56.00","57.02","56.00","4.15M","0.93%"
"11/17/2017","55.83","55.57","55.99","54.34","5.19M","1.05%"
"11/16/2017","55.25","55.54","56.90","52.92","18.41M","-3.58%"
"11/15/2017","57.30","57.06","57.43","56.07","5.27M","0.17%"
"11/14/2017","57.20","56.58","57.62","56.50","2.94M","0.40%"
"11/13/2017","56.97","56.70","57.43","56.38","3.96M","0.51%"
"11/10/2017","56.68","56.19","57.05","56.01","3.90M","1.34%"
"11/09/2017","55.93","56.16","56.49","55.27","3.54M","-1.10%"
"11/08/2017","56.55","55.02","56.78","54.72","3.57M","2.58%"
"11/07/2017","55.13","56.59","56.70","54.65","3.49M","-2.23%"
"11/06/2017","56.39","56.76","57.26","56.22","3.74M","-0.93%"
"11/03/2017","56.92","57.21","57.82","56.83","2.91M","-0.73%"
"11/02/2017","57.34","56.21","57.47","55.87","3.95M","2.37%"
"11/01/2017","56.01","56.18","56.36","55.51","2.33M","0.05%"
"10/31/2017","55.98","55.50","56.38","55.40","2.20M","1.08%"
"10/30/2017","55.38","55.14","55.55","54.97","2.88M","0.33%"
"10/27/2017","55.20","55.31","55.51","54.25","2.66M","-1.34%"
"10/26/2017","55.95","55.07","56.47","55.02","4.16M","1.41%"
"10/25/2017","55.17","56.63","56.70","54.86","3.41M","-2.61%"
"10/24/2017","56.65","56.41","57.06","56.07","3.24M","1.12%"
"10/23/2017","56.02","56.01","56.49","55.94","3.57M","0.34%"
"10/20/2017","55.83","55.79","56.01","55.34","2.66M","0.67%"
"10/19/2017","55.46","55.10","55.74","54.79","2.35M","0.00%"
"10/18/2017","55.46","54.65","55.67","54.57","2.29M","1.48%"
"10/17/2017","54.65","54.72","55.15","54.17","3.66M","-0.47%"
"10/16/2017","54.91","54.95","55.42","54.59","2.85M","-0.34%"
"10/13/2017","55.10","55.29","55.34","54.02","3.10M","-0.05%"
"10/12/2017","55.13","55.48","55.60","54.44","4.03M","-0.61%"
"10/11/2017","55.47","57.05","57.28","55.19","5.81M","-2.97%"
"10/10/2017","57.17","58.44","58.54","57.00","4.00M","-3.17%"
"10/09/2017","59.04","59.00","59.46","58.58","2.65M","0.48%"
"10/06/2017","58.76","57.25","58.87","57.25","4.02M","2.21%"
"10/05/2017","57.49","57.42","58.09","57.19","2.95M","0.59%"
"10/04/2017","57.15","56.91","57.47","56.83","2.30M","0.42%"
"10/03/2017","56.91","57.32","57.87","56.84","2.64M","-0.89%"
"10/02/2017","57.42","57.11","57.71","56.92","2.36M","0.81%"
"09/29/2017","56.96","56.83","57.19","56.36","2.69M","0.23%"
"09/28/2017","56.83","56.48","57.23","56.24","3.54M","0.28%"
"09/27/2017","56.67","54.63","56.86","54.60","4.98M","3.72%"
"09/26/2017","54.64","54.20","54.86","53.67","3.34M","0.87%"
"09/25/2017","54.17","53.72","54.73","53.61","3.70M","0.50%"
"09/22/2017","53.90","53.79","54.86","53.65","4.32M","-0.09%"
"09/21/2017","53.95","52.32","54.32","52.32","6.50M","2.59%"
"09/20/2017","52.59","52.51","52.80","52.05","7.48M","-0.32%"
"09/19/2017","52.76","56.15","56.68","51.61","22.50M","-8.00%"
"09/18/2017","57.35","58.67","58.68","57.26","3.37M","-2.15%"
"09/15/2017","58.61","58.53","58.76","58.08","3.92M","0.39%"
"09/14/2017","58.38","58.29","58.53","57.71","3.71M","-0.38%"
"09/13/2017","58.60","56.79","58.64","56.64","5.70M","3.19%"
"09/12/2017","56.79","56.12","57.09","56.01","3.53M","1.48%"
"09/11/2017","55.96","55.81","55.99","55.34","3.54M","0.83%"
"09/08/2017","55.50","56.03","56.13","55.25","4.25M","-0.91%"
"09/07/2017","56.01","55.66","56.14","55.33","5.30M","0.63%"
"09/06/2017","55.66","55.20","55.75","54.70","5.01M","0.72%"
"09/05/2017","55.26","54.30","55.29","54.24","5.40M","1.43%"
"09/01/2017","54.48","54.44","54.87","53.89","5.80M","0.41%"
"08/31/2017","54.26","54.40","54.46","53.67","8.40M","0.13%"
"08/30/2017","54.19","55.34","55.40","53.45","14.22M","-1.51%"
"08/29/2017","55.02","58.17","58.85","54.75","34.93M","-11.93%"
"08/28/2017","62.47","62.45","62.80","61.65","5.88M","0.97%"
"08/25/2017","61.87","61.85","62.38","61.48","2.25M","0.11%"
"08/24/2017","61.80","62.66","63.32","61.28","3.63M","-0.48%"
"08/23/2017","62.10","61.53","62.34","61.37","4.12M","0.50%"
"08/22/2017","61.79","61.02","61.83","60.96","2.89M","2.22%"
"08/21/2017","60.45","59.47","60.67","59.42","3.08M","1.65%"
"08/18/2017","59.47","60.07","60.16","59.38","3.13M","-1.13%"
"08/17/2017","60.15","60.39","60.86","60.14","2.25M","-0.86%"
"08/16/2017","60.67","59.77","60.91","59.18","2.82M","2.88%"
"08/15/2017","58.97","60.57","60.65","58.93","3.28M","-2.87%"
"08/14/2017","60.71","60.58","60.89","60.31","2.28M","1.07%"
"08/11/2017","60.07","59.77","60.55","59.77","2.19M","0.49%"
"08/10/2017","59.78","60.70","60.70","59.76","2.76M","-2.11%"
"08/09/2017","61.07","61.21","61.89","60.71","2.57M","-0.67%"
"08/08/2017","61.48","61.82","62.36","61.38","2.47M","-0.45%"
"08/07/2017","61.76","60.49","61.78","60.35","3.53M","2.46%"
"08/04/2017","60.28","59.88","60.46","59.79","2.01M","0.99%"
"08/03/2017","59.69","59.41","60.51","59.31","2.21M","0.52%"
"08/02/2017","59.38","59.51","60.10","58.26","3.76M","-0.17%"
"08/01/2017","59.48","58.60","59.60","58.55","4.21M","1.95%"
"07/31/2017","58.34","57.68","58.78","57.68","3.04M","1.21%"
"07/28/2017","57.64","57.16","57.79","57.05","2.52M","1.03%"
"07/27/2017","57.05","55.40","57.14","55.23","3.25M","2.66%"
"07/26/2017","55.57","55.45","55.87","55.02","2.13M","0.45%"
"07/25/2017","55.32","55.25","55.92","54.97","3.47M","0.95%"
"07/24/2017","54.80","54.00","55.27","54.00","3.32M","1.22%"
"07/21/2017","54.14","53.24","54.50","53.16","4.67M","0.33%"
"07/20/2017","53.96","56.04","56.18","52.97","8.00M","-3.93%"
"07/19/2017","56.17","56.13","56.51","55.97","2.09M","0.68%"
"07/18/2017","55.79","55.99","56.53","55.69","2.29M","-0.37%"
"07/17/2017","56.00","55.13","56.34","55.07","2.90M","1.34%"
"07/14/2017","55.26","55.03","56.47","55.00","3.59M","1.10%"
"07/13/2017","54.66","53.69","54.90","53.60","4.39M","2.55%"
"07/12/2017","53.30","54.10","54.17","53.01","3.99M","-0.73%"
"07/11/2017","53.69","54.32","54.66","53.03","5.18M","-1.00%"
"07/10/2017","54.23","55.18","55.51","53.10","11.38M","-6.29%"
"07/07/2017","57.87","57.52","58.08","57.34","2.51M","0.78%"
"07/06/2017","57.42","58.00","58.15","57.32","1.90M","-1.26%"
"07/05/2017","58.15","59.12","59.69","58.07","3.59M","-1.81%"
"07/03/2017","59.22","57.87","59.37","57.85","2.80M","3.30%"
"06/30/2017","57.33","57.60","58.07","57.32","2.98M","0.12%"
"06/29/2017","57.26","56.86","57.33","56.36","3.98M","0.86%"
"06/28/2017","56.77","56.52","57.35","56.39","2.43M","1.05%"
"06/27/2017","56.18","56.38","57.12","56.08","2.46M","-0.20%"
"06/26/2017","56.29","55.67","56.54","55.62","4.12M","2.01%"
"06/23/2017","55.18","54.99","55.46","54.83","4.09M","-0.07%"
"06/22/2017","55.22","55.13","55.67","54.65","2.18M","0.09%"
"06/21/2017","55.17","55.11","55.48","54.77","2.03M","0.44%"
"06/20/2017","54.93","55.88","56.02","54.85","2.35M","-1.54%"
"06/19/2017","55.79","56.03","56.10","55.38","3.15M","0.25%"
"06/16/2017","55.65","56.09","56.46","55.17","6.59M","-1.59%"
"06/15/2017","56.55","56.73","57.00","55.73","4.10M","-1.62%"
"06/14/2017","57.48","57.48","57.82","56.61","4.20M","-0.64%"
"06/13/2017","57.85","56.76","58.12","56.70","3.97M","1.28%"
"06/12/2017","57.12","57.90","58.08","56.75","7.55M","-1.74%"
"06/09/2017","58.13","59.02","59.34","57.81","5.69M","-1.66%"
"06/08/2017","59.11","59.45","59.96","58.97","3.21M","-0.45%"
"06/07/2017","59.38","58.82","59.61","58.69","4.09M","1.45%"
"06/06/2017","58.53","59.50","59.57","58.42","4.26M","-1.66%"
"06/05/2017","59.52","59.82","59.87","59.18","3.51M","-0.25%"
"06/02/2017","59.67","60.30","60.35","59.23","4.70M","-1.04%"
"06/01/2017","60.30","59.36","60.34","59.17","3.45M","1.53%"
"05/31/2017","59.39","59.32","59.44","58.71","5.73M","0.19%"
"05/30/2017","59.28","58.80","59.82","58.70","5.33M","0.53%"
"05/26/2017","58.97","60.41","60.88","58.88","14.90M","-3.72%"
"05/25/2017","61.25","57.45","61.95","56.30","33.40M","21.48%"
"05/24/2017","50.42","51.51","51.83","50.29","7.89M","-2.19%"
"05/23/2017","51.55","51.86","52.12","51.17","3.37M","-0.39%"
"05/22/2017","51.75","51.51","51.91","51.45","3.68M","0.82%"
"05/19/2017","51.33","50.87","51.50","50.50","2.50M","1.38%"
"05/18/2017","50.63","50.85","51.33","50.36","3.23M","0.04%"
"05/17/2017","50.61","51.52","52.05","50.57","4.64M","-2.34%"
"05/16/2017","51.82","51.10","51.83","50.70","3.53M","1.29%"
"05/15/2017","51.16","51.30","51.60","50.99","2.53M","0.10%"
"05/12/2017","51.11","51.74","51.76","50.83","3.33M","-1.65%"
"05/11/2017","51.97","51.67","52.02","51.18","2.77M","-0.06%"
"05/10/2017","52.00","51.89","52.21","51.63","2.35M","0.35%"
"05/09/2017","51.82","51.89","52.03","51.73","1.98M","0.12%"
"05/08/2017","51.76","51.79","52.01","51.67","2.65M","0.27%"
"05/05/2017","51.62","51.13","51.66","50.97","2.81M","1.47%"
"05/04/2017","50.87","51.65","51.84","50.75","4.87M","-1.51%"
"05/03/2017","51.65","51.25","51.75","51.07","2.65M","0.27%"
"05/02/2017","51.51","51.50","51.74","51.24","3.40M","0.10%"
"05/01/2017","51.46","51.99","51.99","51.38","2.23M","-0.68%"
"04/28/2017","51.81","52.42","52.45","51.49","3.00M","-1.03%"
"04/27/2017","52.35","52.25","52.67","52.00","3.21M","0.19%"
"04/26/2017","52.25","51.84","52.57","51.82","2.88M","0.93%"
"04/25/2017","51.77","52.43","52.61","50.98","4.52M","1.21%"
"04/24/2017","51.15","51.00","51.41","50.71","2.69M","1.01%"
"04/21/2017","50.64","50.48","50.92","50.06","3.65M","0.22%"
"04/20/2017","50.53","49.82","50.87","49.67","4.85M","2.33%"
"04/19/2017","49.38","48.69","49.99","48.68","3.86M","1.77%"
"04/18/2017","48.52","48.36","49.31","48.16","2.95M","0.33%"
"04/17/2017","48.36","48.47","48.50","48.03","2.73M","0.19%"
"04/13/2017","48.27","48.33","48.73","48.24","3.17M","-0.19%"
"04/12/2017","48.36","48.66","48.67","48.29","2.17M","-0.60%"
"04/11/2017","48.65","48.58","48.77","48.17","2.76M","0.21%"
"04/10/2017","48.55","48.46","49.09","48.38","3.58M","0.68%"
"04/07/2017","48.22","48.00","48.31","47.68","4.59M","0.48%"
"04/06/2017","47.99","48.33","48.83","47.88","4.39M","0.04%"
"04/05/2017","47.97","48.80","48.94","47.94","2.95M","-1.40%"
"04/04/2017","48.65","48.40","48.79","48.16","5.65M","0.25%"
"04/03/2017","48.53","48.96","49.24","48.41","5.62M","-1.26%"
"03/31/2017","49.15","48.40","49.35","48.30","4.13M","1.15%"
"03/30/2017","48.59","47.70","48.69","47.63","3.24M","1.72%"
"03/29/2017","47.77","47.09","47.98","47.01","3.44M","1.70%"
"03/28/2017","46.97","46.24","47.05","46.02","3.25M","1.67%"
"03/27/2017","46.20","45.06","46.41","44.82","4.70M","3.01%"
"03/24/2017","44.85","44.59","45.10","44.56","2.55M","0.52%"
"03/23/2017","44.62","44.92","45.23","44.54","3.31M","-0.89%"
"03/22/2017","45.02","43.99","45.16","43.72","4.55M","2.18%"
"03/21/2017","44.06","45.60","45.65","43.74","7.11M","-3.27%"
"03/20/2017","45.55","45.42","45.73","45.02","5.88M","-0.42%"
"03/17/2017","45.74","44.72","45.77","44.61","6.91M","2.79%"
"03/16/2017","44.50","44.39","44.84","44.12","3.89M","0.20%"
"03/15/2017","44.41","44.04","44.54","43.75","3.41M","0.09%"
"03/14/2017","44.37","44.76","44.91","44.00","3.97M","-1.07%"
"03/13/2017","44.85","44.78","45.13","44.41","3.25M","0.11%"
"03/10/2017","44.80","44.92","45.18","44.51","3.83M","-0.09%"
"03/09/2017","44.84","45.12","45.31","44.70","2.62M","-0.58%"
"03/08/2017","45.10","44.50","45.45","44.48","4.11M","1.23%"
"03/07/2017","44.55","43.80","44.68","43.75","5.27M","1.50%"
"03/06/2017","43.89","44.61","44.63","43.87","5.06M","-1.70%"
"03/03/2017","44.65","44.75","44.90","44.23","6.45M","-0.45%"
"03/02/2017","44.85","42.22","45.10","42.22","13.47M","6.43%"
"03/01/2017","42.14","42.55","42.80","41.67","16.42M","-4.51%"
"02/28/2017","44.13","45.62","45.62","43.75","8.71M","-4.38%"
"02/27/2017","46.15","45.66","46.45","45.53","6.70M","1.29%"
"02/24/2017","45.56","44.34","45.78","44.16","6.79M","2.82%"
"02/23/2017","44.31","45.82","45.94","44.06","4.14M","-3.08%"
"02/22/2017","45.72","46.08","46.20","45.55","2.30M","-0.57%"
"02/21/2017","45.98","45.66","46.08","45.39","3.63M","1.64%"
"02/17/2017","45.24","45.22","45.53","44.73","3.02M","-0.29%"
"02/16/2017","45.37","45.87","46.23","45.14","3.20M","-1.20%"
"02/15/2017","45.92","45.43","46.10","45.26","4.13M","1.39%"
"02/14/2017","45.29","44.10","45.45","44.09","5.09M","3.00%"
"02/13/2017","43.97","44.92","45.09","43.96","3.79M","-1.59%"
"02/10/2017","44.68","44.96","45.00","44.30","2.43M","-0.11%"
"02/09/2017","44.73","44.05","45.12","43.83","3.70M","1.96%"
"02/08/2017","43.87","43.69","43.88","43.27","3.89M","0.78%"
"02/07/2017","43.53","44.13","44.30","43.45","3.83M","-0.98%"
"02/06/2017","43.96","44.73","45.17","43.86","4.15M","-1.72%"
"02/03/2017","44.73","44.48","45.26","44.26","4.53M","0.95%"
"02/02/2017","44.31","44.41","44.98","44.23","3.87M","-0.43%"
"02/01/2017","44.50","44.58","44.73","44.05","3.06M","-0.04%"
"01/31/2017","44.52","43.78","44.65","43.36","4.57M","0.68%"
"01/30/2017","44.22","43.42","44.30","43.29","3.42M","1.73%"
"01/27/2017","43.47","45.29","45.36","42.99","6.71M","-3.89%"
"01/26/2017","45.23","44.75","45.38","44.71","3.61M","1.25%"
"01/25/2017","44.67","44.49","44.95","44.45","3.13M","1.13%"
"01/24/2017","44.17","43.48","44.31","43.48","2.33M","1.45%"
"01/23/2017","43.54","43.24","43.72","42.83","2.52M","0.42%"
"01/20/2017","43.36","43.52","43.58","42.50","6.14M","-0.62%"
"01/19/2017","43.63","44.75","44.82","43.40","4.77M","-2.55%"
"01/18/2017","44.77","44.22","44.78","43.70","3.91M","-0.25%"
"01/17/2017","44.88","44.02","45.83","44.02","5.18M","2.40%"
"01/13/2017","43.83","44.13","44.37","43.76","3.70M","-0.90%"
"01/12/2017","44.23","43.78","44.24","43.50","4.09M","1.87%"
"01/11/2017","43.42","44.04","44.17","43.01","2.90M","-1.00%"
"01/10/2017","43.86","43.52","44.29","43.19","4.72M","1.20%"
"01/09/2017","43.34","42.91","43.81","42.80","5.40M","1.33%"
"01/06/2017","42.77","42.87","43.04","42.40","3.93M","0.30%"
"01/05/2017","42.64","42.75","42.81","41.79","5.83M","-2.58%"
"01/04/2017","43.77","43.34","44.18","43.31","4.75M","2.36%"
"01/03/2017","42.76","43.05","43.16","42.23","5.36M","0.21%"
"12/30/2016","42.67","43.31","43.65","42.34","3.71M","-0.93%"
"12/29/2016","43.07","43.67","44.23","42.71","4.84M","-1.46%"
"12/28/2016","43.71","44.99","45.00","43.12","4.64M","-2.32%"
"12/27/2016","44.75","44.96","45.38","44.64","2.64M","-0.04%"
"12/23/2016","44.77","45.02","45.37","44.32","3.82M","-0.73%"
"12/22/2016","45.10","46.94","47.23","44.74","6.50M","-3.67%"
"12/21/2016","46.82","46.90","47.48","46.61","3.53M","-0.93%"
"12/20/2016","47.26","46.64","47.53","46.63","4.26M","1.50%"
"12/19/2016","46.56","47.22","47.56","46.39","5.67M","-0.94%"
"12/16/2016","47.00","48.01","48.11","46.95","9.88M","-2.41%"
"12/15/2016","48.16","48.30","48.63","48.08","4.70M","-0.10%"
"12/14/2016","48.21","48.88","49.07","48.18","4.08M","-0.92%"
"12/13/2016","48.66","48.80","49.01","48.24","3.82M","-0.23%"
"12/12/2016","48.77","48.91","49.04","48.56","3.13M","-0.47%"
"12/09/2016","49.00","49.20","49.20","48.62","4.29M","-0.63%"
"12/08/2016","49.31","48.52","49.40","48.50","7.34M","1.63%"
"12/07/2016","48.52","47.36","48.57","47.36","5.97M","3.39%"
"12/06/2016","46.93","46.54","47.09","46.54","5.17M","0.23%"
"12/05/2016","46.82","46.06","47.71","46.06","8.52M","2.52%"
"12/02/2016","45.67","45.71","46.26","45.53","3.82M","0.48%"
"12/01/2016","45.45","45.55","46.06","45.30","5.02M","-0.55%"
"11/30/2016","45.70","45.37","46.02","45.07","5.05M","0.18%"
"11/29/2016","45.62","45.52","46.00","45.39","3.41M","0.64%"
"11/28/2016","45.33","46.58","46.64","45.27","7.11M","-2.68%"
"11/25/2016","46.58","47.00","47.17","46.28","2.72M","-0.81%"
"11/23/2016","46.96","46.55","47.29","46.37","5.31M","0.77%"
"11/22/2016","46.60","45.42","46.98","45.32","6.45M","2.08%"
"11/21/2016","45.65","45.08","46.14","44.83","7.41M","1.92%"
"11/18/2016","44.79","45.68","45.68","44.67","12.76M","-2.61%"
"11/17/2016","45.99","42.89","46.72","42.55","25.42M","13.70%"
"11/16/2016","40.45","39.75","40.60","39.43","11.82M","1.43%"
"11/15/2016","39.88","39.55","40.28","39.03","8.85M","-0.15%"
"11/14/2016","39.94","38.56","40.28","38.56","9.47M","4.12%"
"11/11/2016","38.36","38.69","39.07","37.65","14.52M","-4.05%"
"11/10/2016","39.98","39.16","40.07","39.15","6.32M","3.82%"
"11/09/2016","38.51","37.39","38.70","37.10","6.46M","1.37%"
"11/08/2016","37.99","37.87","38.44","37.87","6.11M","-2.76%"
"11/07/2016","39.07","38.71","39.18","38.70","3.41M","2.30%"
"11/04/2016","38.19","38.21","38.84","37.84","2.86M","0.21%"
"11/03/2016","38.11","38.35","38.75","37.97","5.65M","-0.73%"
"11/02/2016","38.39","38.34","38.87","38.16","3.41M","-0.72%"
"11/01/2016","38.67","38.93","39.09","38.36","2.92M","-0.62%"
"10/31/2016","38.91","38.78","39.21","38.66","2.90M","0.34%"
"10/28/2016","38.78","38.44","39.30","38.44","3.99M","0.78%"
"10/27/2016","38.48","39.40","39.41","38.36","3.70M","-2.06%"
"10/26/2016","39.29","39.04","39.50","38.80","2.53M","0.08%"
"10/25/2016","39.26","39.34","39.50","38.76","3.58M","-0.51%"
"10/24/2016","39.46","39.66","39.78","39.20","2.49M","0.00%"
"10/21/2016","39.46","39.29","39.63","39.18","2.24M","-0.05%"
"10/20/2016","39.48","39.46","39.89","39.40","3.17M","-0.18%"
"10/19/2016","39.55","39.62","39.65","39.00","3.62M","0.33%"
"10/18/2016","39.42","39.77","39.94","39.35","3.41M","-0.13%"
"10/17/2016","39.47","39.16","40.09","38.72","5.26M","0.41%"
"10/14/2016","39.31","39.82","40.21","39.29","4.65M","-1.31%"
"10/13/2016","39.83","39.45","39.98","38.76","6.62M","0.15%"
"10/12/2016","39.77","38.84","39.98","38.64","6.87M","3.76%"
"10/11/2016","38.33","38.80","39.02","38.30","3.88M","-1.49%"
"10/10/2016","38.91","39.18","39.59","38.70","3.56M","0.03%"
"10/07/2016","38.90","38.43","39.25","38.20","6.89M","1.89%"
"10/06/2016","38.18","37.73","38.28","37.62","3.66M","0.77%"
"10/05/2016","37.89","38.12","38.38","37.89","3.64M","-0.24%"
"10/04/2016","37.98","38.18","38.72","37.88","2.86M","-0.52%"
"10/03/2016","38.18","38.15","38.55","37.87","3.61M","0.00%"
"09/30/2016","38.18","37.66","38.44","37.51","4.88M","2.06%"
"09/29/2016","37.41","37.72","38.07","37.38","3.20M","-0.72%"
"09/28/2016","37.68","38.25","38.25","37.45","4.27M","-1.49%"
"09/27/2016","38.25","37.65","38.31","37.60","3.48M","1.97%"
"09/26/2016","37.51","37.84","37.98","37.45","4.48M","-1.26%"
"09/23/2016","37.99","38.32","38.77","37.88","3.93M","-1.25%"
"09/22/2016","38.47","38.46","38.87","38.35","3.78M","0.52%"
"09/21/2016","38.27","38.09","38.28","37.73","2.95M","1.19%"
"09/20/2016","37.82","38.21","38.38","37.77","3.64M","-0.84%"
"09/19/2016","38.14","38.10","38.45","38.03","5.65M","0.37%"
"09/16/2016","38.00","37.66","38.08","37.47","5.39M","0.85%"
"09/15/2016","37.68","37.48","37.96","37.22","4.56M","0.05%"
"09/14/2016","37.66","37.50","38.04","37.22","5.91M","0.51%"
"09/13/2016","37.47","37.20","38.02","37.11","6.18M","0.48%"
"09/12/2016","37.29","36.64","37.45","36.51","5.76M","1.14%"
"09/09/2016","36.87","37.27","37.73","36.87","5.07M","-2.77%"
"09/08/2016","37.92","38.44","38.50","37.81","6.20M","-1.74%"
"09/07/2016","38.59","38.31","38.64","38.17","5.92M","0.92%"
"09/06/2016","38.24","38.65","38.81","38.05","4.07M","-1.32%"
"09/02/2016","38.75","38.54","39.26","38.31","3.62M","0.54%"
"09/01/2016","38.54","38.55","38.78","37.97","5.32M","0.16%"
"08/31/2016","38.48","38.93","39.06","38.23","6.06M","-1.08%"
"08/30/2016","38.90","38.97","39.31","38.90","3.77M","-0.31%"
"08/29/2016","39.02","39.46","39.51","38.87","5.67M","-1.17%"
"08/26/2016","39.48","39.72","39.78","39.23","5.54M","-0.08%"
"08/25/2016","39.51","38.99","39.59","38.67","7.80M","0.03%"
"08/24/2016","39.50","39.20","40.58","38.97","20.95M","0.69%"
"08/23/2016","39.23","38.36","39.36","37.66","40.48M","19.60%"
"08/22/2016","32.80","32.63","33.60","32.48","11.43M","0.64%"
"08/19/2016","32.59","32.84","32.86","32.20","7.10M","-1.84%"
"08/18/2016","33.20","33.50","33.59","32.95","5.33M","-0.30%"
"08/17/2016","33.30","33.47","33.68","32.80","6.48M","-2.94%"
"08/16/2016","34.31","34.50","34.58","34.26","2.95M","-0.58%"
"08/15/2016","34.51","34.22","34.97","34.10","4.80M","-1.03%"
"08/12/2016","34.87","34.47","35.46","34.26","6.46M","0.72%"
"08/11/2016","34.62","34.20","34.78","34.09","4.74M","2.64%"
"08/10/2016","33.73","33.75","34.04","33.59","3.29M","0.51%"
"08/09/2016","33.56","34.12","34.29","33.53","4.00M","-1.70%"
"08/08/2016","34.14","34.35","34.59","34.11","3.39M","-0.32%"
"08/05/2016","34.25","33.66","34.26","33.61","4.22M","2.39%"
"08/04/2016","33.45","33.40","33.86","33.19","2.72M","0.12%"
"08/03/2016","33.41","32.65","33.47","32.02","4.11M","1.67%"
"08/02/2016","32.86","33.50","33.50","32.55","4.72M","-1.82%"
"08/01/2016","33.47","33.41","33.60","33.08","3.65M","-0.39%"
"07/29/2016","33.60","33.24","33.63","33.03","3.93M","0.96%"
"07/28/2016","33.28","33.07","33.40","32.62","4.54M","0.42%"
"07/27/2016","33.14","32.84","33.31","32.69","4.92M","-0.15%"
"07/26/2016","33.19","32.50","33.27","32.50","5.00M","2.22%"
"07/25/2016","32.47","32.14","32.51","31.97","3.28M","1.03%"
"07/22/2016","32.14","32.15","32.47","31.91","3.52M","-0.43%"
"07/21/2016","32.28","31.84","32.63","31.71","4.67M","1.54%"
"07/20/2016","31.79","31.81","31.97","31.70","2.58M","0.32%"
"07/19/2016","31.69","31.96","32.03","31.57","2.90M","-0.91%"
"07/18/2016","31.98","31.51","32.15","31.49","3.22M","1.91%"
"07/15/2016","31.38","31.82","31.82","31.01","4.09M","-1.20%"
"07/14/2016","31.76","31.67","31.93","31.49","4.72M","1.15%"
"07/13/2016","31.40","31.54","31.77","30.93","5.33M","-0.41%"
"07/12/2016","31.53","31.52","32.00","31.49","3.94M","0.90%"
"07/11/2016","31.25","30.97","31.53","30.97","2.79M","0.97%"
"07/08/2016","30.95","30.97","31.21","30.70","3.70M","1.14%"
"07/07/2016","30.60","30.51","30.79","30.42","3.29M","-0.10%"
"07/06/2016","30.63","30.14","30.64","29.79","4.96M","0.89%"
"07/05/2016","30.36","31.23","31.46","30.15","4.92M","-3.19%"
"07/01/2016","31.36","30.66","31.64","30.66","4.11M","2.48%"
"06/30/2016","30.60","30.49","30.81","30.17","3.59M","0.33%"
"06/29/2016","30.50","30.51","30.74","30.20","4.96M","1.60%"
"06/28/2016","30.02","29.63","30.27","29.51","3.91M","2.21%"
"06/27/2016","29.37","29.96","30.10","29.05","3.96M","-2.59%"
"06/24/2016","30.15","29.65","30.34","29.50","4.19M","-0.92%"
"06/23/2016","30.43","30.36","30.89","30.25","3.34M","1.26%"
"06/22/2016","30.05","30.07","30.23","29.91","3.59M","-0.03%"
"06/21/2016","30.06","30.46","30.59","30.01","4.07M","-1.05%"
"06/20/2016","30.38","30.64","30.95","30.34","4.23M","0.26%"
"06/17/2016","30.30","29.67","30.95","29.54","7.64M","2.12%"
"06/16/2016","29.67","29.18","29.84","28.94","6.01M","1.12%"
"06/15/2016","29.34","28.80","29.85","28.76","7.02M","0.58%"
"06/14/2016","29.17","29.29","29.64","28.80","6.14M","-0.58%"
"06/13/2016","29.34","29.40","29.75","29.24","5.93M","-0.34%"
"06/10/2016","29.44","29.62","29.66","28.88","6.61M","-2.19%"
"06/09/2016","30.10","31.33","31.34","30.04","6.13M","-4.20%"
"06/08/2016","31.42","31.78","31.80","31.36","3.35M","-0.54%"
"06/07/2016","31.59","31.45","31.79","31.20","4.84M","0.83%"
"06/06/2016","31.33","32.00","32.05","30.76","8.11M","-3.15%"
"06/03/2016","32.35","32.36","32.48","31.79","2.89M","-0.34%"
"06/02/2016","32.46","32.15","32.68","32.05","3.80M","0.74%"
"06/01/2016","32.22","32.17","32.50","32.02","3.72M","0.16%"
"05/31/2016","32.17","32.23","32.36","31.97","5.01M","0.44%"
"05/27/2016","32.03","31.93","32.31","31.88","4.52M","0.25%"
"05/26/2016","31.95","32.35","32.60","31.79","6.11M","-0.37%"
"05/25/2016","32.07","30.30","32.25","30.26","13.46M","4.98%"
"05/24/2016","30.55","31.27","31.74","30.05","30.03M","-7.42%"
"05/23/2016","33.00","32.56","33.22","32.36","9.78M","2.04%"
"05/20/2016","32.34","31.50","32.41","31.50","4.73M","2.57%"
"05/19/2016","31.53","30.80","31.56","30.77","4.94M","2.54%"
"05/18/2016","30.75","30.89","31.25","30.35","7.43M","-3.57%"
"05/17/2016","31.89","31.74","32.66","31.61","4.50M","0.54%"
"05/16/2016","31.72","30.93","31.99","30.92","3.89M","2.49%"
"05/13/2016","30.95","30.84","31.73","30.74","4.52M","-0.96%"
"05/12/2016","31.25","31.68","31.72","30.85","4.09M","-0.89%"
"05/11/2016","31.53","32.69","32.69","31.45","4.01M","-4.37%"
"05/10/2016","32.97","32.71","33.06","32.24","3.57M","0.95%"
"05/09/2016","32.66","32.02","32.74","31.92","3.31M","2.13%"
"05/06/2016","31.98","31.83","32.25","31.46","2.72M","1.17%"
"05/05/2016","31.61","31.34","31.70","30.97","3.48M","0.35%"
"05/04/2016","31.50","31.59","31.80","31.19","2.98M","-0.76%"
"05/03/2016","31.74","32.07","32.07","31.30","3.45M","-1.64%"
"05/02/2016","32.27","32.29","32.49","31.59","3.12M","0.59%"
"04/29/2016","32.08","32.59","32.71","31.87","2.90M","-1.75%"
"04/28/2016","32.65","33.19","33.43","32.57","2.50M","-2.48%"
"04/27/2016","33.48","32.32","33.66","32.20","4.88M","1.00%"
"04/26/2016","33.15","32.56","33.20","32.53","2.03M","2.09%"
"04/25/2016","32.47","32.98","33.06","32.37","3.21M","-2.26%"
"04/22/2016","33.22","32.87","33.38","32.85","2.05M","1.10%"
"04/21/2016","32.86","33.09","33.47","32.84","2.90M","-0.79%"
"04/20/2016","33.12","32.96","33.37","32.80","3.47M","0.67%"
"04/19/2016","32.90","32.75","33.13","32.67","2.66M","0.37%"
"04/18/2016","32.78","32.28","32.87","32.28","2.53M","1.17%"
"04/15/2016","32.40","32.35","32.73","32.24","3.87M","0.22%"
"04/14/2016","32.33","32.23","32.49","31.93","3.50M","0.53%"
"04/13/2016","32.16","30.96","32.20","30.96","5.15M","4.35%"
"04/12/2016","30.82","30.62","30.83","29.81","4.84M","0.92%"
"04/11/2016","30.54","30.10","30.84","30.10","3.56M","1.43%"
"04/08/2016","30.11","30.31","30.54","30.05","2.81M","-0.36%"
"04/07/2016","30.22","31.07","31.23","30.09","4.01M","-2.99%"
"04/06/2016","31.15","31.15","31.23","30.88","3.44M","-0.22%"
"04/05/2016","31.22","31.80","31.91","31.20","3.12M","-2.13%"
"04/04/2016","31.90","32.15","32.56","31.89","3.59M","-0.68%"
"04/01/2016","32.12","32.17","32.38","31.60","4.08M","-0.99%"
"03/31/2016","32.44","31.93","32.98","31.92","6.36M","2.76%"
"03/30/2016","31.57","31.65","32.03","31.40","3.08M","-0.41%"
"03/29/2016","31.70","31.72","31.76","31.18","4.11M","1.02%"
"03/28/2016","31.38","31.29","31.71","31.24","2.85M","0.29%"
"03/24/2016","31.29","31.44","31.66","31.00","3.01M","-0.41%"
"03/23/2016","31.42","32.00","32.00","31.39","2.55M","-1.13%"
"03/22/2016","31.78","32.25","32.30","31.51","3.85M","-1.33%"
"03/21/2016","32.21","32.36","32.58","32.05","3.34M","-0.95%"
"03/18/2016","32.52","32.35","32.56","32.16","7.62M","0.87%"
"03/17/2016","32.24","31.86","32.57","31.60","7.59M","0.62%"
"03/16/2016","32.04","31.78","32.17","31.63","5.59M","0.79%"
"03/15/2016","31.79","32.56","32.67","31.70","7.21M","-3.67%"
"03/14/2016","33.00","33.37","33.57","32.91","6.04M","-1.96%"
"03/11/2016","33.66","34.11","34.13","33.37","4.99M","-0.71%"
"03/10/2016","33.90","33.89","33.99","33.30","4.65M","0.65%"
"03/09/2016","33.68","33.88","33.98","33.38","3.66M","0.30%"
"03/08/2016","33.58","34.07","34.48","33.30","4.94M","-0.91%"
"03/07/2016","33.89","32.94","34.13","32.80","3.89M","2.32%"
"03/04/2016","33.12","32.91","33.51","32.73","4.13M","0.15%"
"03/03/2016","33.07","32.82","33.11","32.27","4.40M","1.29%"
"03/02/2016","32.65","32.62","32.79","32.00","4.23M","0.15%"
"03/01/2016","32.60","32.31","32.63","31.90","4.98M","2.03%"
"02/29/2016","31.95","32.06","32.39","31.64","4.33M","-0.19%"
"02/26/2016","32.01","31.69","32.22","30.96","6.97M","0.63%"
"02/25/2016","31.81","31.77","32.02","30.07","10.23M","2.45%"
"02/24/2016","31.05","29.86","31.17","28.99","8.07M","1.80%"
"02/23/2016","30.50","30.55","31.03","30.26","5.16M","0.59%"
"02/22/2016","30.32","29.64","30.78","29.63","5.46M","2.61%"
"02/19/2016","29.55","29.40","29.86","28.96","8.60M","-2.60%"
"02/18/2016","30.34","29.29","30.49","29.18","6.30M","2.33%"
"02/17/2016","29.65","29.40","29.92","29.29","5.14M","1.89%"
"02/16/2016","29.10","27.96","29.18","27.64","6.46M","4.90%"
"02/12/2016","27.74","26.04","27.81","25.75","6.54M","4.40%"
"02/11/2016","26.57","26.61","27.03","26.36","6.68M","-1.34%"
"02/10/2016","26.93","27.56","27.82","26.83","6.43M","-2.21%"
"02/09/2016","27.54","28.10","28.44","27.14","5.33M","-2.44%"
"02/08/2016","28.23","27.60","28.44","27.57","6.39M","1.47%"
"02/05/2016","27.82","27.90","28.27","27.40","4.41M","-0.57%"
"02/04/2016","27.98","27.45","28.15","27.13","4.90M","0.11%"
"02/03/2016","27.95","27.91","28.07","27.14","3.93M","0.07%"
"02/02/2016","27.93","28.05","28.25","27.54","4.02M","-0.92%"
"02/01/2016","28.19","27.47","28.31","27.29","4.63M","2.32%"
"01/29/2016","27.55","26.83","27.76","26.80","5.84M","3.53%"
"01/28/2016","26.61","26.97","27.19","26.54","5.50M","-1.08%"
"01/27/2016","26.90","27.58","28.05","26.83","5.80M","-2.75%"
"01/26/2016","27.66","26.77","27.75","26.66","4.16M","3.56%"
"01/25/2016","26.71","26.83","27.06","26.55","5.65M","-0.71%"
"01/22/2016","26.90","27.31","27.62","26.71","4.39M","-0.04%"
"01/21/2016","26.91","26.25","27.32","26.10","6.32M","2.83%"
"01/20/2016","26.17","25.35","26.54","25.08","7.80M","2.55%"
"01/19/2016","25.52","26.69","26.74","25.06","10.11M","-4.60%"
"01/15/2016","26.75","25.01","26.99","24.97","15.11M","2.61%"
"01/14/2016","26.07","26.72","26.87","25.27","20.10M","-9.70%"
"01/13/2016","28.87","29.74","29.91","28.70","6.17M","-2.86%"
"01/12/2016","29.72","29.21","29.92","28.99","4.75M","2.38%"
"01/11/2016","29.03","28.69","29.19","28.58","5.85M","1.65%"
"01/08/2016","28.56","29.34","29.38","28.25","7.06M","-4.23%"
"01/07/2016","29.82","29.16","30.26","28.98","5.96M","0.91%"
"01/06/2016","29.55","30.12","30.32","29.34","8.34M","-3.84%"
"01/05/2016","30.73","30.31","30.78","30.08","4.73M","1.62%"
"01/04/2016","30.24","29.44","30.66","29.36","6.34M","0.67%"