{"organizations": [], "uuid": "60eb96f4f5a8c342290e1a09ed1381ba0a9a86cf", "thread": {"social": {"gplus": {"shares": 0}, "pinterest": {"shares": 0}, "vk": {"shares": 0}, "linkedin": {"shares": 0}, "facebook": {"likes": 0, "shares": 0, "comments": 0}, "stumbledupon": {"shares": 0}}, "site_full": "news.rambler.ru", "main_image": "https://news.rambler.ru/share/snippets/34883133/ba4aecb9ae69e5eb5b1c0015cf983afd.png", "site_section": "http://news.rambler.ru/rss/Ukraine/head/", "section_title": "Главное — Рамблер/новости", "url": "https://news.rambler.ru/politics/34883133-smi-soobschili-o-pokushenii-na-kadyrova/", "country": "RU", "domain_rank": 289, "title": "СМИ сообщили о покушении на Кадырова", "performance_score": 0, "site": "rambler.ru", "participants_count": 1, "title_full": "СМИ сообщили о покушении на Кадырова", "spam_score": 0.0, "site_type": "news", "published": "2016-10-03T16:33:00.000+03:00", "replies_count": 0, "uuid": "60eb96f4f5a8c342290e1a09ed1381ba0a9a86cf"}, "author": "Рамблер/новости", "url": "https://news.rambler.ru/politics/34883133-smi-soobschili-o-pokushenii-na-kadyrova/", "ord_in_thread": 0, "title": "СМИ сообщили о покушении на Кадырова", "locations": [], "entities": {"persons": [], "locations": [], "organizations": []}, "highlightText": "", "language": "russian", "persons": [], "text": "Правоохранительное органы предотвратили покушение на главу Чечни Рамзана Кадырова , пишет «Новая газета» . Покушение предотвратили еще в начале лета. Однако информация тщательно скрывалась. По подозрению в заговоре арестовали молодых людей из тейпа Беной, к которому принадлежит Кадыров. В резиденции Кадырова была заложена взрывчатка, у самих заговорщиков изъяли целый арсенал серьезного новейшего оружия. Задержанные могли участвовать в \"самой масштабной за всю историю правления Рамзана Кадырова попытке\" покушении на него, отмечает издание. Предположительно, заговорщиков выдал двоюродный брат руководителя администрации главы региона Ислама Кадырова — Валид. По первой из версий, его номер силовики нашли на телефоне одного из террористов, погибших 9 мая на КПП-138 при въезде в Грозный. Согласно второй версии, Валид выкрал у своего двоюродного брата номер телефона Рамзана Кадырова и передал его Ямадаевым. По данным издания, у Кадырова возникли вопросы к главе его администрации. Газета также отмечает, что в мае этого года на публике Ислам Кадыров появился с гипсом на обеих руках.", "external_links": [], "published": "2016-10-03T16:33:00.000+03:00", "crawled": "2016-10-03T12:38:28.395+03:00", "highlightTitle": ""}