{"organizations": [], "uuid": "65c9f566119c1abb8231ceadce982066911902d4", "thread": {"social": {"gplus": {"shares": 0}, "pinterest": {"shares": 0}, "vk": {"shares": 0}, "linkedin": {"shares": 0}, "facebook": {"likes": 0, "shares": 0, "comments": 0}, "stumbledupon": {"shares": 0}}, "site_full": "www.championat.com", "main_image": "https://img.championat.com/news2/social/d/c3/2596900.jpg", "site_section": "http://www.championat.com/xml/rss.xml", "section_title": "Чемпионат.com  (новости)", "url": "https://www.championat.com/hockey/news-2596900-vudkroft-materuhin-igraet-fantasticheski-on-prevzoshjol-vse-moi-ozhidanija.html", "country": "RU", "domain_rank": 1710, "title": "Вудкрофт: Матерухин играет фантастически, он превзошёл все мои ожидания", "performance_score": 0, "site": "championat.com", "participants_count": 0, "title_full": "Вудкрофт: Матерухин играет фантастически, он превзошёл все мои ожидания", "spam_score": 0.0, "site_type": "news", "published": "2016-10-03T22:16:00.000+03:00", "replies_count": 0, "uuid": "65c9f566119c1abb8231ceadce982066911902d4"}, "author": "", "url": "https://www.championat.com/hockey/news-2596900-vudkroft-materuhin-igraet-fantasticheski-on-prevzoshjol-vse-moi-ozhidanija.html", "ord_in_thread": 0, "title": "Вудкрофт: Матерухин играет фантастически, он превзошёл все мои ожидания", "locations": [], "entities": {"persons": [], "locations": [], "organizations": []}, "highlightText": "", "language": "russian", "persons": [], "text": "Вудкрофт: Матерухин играет фантастически, он превзошёл все мои ожидания  16. Хоккей Главный тренер минского «Динамо» Крэйг Вудкрофт подвёл итоги выездной серии, в которой его команда одержала четыре победы, а также высоко оценил игру нападающего Александра Матерухина , который является лучшим бомбардиром и снайпером команды, имея в активе 11 (7+4) очков в 11 матчах. «Мы рады тому, как команда показала себя в этой выездной серии. Мы просили ребят быть конкурентоспособными в каждом матче, и нам это удалось. Результаты прошедшей недели позитивно сказались на нашей уверенности в своих силах. Каждый день наша цель – становиться лучше. Мы хотим совершенствоваться от матча к матчу. Конечно, есть небольшие моменты, которыми мы не совсем довольны в своей игре. Например, сегодня мы работали над несколькими компонентами, которые, как нам кажется, надо подтянуть. Так делают все команды-победители. Матерухин показывает фантастическую игру сейчас! Он превзошёл все мои ожидания. Я очень рад за него. Он много работает, чётко понимает то, какой игры ждёт от него тренерский штаб. И сейчас он приближается к званию одного из самых опасных снайперов лиги», — цитирует Вудкрофта пресс-служба клуба.", "external_links": [], "published": "2016-10-03T22:16:00.000+03:00", "crawled": "2016-10-03T17:26:02.746+03:00", "highlightTitle": ""}