{"organizations": [], "uuid": "0fb183e8a27cb46beb5280d2e1fc4ed19a37ff1c", "thread": {"social": {"gplus": {"shares": 0}, "pinterest": {"shares": 0}, "vk": {"shares": 0}, "linkedin": {"shares": 0}, "facebook": {"likes": 0, "shares": 0, "comments": 0}, "stumbledupon": {"shares": 0}}, "site_full": "www.aif.ru", "main_image": "http://images.aif.ru/010/131/5a60f4ca53cf79248d2472e44d7881a7.jpg", "site_section": "http://www.aif.ru/rss/all.php", "section_title": "Аргументы и Факты", "url": "http://www.aif.ru/sport/football/zenit_obygral_spartak_v_matche_devyatogo_tura_rfpl", "country": "RU", "domain_rank": 3127, "title": "«Зенит» обыграл «Спартак» в матче девятого тура РФПЛ", "performance_score": 0, "site": "aif.ru", "participants_count": 0, "title_full": "«Зенит» обыграл «Спартак» в матче девятого тура РФПЛ", "spam_score": 0.0, "site_type": "news", "published": "2016-10-03T00:04:00.000+03:00", "replies_count": 0, "uuid": "0fb183e8a27cb46beb5280d2e1fc4ed19a37ff1c"}, "author": "", "url": "http://www.aif.ru/sport/football/zenit_obygral_spartak_v_matche_devyatogo_tura_rfpl", "ord_in_thread": 0, "title": "«Зенит» обыграл «Спартак» в матче девятого тура РФПЛ", "locations": [], "entities": {"persons": [], "locations": [], "organizations": []}, "highlightText": "", "language": "russian", "persons": [], "text": "«Зенит» обыграл «Спартак» в матче девятого тура РФПЛ Петербургский клуб набрал 19 очков и сравнялся с лидирующим в турнирной таблице «Спартаком» Москва, 2 октября - АиФ-Москва. \nПетербургский «Зенит» обыграл московский «Спартак» в домашнем матче девятого тура РФПЛ со счетом 4:2. \nУ сине-бело-голубых отличились Доменико Кришито, Артем Дзюба, Аксель Витсель и Виктор Жулиано. За столичный клуб голы забили Сальваторе Боккетти и Зе Луиш. \nПо итогам встречи «Зенит» набрал 19 баллов и занимает вторую строчку турнирной таблицы. У «Спартака» такое же количество очков и первое место.", "external_links": [], "published": "2016-10-03T00:04:00.000+03:00", "crawled": "2016-10-02T19:12:19.191+03:00", "highlightTitle": ""}