{"organizations": [], "uuid": "6284490dc03d02621969f05f786878ec203323bc", "thread": {"social": {"gplus": {"shares": 0}, "pinterest": {"shares": 2}, "vk": {"shares": 0}, "linkedin": {"shares": 0}, "facebook": {"likes": 4, "shares": 4, "comments": 0}, "stumbledupon": {"shares": 0}}, "site_full": "fishki.net", "main_image": "http://cdn.fishki.net/upload/post/2016/10/02/2092264/tn/4ecf44ce873f070df8efb7215bd28589.jpg", "site_section": "http://fishki.net/rss/", "section_title": "Fishki.net - Сайт хорошего настроения", "url": "http://fishki.net/2092264-illjustrator-vdohnovivshis-floroj-i-faunoj-sozdala-neobychnyj-latinskij-alfavit.html", "country": "RU", "domain_rank": 1178, "title": "Иллюстратор, вдохновившись флорой и фауной, создала необычный латинский алфавит", "performance_score": 0, "site": "fishki.net", "participants_count": 0, "title_full": "Иллюстратор, вдохновившись флорой и фауной, создала необычный латинский алфавит", "spam_score": 0.0, "site_type": "news", "published": "2016-10-02T16:34:00.000+03:00", "replies_count": 0, "uuid": "6284490dc03d02621969f05f786878ec203323bc"}, "author": "", "url": "http://fishki.net/2092264-illjustrator-vdohnovivshis-floroj-i-faunoj-sozdala-neobychnyj-latinskij-alfavit.html", "ord_in_thread": 0, "title": "Иллюстратор, вдохновившись флорой и фауной, создала необычный латинский алфавит", "locations": [], "entities": {"persons": [], "locations": [], "organizations": []}, "highlightText": "", "language": "russian", "persons": [], "text": "2421 27 \nФранцузский иллюстратор Валери Гюго (Valerie Hugo), специализирующаяся на шелкографии (трафаретной печати) и настенной живописи, создала для своей персональной выставки в Slow Gallery необычный латинский алфавит, выполненный цветами и животными. От A до Z — весь алфавит оформлен как открытки-письма, каждую букву украшают цветы, морские животные, птицы и кошачьи. Источник: i2.wp.com \n«В своей студии я создаю картинки методом трафаретной печати, они сочетают в себе любовь к природе, шаманским мифам, а также японские мотивы. Этот недорогой алфавит позволяет каждому написать то, что его определяет. Буква, слово или мантра будут зависеть от того, кому адресуется открытка», — написала художница.", "external_links": [], "published": "2016-10-02T16:34:00.000+03:00", "crawled": "2016-10-02T20:35:11.455+03:00", "highlightTitle": ""}