{"organizations": [], "uuid": "eb69c7af581ec5defdef0bcdb1b127005b0330dc", "thread": {"social": {"gplus": {"shares": 0}, "pinterest": {"shares": 0}, "vk": {"shares": 0}, "linkedin": {"shares": 0}, "facebook": {"likes": 0, "shares": 0, "comments": 0}, "stumbledupon": {"shares": 0}}, "site_full": "www.championat.com", "main_image": "https://img.championat.com/news2/social/9/23/2595282.jpg", "site_section": "http://www.championat.com/xml/rss.xml", "section_title": "Чемпионат.com  (новости)", "url": "https://www.championat.com/football/news-2595282-gasanov-vratar-krylev-folil-na-mne-eto-byl-chistyj-penalti.html", "country": "RU", "domain_rank": 1710, "title": "Гасанов: вратарь «Крыльев» фолил на мне, это был чистый пенальти", "performance_score": 0, "site": "championat.com", "participants_count": 0, "title_full": "Гасанов: вратарь «Крыльев» фолил на мне, это был чистый пенальти", "spam_score": 0.0, "site_type": "news", "published": "2016-10-02T04:16:00.000+03:00", "replies_count": 0, "uuid": "eb69c7af581ec5defdef0bcdb1b127005b0330dc"}, "author": "", "url": "https://www.championat.com/football/news-2595282-gasanov-vratar-krylev-folil-na-mne-eto-byl-chistyj-penalti.html", "ord_in_thread": 0, "title": "Гасанов: вратарь «Крыльев» фолил на мне, это был чистый пенальти", "locations": [], "entities": {"persons": [], "locations": [], "organizations": []}, "highlightText": "", "language": "russian", "persons": [], "text": "Гасанов: вратарь «Крыльев» фолил на мне, это был чистый пенальти  16. Футбол Защитник «Анжи» Шамиль Гасанов прокомментировал поражение от «Крыльев Советов» (1:2) в 9-м туре РФПЛ. «Можно ли назвать ключевым эпизод, когда вратарь «Крыльев Советов» помешал мне забить после удара Будковского? Думаю, да. Мне кажется, там был пенальти – вратарь сфолил на мне. И если бы судья отреагировал на это, игра, наверное, сложилась бы по-другому. Нам бы, вероятно, удалось забить быстрый гол, и мы бы спокойно повели игру. Может, арбитр не увидел эпизод. Вратарь отбил удар Филиппа, я проткнул мяч дальше, мимо него, и он прыгнул мне в ноги. Не знаю, по мне – так это чистый пенальти. Нам с самого начала игра давалась как-то легко, и, может, мы успокоились. Первые минут 15 мы провели неплохо, но потом самарцы успокоили игру и, возможно, в эпизоде с первым забитым голом и в концовке первого тайма, когда забивался второй, действовали решительнее. Я бы не сказал, что «Крылья» сегодня наиграли на победу. Игра была более-менее равная. Кроме забитых двух голов у них, по сути, и моментов не было. Хотя и мы чего-то особенного не создали. Равный матч», — цитирует Гасанова пресс-служба «Анжи».", "external_links": [], "published": "2016-10-02T04:16:00.000+03:00", "crawled": "2016-10-01T23:22:55.243+03:00", "highlightTitle": ""}