{"organizations": [], "uuid": "1ad2d5139cbd5fa2c4b4095f0eb529130fcd6b51", "thread": {"social": {"gplus": {"shares": 0}, "pinterest": {"shares": 0}, "vk": {"shares": 0}, "linkedin": {"shares": 0}, "facebook": {"likes": 0, "shares": 0, "comments": 0}, "stumbledupon": {"shares": 0}}, "site_full": "answers.ea.com", "main_image": "", "site_section": "http://answers.ea.com//ea/rss/Community?interaction.style=forum", "section_title": "New product topics in Answer HQ", "url": "http://answers.ea.com/t5/Origin-Tehnicheskie-voprosy/Programma-S-windows-system32-MSVP120-dll-ne-prednaznachena-dlya/td-p/5594325", "country": "US", "domain_rank": 1289, "title": "Программа С:\\windows\\system32\\MSVP120.dll не предназначена для выполнения в wind", "performance_score": 0, "site": "ea.com", "participants_count": 1, "title_full": "Программа С:\\windows\\system32\\MSVP120.dll не предназначена для выполнения в wind", "spam_score": 0.0, "site_type": "news", "published": "2016-10-01T22:25:00.000+03:00", "replies_count": 0, "uuid": "1ad2d5139cbd5fa2c4b4095f0eb529130fcd6b51"}, "author": "mopsesyane", "url": "http://answers.ea.com/t5/Origin-Tehnicheskie-voprosy/Programma-S-windows-system32-MSVP120-dll-ne-prednaznachena-dlya/td-p/5594325", "ord_in_thread": 0, "title": "Программа С:\\windows\\system32\\MSVP120.dll не предназначена для выполнения в wind", "locations": [], "entities": {"persons": [], "locations": [], "organizations": []}, "highlightText": "", "language": "russian", "persons": [], "text": "дата ‎10-01-2016 07:25 AM \nДобрый день. после обновления вин10, приложение ориджн перестало запускаться и выдает следующую ошибку : \nПрограмма С:\\windows\\system32\\MSVP120.dll не предназначена для выполнения в windows или содержит ошибку. И т.д. \n\n\nСкачал и обновил - V isual C++ для Visual Studio 2013 с сайта Download Center компании Microsoft, но проблема осталась, подскажите, как быть, чем спасаться. Спасибо.", "external_links": [], "published": "2016-10-01T22:25:00.000+03:00", "crawled": "2016-10-01T17:31:39.178+03:00", "highlightTitle": ""}