{"organizations": [], "uuid": "7af019fc9a87a2ad9a78f7fe6e6922f3bea96b68", "thread": {"social": {"gplus": {"shares": 0}, "pinterest": {"shares": 0}, "vk": {"shares": 0}, "linkedin": {"shares": 0}, "facebook": {"likes": 1, "shares": 1, "comments": 0}, "stumbledupon": {"shares": 0}}, "site_full": "www.yaplakal.com", "main_image": "", "site_section": "http://www.yaplakal.com/news.xml", "section_title": "ЯПлакалъ - развлекательное сообщество", "url": "http://www.yaplakal.com/forum28/topic1462339.html", "country": "DE", "domain_rank": 1217, "title": "Российская компьютерная графика", "performance_score": 0, "site": "yaplakal.com", "participants_count": 1, "title_full": "Российская компьютерная графика", "spam_score": 0.0, "site_type": "news", "published": "2016-10-01T17:46:00.000+03:00", "replies_count": 0, "uuid": "7af019fc9a87a2ad9a78f7fe6e6922f3bea96b68"}, "author": "adm@yaplakal.com (sallem654)", "url": "http://www.yaplakal.com/forum28/topic1462339.html", "ord_in_thread": 0, "title": "Российская компьютерная графика", "locations": [], "entities": {"persons": [], "locations": [], "organizations": []}, "highlightText": "", "language": "russian", "persons": [], "text": "Круто! И это всё на Эльбрусах? [сарказм офф]Ну вот, шпалы полетели. И пошутить на ЯПе уже нельзя ))Однако, че тут такого крутого? Просто подстановки на хромакее и маркерах. Я понимаю, если бы там были какие-то сложные механизмы или монстры в мельчайшей детализации, в реальной динамике и высоком реализме - это да, снял бы шляпу. А тут подстановка статичных картинок на хромакей и вместо размаркированной палки ножик нарисовали... Сложность уровня ежедневного выпуска программы новостей. Это сообщение отредактировал Abrazina - 1.10.2016 - 13:13", "external_links": [], "published": "2016-10-01T17:46:00.000+03:00", "crawled": "2016-10-01T17:37:43.046+03:00", "highlightTitle": ""}