{"organizations": [], "uuid": "319f21f8c5fa10614d7f07e51c908a877c1559de", "thread": {"social": {"gplus": {"shares": 0}, "pinterest": {"shares": 0}, "vk": {"shares": 0}, "linkedin": {"shares": 0}, "facebook": {"likes": 2, "shares": 2, "comments": 0}, "stumbledupon": {"shares": 0}}, "site_full": "www.yaplakal.com", "main_image": "http://s00.yaplakal.com/pics/pics_original/5/0/3/8484305.jpg", "site_section": "http://www.yaplakal.com/news.xml", "section_title": "ЯПлакалъ - развлекательное сообщество", "url": "http://www.yaplakal.com/forum2/topic1461987.html", "country": "DE", "domain_rank": 1217, "title": "Как стать самогонщиком в современной России", "performance_score": 0, "site": "yaplakal.com", "participants_count": 1, "title_full": "Как стать самогонщиком в современной России", "spam_score": 0.0, "site_type": "news", "published": "2016-09-30T23:06:00.000+03:00", "replies_count": 0, "uuid": "319f21f8c5fa10614d7f07e51c908a877c1559de"}, "author": "adm@yaplakal.com (hurakan)", "url": "http://www.yaplakal.com/forum2/topic1461987.html", "ord_in_thread": 0, "title": "Как стать самогонщиком в современной России", "locations": [], "entities": {"persons": [], "locations": [], "organizations": []}, "highlightText": "", "language": "russian", "persons": [], "text": "Сообщений: 912 я тебя огорчу, новичка, но на данном дрындулете ты \"высочайшей крепости\" не получишь.винокурение целая наука. у тебя максимум 3 теоретические тарелки (погугли), это по формулам даст на выходе не более 54% на круг. второе. двойная перегонка не подрузомевает тупого перегона сразу. надо спирт-сырец (после первого перегона) подготовить ко второму. все делают по разному, химия там всякая или натуральные продукты. потом обязательно разбавить водой до 25-30 %, ну а потом уже опять гнать повторно. в общем, если хочешь качественно , пиши в личку, многому могу научить. как ставить брагу, гнать, на чем, как делать щепу, как настаивать. но, начало правильное (я через это прошел) , удачи.и еще: углевание , как раз, дает появление в напитке вонючих (водочных) альдегидов. клиническая полезность данного процесса под вопросом и не доказана. Это сообщение отредактировал JamSoot - 30.09.2016 - 19:15", "external_links": [], "published": "2016-09-30T23:06:00.000+03:00", "crawled": "2016-10-01T06:49:49.491+03:00", "highlightTitle": ""}