{"organizations": [], "uuid": "b2b9465760fd9f96615659446a5258b2b89a82a9", "thread": {"social": {"gplus": {"shares": 0}, "pinterest": {"shares": 0}, "vk": {"shares": 0}, "linkedin": {"shares": 0}, "facebook": {"likes": 0, "shares": 0, "comments": 0}, "stumbledupon": {"shares": 0}}, "site_full": "www.banki.ru", "main_image": "http://static4.banki.ru/ugc/ca/3a/3c/e2/15863_logo_fb.png?v=2", "site_section": "http://www.banki.ru/xml/news.rss", "section_title": "Banki.ru: лента новостей", "url": "http://www.banki.ru/news/lenta/?id=9259526", "country": "RU", "domain_rank": 2356, "title": "Медведев: в начале 2017 года экономика может пойти в рост", "performance_score": 0, "site": "banki.ru", "participants_count": 0, "title_full": "Медведев: в начале 2017 года экономика может пойти в рост", "spam_score": 0.0, "site_type": "news", "published": "2016-10-01T16:44:00.000+03:00", "replies_count": 0, "uuid": "b2b9465760fd9f96615659446a5258b2b89a82a9"}, "author": "", "url": "http://www.banki.ru/news/lenta/?id=9259526", "ord_in_thread": 0, "title": "Медведев: в начале 2017 года экономика может пойти в рост", "locations": [], "entities": {"persons": [], "locations": [], "organizations": []}, "highlightText": "", "language": "russian", "persons": [], "text": "  Макроэкономика • ​Медведев: в начале 2017 года экономика может пойти в рост Сюжеты: ​Медведев: в начале 2017 года экономика может пойти в рост 01.10.2016 11:44 329 \nПремьер-министр России Дмитрий Медведев заявил, что в начале следующего года российская экономика может выйти в рост. \n«Мы исходим из того, что в конце года эти негативные тренды, которые формировались в нашей экономике на протяжении последних 2—3 лет, они себя исчерпают. И благодаря мерам, которые правительство предпринимало, и благодаря общему оздоровлению ситуации. И уже в начале следующего года мы выйдем на относительно небольшие параметры экономического роста, то есть роста ВВП», — сказал Медведев в интервью Первому каналу. \n«Притом что другие макроэкономические условия у нас остаются очень неплохими — у нас низкий государственный долг, это очень важно для того, чтобы страна чувствовала себя комфортно, у нас значительные объемы золото-валютных резервов, сопоставимые с первой десяткой стран мира. У нас снизилась инфляция… то есть рост цен не такой, как был последние десятилетия. И может быть, по итогам этого года мы выйдем на самую низкую инфляцию за всю новейшую историю, что позволяет рассчитывать и на дальнейшее экономическое развитие», — отметил премьер.", "external_links": [], "published": "2016-10-01T16:44:00.000+03:00", "crawled": "2016-10-01T13:57:22.746+03:00", "highlightTitle": ""}