{"organizations": [], "uuid": "d819e293c20386eaee12a7959fa20942b409757a", "thread": {"social": {"gplus": {"shares": 0}, "pinterest": {"shares": 0}, "vk": {"shares": 0}, "linkedin": {"shares": 0}, "facebook": {"likes": 0, "shares": 0, "comments": 0}, "stumbledupon": {"shares": 0}}, "site_full": "www.zakon.kz", "main_image": "https://static.zakon.kz/uploads/posts/2016-10/2016100316103873344_pic_acd30022abefb1dc5b4e041f84b10393.jpg", "site_section": "http://pravo.zakon.kz/rss.xml", "section_title": "Казахстанский информационный портал zakon.kz", "url": "http://www.zakon.kz/4820821-lindsi-lokhan-otorvalo-chast-palca-vo.html", "country": "KZ", "domain_rank": 5135, "title": "Линдси Лохан оторвало часть пальца во время отдыха в Турции", "performance_score": 0, "site": "zakon.kz", "participants_count": 0, "title_full": "Линдси Лохан оторвало часть пальца во время отдыха в Турции", "spam_score": 0.0, "site_type": "news", "published": "2016-10-03T18:12:00.000+03:00", "replies_count": 0, "uuid": "d819e293c20386eaee12a7959fa20942b409757a"}, "author": "", "url": "http://www.zakon.kz/4820821-lindsi-lokhan-otorvalo-chast-palca-vo.html", "ord_in_thread": 0, "title": "Линдси Лохан оторвало часть пальца во время отдыха в Турции", "locations": [], "entities": {"persons": [], "locations": [], "organizations": []}, "highlightText": "", "language": "russian", "persons": [], "text": ". Сообщить об ошибке Комментарий: Введите код из 3 сим-волов, отображенных черным цветом. Язык кода - русский. обновить код", "external_links": [], "published": "2016-10-03T18:12:00.000+03:00", "crawled": "2016-10-03T13:24:44.559+03:00", "highlightTitle": ""}