{"organizations": [], "uuid": "efd4a9866815c12ffa6cf71653d8ad16d0003ee9", "thread": {"social": {"gplus": {"shares": 0}, "pinterest": {"shares": 0}, "vk": {"shares": 0}, "linkedin": {"shares": 0}, "facebook": {"likes": 0, "shares": 0, "comments": 0}, "stumbledupon": {"shares": 0}}, "site_full": "www.championat.com", "main_image": "https://img.championat.com/news2/social/5/2f/2594968.jpg", "site_section": "http://www.championat.com/xml/rss.xml", "section_title": "Чемпионат.com  (новости)", "url": "https://www.championat.com/football/news-2594968-nastavnik-molodjozhki-spartaka-zenit-polnostju-pereigral-nas.html", "country": "RU", "domain_rank": 1710, "title": "Наставник «молодёжки» «Спартака»: «Зенит» полностью переиграл нас", "performance_score": 0, "site": "championat.com", "participants_count": 0, "title_full": "Наставник «молодёжки» «Спартака»: «Зенит» полностью переиграл нас", "spam_score": 0.0, "site_type": "news", "published": "2016-10-01T22:17:00.000+03:00", "replies_count": 0, "uuid": "efd4a9866815c12ffa6cf71653d8ad16d0003ee9"}, "author": "", "url": "https://www.championat.com/football/news-2594968-nastavnik-molodjozhki-spartaka-zenit-polnostju-pereigral-nas.html", "ord_in_thread": 0, "title": "Наставник «молодёжки» «Спартака»: «Зенит» полностью переиграл нас", "locations": [], "entities": {"persons": [], "locations": [], "organizations": []}, "highlightText": "", "language": "russian", "persons": [], "text": "Наставник «молодёжки» «Спартака»: «Зенит» полностью переиграл нас  17. Футбол Главный тренер молодёжной команды «Спартака» Дмитрий Гунько прокомментировал гостевое поражение со счётом 0:3 в матче молодёжного чемпионата России с «Зенитом». «Питерцы полностью переиграли нас. Соперники забили быстрый гол, и это повлияло на ход матча. После первого пропущенного мяча наши ребята уже не смогли собраться. Команда оказалась неготовой к такой плотной и интенсивной игре. Но мы изначально вышли без должного настроя. А это недопустимо, тем более в таких важных встречах», — цитирует Гунько официальный сайт «Спартака».", "external_links": [], "published": "2016-10-01T22:17:00.000+03:00", "crawled": "2016-10-01T17:21:41.255+03:00", "highlightTitle": ""}