{"organizations": [], "uuid": "f4fac49b992c6235e7e2f7cf9db967b3823774c3", "thread": {"social": {"gplus": {"shares": 0}, "pinterest": {"shares": 0}, "vk": {"shares": 0}, "linkedin": {"shares": 0}, "facebook": {"likes": 0, "shares": 0, "comments": 0}, "stumbledupon": {"shares": 0}}, "site_full": "news.mail.ru", "main_image": "https://news.mail.ru/social_preview/27315709/?time=633a83b3ccad789900eaec954c97f1b3", "site_section": "http://news.mail.ru//rss/", "section_title": "Новости Mail.Ru", "url": "https://news.mail.ru/economics/27315709/", "country": "RU", "domain_rank": 27, "title": "Жителям екатеринбургского ВИЗа снова отключат отопление и воду", "performance_score": 0, "site": "mail.ru", "participants_count": 0, "title_full": "Жителям екатеринбургского ВИЗа снова отключат отопление и воду", "spam_score": 0.0, "site_type": "news", "published": "2016-10-03T14:14:00.000+03:00", "replies_count": 0, "uuid": "f4fac49b992c6235e7e2f7cf9db967b3823774c3"}, "author": "", "url": "https://news.mail.ru/economics/27315709/", "ord_in_thread": 0, "title": "Жителям екатеринбургского ВИЗа снова отключат отопление и воду", "locations": [], "entities": {"persons": [], "locations": [], "organizations": []}, "highlightText": "", "language": "russian", "persons": [], "text": "<!-- rb: 6032?_SITEZONE=3 --><!-- /rb: 6032?_SITEZONE=3 --> <!-- rb: 6030?_SITEZONE=3 --><!-- /rb: 6030?_SITEZONE=3 --> <!-- rb: 6029?_SITEZONE=3 --><!-- /rb: 6029?_SITEZONE=3   09:14 (мск) , источник: ИА УралИнформБюро Жителям екатеринбургского ВИЗа снова отключат отопление и воду \nИз-за", "external_links": [], "published": "2016-10-03T14:14:00.000+03:00", "crawled": "2016-10-03T09:30:30.427+03:00", "highlightTitle": ""}