{"organizations": [], "uuid": "2213c4f6b77e52b987d2152c4e99fbe141645bde", "thread": {"social": {"gplus": {"shares": 0}, "pinterest": {"shares": 0}, "vk": {"shares": 0}, "linkedin": {"shares": 0}, "facebook": {"likes": 0, "shares": 0, "comments": 0}, "stumbledupon": {"shares": 0}}, "site_full": "www.championat.com", "main_image": "https://img.championat.com/news2/social/8/2b/2594464.jpg", "site_section": "http://www.championat.com/xml/rss.xml", "section_title": "Чемпионат.com  (новости)", "url": "https://www.championat.com/auto/news-2594464-formula-1-gran-pri-malajzii-onlajn-transljacija-subbotnej-trenirovki.html", "country": "RU", "domain_rank": 1710, "title": "Формула-1. Гран-при Малайзии. Онлайн-трансляция субботней тренировки", "performance_score": 0, "site": "championat.com", "participants_count": 0, "title_full": "Формула-1. Гран-при Малайзии. Онлайн-трансляция субботней тренировки", "spam_score": 0.0, "site_type": "news", "published": "2016-10-01T11:10:00.000+03:00", "replies_count": 0, "uuid": "2213c4f6b77e52b987d2152c4e99fbe141645bde"}, "author": "", "url": "https://www.championat.com/auto/news-2594464-formula-1-gran-pri-malajzii-onlajn-transljacija-subbotnej-trenirovki.html", "ord_in_thread": 0, "title": "Формула-1. Гран-при Малайзии. Онлайн-трансляция субботней тренировки", "locations": [], "entities": {"persons": [], "locations": [], "organizations": []}, "highlightText": "", "language": "russian", "persons": [], "text": "Формула-1. Гран-при Малайзии. Онлайн-трансляция субботней тренировки  10. Авто В субботу, 1 октября, в 9:00 по московскому времени на автодроме «Сепанг» стартует третья часть свободных заездов в рамках Гран-при Малайзии Формулы-1 — 16-го этапа сезона-2016. «Чемпионат» проведёт текстовую онлайн-трансляцию субботней тренировки, следить за ходом которой вы сможете, пройдя по нижеприведённой ссылке.", "external_links": [], "published": "2016-10-01T11:10:00.000+03:00", "crawled": "2016-10-01T06:21:35.524+03:00", "highlightTitle": ""}