{"organizations": [], "uuid": "9f2ee90d794a82c804c2311fec1088b3bcac8181", "thread": {"social": {"gplus": {"shares": 0}, "pinterest": {"shares": 0}, "vk": {"shares": 0}, "linkedin": {"shares": 0}, "facebook": {"likes": 0, "shares": 0, "comments": 0}, "stumbledupon": {"shares": 0}}, "site_full": "news.mail.ru", "main_image": "https://news.mail.ru/social_preview/27309526/?time=6fe85e1a9e1ed01c36aeb182f59bc907", "site_section": "http://news.mail.ru//rss/", "section_title": "Новости Mail.Ru", "url": "https://news.mail.ru/incident/27309526/", "country": "RU", "domain_rank": 27, "title": "Иномарка провалилась в асфальт на перекрёстке в центре Миасса", "performance_score": 0, "site": "mail.ru", "participants_count": 0, "title_full": "Иномарка провалилась в асфальт на перекрёстке в центре Миасса", "spam_score": 0.0, "site_type": "news", "published": "2016-10-02T18:36:00.000+03:00", "replies_count": 0, "uuid": "9f2ee90d794a82c804c2311fec1088b3bcac8181"}, "author": "", "url": "https://news.mail.ru/incident/27309526/", "ord_in_thread": 0, "title": "Иномарка провалилась в асфальт на перекрёстке в центре Миасса", "locations": [], "entities": {"persons": [], "locations": [], "organizations": []}, "highlightText": "", "language": "russian", "persons": [], "text": "<!-- rb: 6032?_SITEZONE=4 --><!-- /rb: 6032?_SITEZONE=4 --> <!-- rb: 6030?_SITEZONE=4 --><!-- /rb: 6030?_SITEZONE=4 --> <!-- rb: 6029?_SITEZONE=4 --><!-- /rb: 6029?_SITEZONE=4   13:36 (мск) , источник: АиФ Челябинск Иномарка провалилась в асфальт на перекрёстке в центре Миасса \nПотребовалась тяжёлая техника, чтобы вытащить машину из ямы.", "external_links": [], "published": "2016-10-02T18:36:00.000+03:00", "crawled": "2016-10-02T14:01:40.990+03:00", "highlightTitle": ""}