{"organizations": [], "uuid": "1ce4034a73346436ef57e061aa68128d2aa91772", "thread": {"social": {"gplus": {"shares": 2}, "pinterest": {"shares": 0}, "vk": {"shares": 0}, "linkedin": {"shares": 0}, "facebook": {"likes": 22, "shares": 22, "comments": 0}, "stumbledupon": {"shares": 0}}, "site_full": "russian.rt.com", "main_image": "https://rus.rt.com/russian/images/2016.10/article/57efd130c36188c4108b46a5.jpg", "site_section": "http://russian.rt.com/rss/", "section_title": "RT на русском", "url": "https://russian.rt.com/videoclub/323850-posetiteli-stenda-rt-na-investicionnom-forume-oprobovali", "country": "US", "domain_rank": 538, "title": "Посетители стенда RT на сочинском инвестфоруме опробовали очки виртуальной реальности", "performance_score": 0, "site": "rt.com", "participants_count": 1, "title_full": "Посетители стенда RT на сочинском инвестфоруме опробовали очки виртуальной реальности", "spam_score": 0.0, "site_type": "news", "published": "2016-10-01T23:14:00.000+03:00", "replies_count": 0, "uuid": "1ce4034a73346436ef57e061aa68128d2aa91772"}, "author": "RT на русском", "url": "https://russian.rt.com/videoclub/323850-posetiteli-stenda-rt-na-investicionnom-forume-oprobovali", "ord_in_thread": 0, "title": "Посетители стенда RT на сочинском инвестфоруме опробовали очки виртуальной реальности", "locations": [], "entities": {"persons": [], "locations": [], "organizations": []}, "highlightText": "", "language": "russian", "persons": [], "text": "Короткая ссылка Посетителям стенда RT на международном инвестиционном форуме в Сочи представилась возможность опробовать очки виртуальной реальности. В полной мере оценить видео в формате 360 смогли глава ВТБ Андрей Костин, глава Ингушетии Юнус-Бек Евкуров, министр сельского хозяйства России Александр Ткачев, генеральный директор АО «Российский экспортный центр» Пётр Фрадков и многие другие. 1 октября 2016, 18:14 Подписывайтесь на наш Telegram , чтобы быть в курсе самых важных новостей. Для этого достаточно иметь Telegram на любом устройстве, пройти по ссылке и нажать кнопку Join.", "external_links": [], "published": "2016-10-01T23:14:00.000+03:00", "crawled": "2016-10-01T18:29:43.814+03:00", "highlightTitle": ""}