{"organizations": [], "uuid": "cc5022909141a2deee492ea0dc7a88c5c54885a2", "thread": {"social": {"gplus": {"shares": 0}, "pinterest": {"shares": 0}, "vk": {"shares": 0}, "linkedin": {"shares": 0}, "facebook": {"likes": 0, "shares": 0, "comments": 0}, "stumbledupon": {"shares": 0}}, "site_full": "regnum.ru", "main_image": "//regnum.ru/assets/img/default/no-pic-1.png", "site_section": "https://regnum.ru/rss/news", "section_title": "Новости России, СНГ и мира - ИА REGNUM", "url": "https://regnum.ru/news/polit/2187905.html", "country": "RU", "domain_rank": 3772, "title": "На праймериз в Луганске и Донецке победили действующие мэры", "performance_score": 0, "site": "regnum.ru", "participants_count": 1, "title_full": "На праймериз в Луганске и Донецке победили действующие мэры", "spam_score": 0.0, "site_type": "news", "published": "2016-10-03T22:21:00.000+03:00", "replies_count": 0, "uuid": "cc5022909141a2deee492ea0dc7a88c5c54885a2"}, "author": "ИА REGNUM", "url": "https://regnum.ru/news/polit/2187905.html", "ord_in_thread": 0, "title": "На праймериз в Луганске и Донецке победили действующие мэры", "locations": [], "entities": {"persons": [], "locations": [], "organizations": []}, "highlightText": "", "language": "russian", "persons": [], "text": "Донецк  21 — REGNUM \nНа праймериз в Луганске (Луганщина, под контролем ЛНР) большинство голосов набрал действующий мэр города Манолис Пилавов. Об этом 3 октября на пресс-конференции заявил председатель Временной избирательной комиссии (ВрИК) ЛНР Сергей Козьяков, передает ИА REGNUM . \nПо его словам, Пилавов набрал 86,1% голосов. Вторым по результатам предварительного голосования стал Вячеслав Светлов — 5,3% голосов, на третьем Александр Ермоленко — 4,1%. \nРанее ВрИК ЛНР проинформировал, что явка избирателей в Луганске составила более 61 тыс. человек. В республике действовало 80 избирательных участков в 54 округах Луганска, Александровска и поселка Юбилейный. \nКак сообщало ИА REGNUM , 3 октября председатель ВрИК ДНР Андрей Коржевский заявил, что в городском праймериз приняли участие более 370 тысяч избирателей. По его словам, во всех 514 округах победили представители общественных движений «Донецкая Республика» и «Свободный Донбасс». При этом Коржевский отметил, что в Донецке на должность мэра города победу на праймериз одержал действующий градоначальник Игорь Мартынов, который набрал 83,2% голосов избирателей. Если Вы заметите ошибку в тексте, выделите её и нажмите Ctrl+Enter, чтобы отослать информацию редактору.", "external_links": [], "published": "2016-10-03T22:21:00.000+03:00", "crawled": "2016-10-03T17:32:53.853+03:00", "highlightTitle": ""}