{"organizations": [], "uuid": "2b36ac3529b525d469b5e74475c7bf43723deec6", "thread": {"social": {"gplus": {"shares": 0}, "pinterest": {"shares": 0}, "vk": {"shares": 0}, "linkedin": {"shares": 0}, "facebook": {"likes": 0, "shares": 0, "comments": 0}, "stumbledupon": {"shares": 0}}, "site_full": "www.mk.ru", "main_image": "http://www.mk.ru/media/img/mk.ru/mkru_og.jpg", "site_section": "http://mk.ru/rss/news/index.xml", "section_title": "Новостная лента - Московский Комсомолец", "url": "http://www.mk.ru/sport/2016/10/03/poymannyy-na-upotreblenii-kokaina-bokser-fyuri-zayavil-o-zavershenii-karery.html", "country": "RU", "domain_rank": 3246, "title": "Пойманный на употреблении кокаина боксер Фьюри заявил о завершении карьеры", "performance_score": 0, "site": "mk.ru", "participants_count": 0, "title_full": "Пойманный на употреблении кокаина боксер Фьюри заявил о завершении карьеры", "spam_score": 0.0, "site_type": "news", "published": "2016-10-03T20:19:00.000+03:00", "replies_count": 0, "uuid": "2b36ac3529b525d469b5e74475c7bf43723deec6"}, "author": "", "url": "http://www.mk.ru/sport/2016/10/03/poymannyy-na-upotreblenii-kokaina-bokser-fyuri-zayavil-o-zavershenii-karery.html", "ord_in_thread": 0, "title": "Пойманный на употреблении кокаина боксер Фьюри заявил о завершении карьеры", "locations": [], "entities": {"persons": [], "locations": [], "organizations": []}, "highlightText": "", "language": "russian", "persons": [], "text": "Пойманный на употреблении кокаина боксер Фьюри заявил о завершении карьеры Сегодня в 15:19, просмотров: 197 \nБританский боксер-тяжеловес Тайсон Фьюри объявил, что завершает карьеру. \nРанее он дважды откладывал бой с украинским боксером Виталием Кличко. А позже выяснилось, что в его допинг-пробе от 22 сентября выявлены следы кокаина. \nЧемпион мира IBO, WBO И WBA может лишиться всех своих титулов. Контакты \n© ЗАО \"Редакция газеты \"Московский Комсомолец\" Электронное периодическое издание «MK.ru» \nЗарегистрировано Федеральной службой по надзору в сфере связи, информационных технологий и массовых коммуникаций (Роскомнадзор). Свидетельство Эл № ФС77-45245 Редакция - ЗАО \"Редакция газеты \"Московский Комсомолец\". Адрес редакции: 125993, г. Москва, ул. 1905 года, д. 7, стр. 1. Телефон: +7(495)609-44-44, +7(495)609-44-33 Реклама третьих сторон \nВсе права на материалы, опубликованные на сайте www.mk.ru, принадлежат редакции и охраняются в соответствии с законодательством РФ. \nИспользование материалов, опубликованных на сайте www.mk.ru допускается только с письменного разрешения правообладателя и с обязательной прямой гиперссылкой на страницу, с которой материал заимствован. Гиперссылка должна размещаться непосредственно в тексте, воспроизводящем оригинальный материал mk.ru, до или после цитируемого блока.", "external_links": [], "published": "2016-10-03T20:19:00.000+03:00", "crawled": "2016-10-03T15:32:44.803+03:00", "highlightTitle": ""}