{"organizations": [], "uuid": "4f0609c05a9f5526df052debbae1de828415b8e2", "thread": {"social": {"gplus": {"shares": 0}, "pinterest": {"shares": 0}, "vk": {"shares": 0}, "linkedin": {"shares": 0}, "facebook": {"likes": 0, "shares": 0, "comments": 0}, "stumbledupon": {"shares": 0}}, "site_full": "limon.postimees.ee", "main_image": "http://f3.pmo.ee/f/2016/10/03/5914141t100hcf1a.jpg", "site_section": "http://rus.postimees.ee/rss", "section_title": "Новости Эстонии - Postimees", "url": "http://limon.postimees.ee/3858529/set-porazili-foto-beremennoj-50-letnej-dzhanet-dzhekson-pevicu-prosto-ne-uznat", "country": "EE", "domain_rank": 3976, "title": "Сеть поразили фото беременной 50-летней Джанет Джексон: певицу просто не узнать!", "performance_score": 0, "site": "postimees.ee", "participants_count": 1, "title_full": "Сеть поразили фото беременной 50-летней Джанет Джексон: певицу просто не узнать!", "spam_score": 0.0, "site_type": "news", "published": "2016-10-03T17:35:00.000+03:00", "replies_count": 0, "uuid": "4f0609c05a9f5526df052debbae1de828415b8e2"}, "author": "Limon.ee", "url": "http://limon.postimees.ee/3858529/set-porazili-foto-beremennoj-50-letnej-dzhanet-dzhekson-pevicu-prosto-ne-uznat", "ord_in_thread": 0, "title": "Сеть поразили фото беременной 50-летней Джанет Джексон: певицу просто не узнать!", "locations": [], "entities": {"persons": [], "locations": [], "organizations": []}, "highlightText": "", "language": "russian", "persons": [], "text": "Сеть поразили фото беременной 50-летней Джанет Джексон: певицу просто не узнать! 3. Октябрь 2016 12:35 / : \nПрошлой весной она шокировала всех новостью о том, что накануне своего 50-летия ждет ребенка. Тогда Джанет Джексон, певица и сестра умершего поп-короля, объявила, что прекращает гастроли ради расширения семьи, передает Soulpost . \nС тех пор об артистке не было ничего слышно. Ходили слухи, что из-за возраста врачи предписали ей постельный режим. Другие говорили, что ребенка Джанет вынашивает суррогатная мать. \nНо вот, спустя почти полгода, папарацци удалось запечатлеть певицу в Лондоне. \nДжанет заметно поправилась и по подсчётам находится на 7-8 месяце беременности. \nПевица посещала детский магазин, который ради нее закрыли для других посетителей примерно на час.", "external_links": [], "published": "2016-10-03T17:35:00.000+03:00", "crawled": "2016-10-03T13:09:51.125+03:00", "highlightTitle": ""}