{"organizations": [], "uuid": "031dc2cb46fea119592f81a6553f20098323539b", "thread": {"social": {"gplus": {"shares": 0}, "pinterest": {"shares": 0}, "vk": {"shares": 0}, "linkedin": {"shares": 0}, "facebook": {"likes": 0, "shares": 0, "comments": 0}, "stumbledupon": {"shares": 0}}, "site_full": "news.rambler.ru", "main_image": "https://news.rambler.ru/share/snippets/34847742/51a52842bddd446fccce83fb2941a099.png", "site_section": "http://news.rambler.ru/rss/asia/", "section_title": "Азия — Рамблер/новости", "url": "https://news.rambler.ru/formula1/34847742-gran-pri-malayzii-poul-u-hemiltona/", "country": "RU", "domain_rank": 289, "title": "Гран При Малайзии: Поул у Хэмилтона", "performance_score": 0, "site": "rambler.ru", "participants_count": 1, "title_full": "Гран При Малайзии: Поул у Хэмилтона", "spam_score": 0.0, "site_type": "news", "published": "2016-10-01T18:31:00.000+03:00", "replies_count": 0, "uuid": "031dc2cb46fea119592f81a6553f20098323539b"}, "author": "F1News.ru", "url": "https://news.rambler.ru/formula1/34847742-gran-pri-malayzii-poul-u-hemiltona/", "ord_in_thread": 0, "title": "Гран При Малайзии: Поул у Хэмилтона", "locations": [], "entities": {"persons": [], "locations": [], "organizations": []}, "highlightText": "", "language": "russian", "persons": [], "text": "Фото: F1News.ru За последние десять лет пять раз в Сепанге побеждал обладатель поула — квалификация на малайзийской трассе не имеет ключевого значения, но лучшая стартовая позиция позволяет снизить риск инцидентов и лучше контролировать ситуацию. Три года подряд квалификация в Сепанге была дождевой, а в последние два года и закончилась одинаково: Хэмилтон — Феттель — Росберг. В 2016-м этап перенесли на осень, на тренировках и в квалификации обошлось без осадков, на трассе уложили новый асфальт с отличным сцеплением — и гонщики поехали на несколько секунд быстрее, чем прежде. Росберг возглавил протокол первой тренировки, а Хэмилтон — второй и третьей. Это неполный текст новости", "external_links": [], "published": "2016-10-01T18:31:00.000+03:00", "crawled": "2016-10-01T19:22:50.828+03:00", "highlightTitle": ""}