{"organizations": [], "uuid": "f5fd727b51844fb7503affb2255ae31f83c82989", "thread": {"social": {"gplus": {"shares": 4}, "pinterest": {"shares": 0}, "vk": {"shares": 0}, "linkedin": {"shares": 0}, "facebook": {"likes": 6, "shares": 6, "comments": 0}, "stumbledupon": {"shares": 0}}, "site_full": "www.interfax.ru", "main_image": "http://www.interfax.ru/aspimg/530960.png", "site_section": "http://www.interfax.ru//rss.asp", "section_title": "Интерфакс", "url": "http://www.interfax.ru/russia/530960", "country": "RU", "domain_rank": 4701, "title": "В МИД РФ напомнили США о невозможности вводить удобные для них санкции", "performance_score": 0, "site": "interfax.ru", "participants_count": 0, "title_full": "В МИД РФ напомнили США о невозможности вводить удобные для них санкции", "spam_score": 0.0, "site_type": "news", "published": "2016-10-03T23:49:00.000+03:00", "replies_count": 0, "uuid": "f5fd727b51844fb7503affb2255ae31f83c82989"}, "author": "", "url": "http://www.interfax.ru/russia/530960", "ord_in_thread": 0, "title": "В МИД РФ напомнили США о невозможности вводить удобные для них санкции", "locations": [], "entities": {"persons": [], "locations": [], "organizations": []}, "highlightText": "", "language": "russian", "persons": [], "text": "В России 03 октября 2016   \nсоглашения с США об утилизации избытков оружейного плутония. Ранее в \"Росатоме\" заявляли, что РФ исполнила свои обязательства в рамках программы, США же этого не сделали. , США 3 октября 17:27 3 октября 16:45", "external_links": [], "published": "2016-10-03T23:49:00.000+03:00", "crawled": "2016-10-03T19:07:35.527+03:00", "highlightTitle": ""}