{"organizations": [], "uuid": "8d77bb3f0dc2f66a4125046228762c64b0aceb73", "thread": {"social": {"gplus": {"shares": 0}, "pinterest": {"shares": 0}, "vk": {"shares": 0}, "linkedin": {"shares": 0}, "facebook": {"likes": 0, "shares": 0, "comments": 0}, "stumbledupon": {"shares": 0}}, "site_full": "www.sports.ru", "main_image": "https://s5o.ru/common/images/i/logo/300x300_sports.png", "site_section": "http://www.sports.ru/rss/all_news.xml", "section_title": "Новости - Футбол, хоккей, баскетбол, теннис, бокс, Формула-1 – все новости спорта на Sports.ru", "url": "http://www.sports.ru/football/1044487266.html", "country": "RU", "domain_rank": 2139, "title": "Месси приступил к индивидуальным тренировочным занятиям", "performance_score": 0, "site": "sports.ru", "participants_count": 0, "title_full": "Месси приступил к индивидуальным тренировочным занятиям", "spam_score": 0.0, "site_type": "news", "published": "2016-10-04T00:15:00.000+03:00", "replies_count": 0, "uuid": "8d77bb3f0dc2f66a4125046228762c64b0aceb73"}, "author": "", "url": "http://www.sports.ru/football/1044487266.html", "ord_in_thread": 0, "title": "Месси приступил к индивидуальным тренировочным занятиям", "locations": [], "entities": {"persons": [], "locations": [], "organizations": []}, "highlightText": "", "language": "russian", "persons": [], "text": "Новость добавлена пользователем. Что это значит? \nРедакция собирает новости из сотен источников, но при всем желании не может охватить все уголки спортивного мира. Поэтому мы дали возможность каждому пользователю участвовать в коллективном сборе и переводе информации. Добавляйте новости, которых не хватает на сайте, и оценивайте их качество плюсами и минусами. \nНовости, одобренные другими пользователями или перенесенные в редакционную ленту, попадают в мобильные приложения и повышают рейтинг их автора на сайте", "external_links": [], "published": "2016-10-04T00:15:00.000+03:00", "crawled": "2016-10-03T19:30:04.181+03:00", "highlightTitle": ""}