{"organizations": [], "uuid": "54245e67b98896a82d4f93542a3107b9061972b8", "thread": {"social": {"gplus": {"shares": 0}, "pinterest": {"shares": 0}, "vk": {"shares": 0}, "linkedin": {"shares": 0}, "facebook": {"likes": 0, "shares": 0, "comments": 0}, "stumbledupon": {"shares": 0}}, "site_full": "rus.delfi.ee", "main_image": "", "site_section": "", "section_title": "", "url": "http://rus.delfi.ee/press/mk_estonia/chitatelnica-govoryat-podorozhaet-elektrichestvo-kak-sekonomit?id=75789043&com=1", "country": "EE", "domain_rank": 5049, "title": "Комментарии - Читательница: говорят, подорожает электричество. Как сэкономить? - Delfi", "performance_score": 0, "site": "delfi.ee", "participants_count": 0, "title_full": "Комментарии - Читательница: говорят, подорожает электричество. Как сэкономить? - Delfi", "spam_score": 0.031, "site_type": "news", "published": "2016-10-03T21:00:00.000+03:00", "replies_count": 0, "uuid": "54245e67b98896a82d4f93542a3107b9061972b8"}, "author": "", "url": "http://rus.delfi.ee/press/mk_estonia/chitatelnica-govoryat-podorozhaet-elektrichestvo-kak-sekonomit?id=75789043&com=1", "ord_in_thread": 0, "title": "Комментарии - Читательница: говорят, подорожает электричество. Как сэкономить? - Delfi", "locations": [], "entities": {"persons": [], "locations": [], "organizations": []}, "highlightText": "", "language": "russian", "persons": [], "text": "Читательница: говорят, подорожает электричество. Как сэкономить? Внимание! Комментарии пишут читатели. Комментарии не редактируются. Содержание комментариев может не совпадать с мнением редакции. DELFI не отвечает за содержание комментариев читателей и просит читателей, пишущих комментарии, соблюдать нормы морали, не разжигать национальную и расовую рознь и обходиться без грубости. В случае игнорирования просьбы DELFI оставляет за собой право лишить пользователя возможности оставлять комментарии. ", "external_links": [], "published": "2016-10-03T21:00:00.000+03:00", "crawled": "2016-10-03T13:14:12.845+03:00", "highlightTitle": ""}