{"organizations": [], "uuid": "012dc72eba944f954d27282583dfbe73a374d9e6", "thread": {"social": {"gplus": {"shares": 0}, "pinterest": {"shares": 0}, "vk": {"shares": 0}, "linkedin": {"shares": 0}, "facebook": {"likes": 0, "shares": 0, "comments": 0}, "stumbledupon": {"shares": 0}}, "site_full": "news.meta.ua", "main_image": "http://picsnews.meta.ua/90x90/423/88/42388872-V-Lisichanske-avtomobil-vrezalsia-v-elektrooporu-est-postradavshie.jpeg", "site_section": "http://news.meta.ua/rss/", "section_title": "МЕТА Новости", "url": "http://news.meta.ua/go.php?to=2016-10-50881929", "country": "UA", "domain_rank": 7703, "title": "Общество: В Лисичанске автомобиль врезался в электроопору: есть пострадавшие", "performance_score": 0, "site": "meta.ua", "participants_count": 1, "title_full": "Общество: В Лисичанске автомобиль врезался в электроопору: есть пострадавшие", "spam_score": 0.0, "site_type": "news", "published": "2016-10-01T13:23:00.000+03:00", "replies_count": 0, "uuid": "012dc72eba944f954d27282583dfbe73a374d9e6"}, "author": "Общество", "url": "http://news.meta.ua/go.php?to=2016-10-50881929", "ord_in_thread": 0, "title": "Общество: В Лисичанске автомобиль врезался в электроопору: есть пострадавшие", "locations": [], "entities": {"persons": [], "locations": [], "organizations": []}, "highlightText": "", "language": "russian", "persons": [], "text": "Водитель на автомобиле ВАЗ-2108 врезался в электроопору. Chaspik >> сегодня, 08:23 \nСегодня под утро, 1 октября 2016 года, в Лисичанске на улице Красная произошла авария. Водитель на автомобиле ВАЗ-2108 врезался в электроопору.Около 5.30 утра на месте происшествия работали сотрудники патрульной полиции г. Севродонецка, Лисичанска, Рубежного, а также двух машин \"скорой помощи\". Полицейский, к которому обратился журналист \"Час Пик\" не сообщил подробности ДТП, и добавил, что информацию можно получить только через 10 дней по письменному запросу (что, кстати, не соотвествует Закону \"О публичной информации\", но мы уже привыкли к безграмотности новой полиции).Когда журналист находился на месте аварии водителя за рулем уже не было, а медработники доставали из машины женщину - пострадавшего пассажира. Основной удар пришелся как раз на правую сторону \"восьмерки\". Следы столкновения есть на металлической электроопоре, а на дороге - тормозной путь (машину после удара развернуло).Видимо, двигаясь по ул. Красной в центр Лисичанска, водитель не справился с управлением на сужающемся участке дороге (перед въездом на мост). Кстати, в этом месте нет дорожной разметки, несмотря на то, что деньги из бюджета на эти работы были выделены еще в июне этого года. Также в августе на сессии Лисичанского горсовета депутаты выделили деньги на дорожные знаки, которые также пока в городе не устанавливаются.", "external_links": [], "published": "2016-10-01T13:23:00.000+03:00", "crawled": "2016-10-01T08:40:53.291+03:00", "highlightTitle": ""}