{"organizations": [], "uuid": "41cbb1b98270ca441712a2ec638f4ef39401b09f", "thread": {"social": {"gplus": {"shares": 0}, "pinterest": {"shares": 0}, "vk": {"shares": 0}, "linkedin": {"shares": 0}, "facebook": {"likes": 0, "shares": 0, "comments": 0}, "stumbledupon": {"shares": 0}}, "site_full": "www.championat.com", "main_image": "https://img.championat.com/news2/social/6/4d/2595908.jpg", "site_section": "http://www.championat.com/xml/rss.xml", "section_title": "Чемпионат.com  (новости)", "url": "https://www.championat.com/football/news-2595908-gazizov-davajte-ne-budem-sozdavat-azhiotazh-vokrug-lunjova.html", "country": "RU", "domain_rank": 1710, "title": "Газизов: давайте не будем создавать ажиотаж вокруг Лунёва", "performance_score": 0, "site": "championat.com", "participants_count": 0, "title_full": "Газизов: давайте не будем создавать ажиотаж вокруг Лунёва", "spam_score": 0.0, "site_type": "news", "published": "2016-10-02T22:28:00.000+03:00", "replies_count": 0, "uuid": "41cbb1b98270ca441712a2ec638f4ef39401b09f"}, "author": "", "url": "https://www.championat.com/football/news-2595908-gazizov-davajte-ne-budem-sozdavat-azhiotazh-vokrug-lunjova.html", "ord_in_thread": 0, "title": "Газизов: давайте не будем создавать ажиотаж вокруг Лунёва", "locations": [], "entities": {"persons": [], "locations": [], "organizations": []}, "highlightText": "", "language": "russian", "persons": [], "text": "Газизов: давайте не будем создавать ажиотаж вокруг Лунёва  28. Футбол Генеральный директор «Уфы» Шамиль Газизов заявил, что голкипер команды Андрей Лунёв демонстрирует неплохую игру, но создавать ажиотаж вокруг него пока преждевременно. В воскресенье «Уфа» и «Амкар» сыграли вничью 1:1 в матче девятого тура РФПЛ. В этом противостоянии Лунёв пропустил первый гол за последние четыре матча первенства. «Вокруг Лунёва давайте не будем создавать ажиотаж. Он только-только начал играть в РФПЛ. У него большой спортивный путь впереди. Наверное, в сборной будут на него смотреть. Для вызова ещё нужно время, но он пока показывает качественную игру», — цитирует Газизова «Р-Спорт».", "external_links": [], "published": "2016-10-02T22:28:00.000+03:00", "crawled": "2016-10-02T17:32:38.998+03:00", "highlightTitle": ""}