{"organizations": [], "uuid": "24e30c26a6b839d3e344a144bc201f9aa8269621", "thread": {"social": {"gplus": {"shares": 0}, "pinterest": {"shares": 0}, "vk": {"shares": 0}, "linkedin": {"shares": 0}, "facebook": {"likes": 0, "shares": 0, "comments": 0}, "stumbledupon": {"shares": 0}}, "site_full": "www.segodnya.ua", "main_image": "http://sport.segodnya.ua/img/article/7565/93_main.jpg", "site_section": "http://www.segodnya.ua/xml/rss/specials.html", "section_title": "СЕГОДНЯ | Самые актуальные новости, мнения, комментарии", "url": "http://www.segodnya.ua/others/darya-domracheva-i-ole-eynar-borndalen-stali-roditelyami-756593.html", "country": "UA", "domain_rank": 5884, "title": "Дарья Домрачева и Оле-Эйнар Бьорндален стали родителями", "performance_score": 0, "site": "segodnya.ua", "participants_count": 0, "title_full": "Дарья Домрачева и Оле-Эйнар Бьорндален стали родителями", "spam_score": 0.0, "site_type": "news", "published": "2016-10-01T18:33:00.000+03:00", "replies_count": 0, "uuid": "24e30c26a6b839d3e344a144bc201f9aa8269621"}, "author": "", "url": "http://www.segodnya.ua/others/darya-domracheva-i-ole-eynar-borndalen-stali-roditelyami-756593.html", "ord_in_thread": 0, "title": "Дарья Домрачева и Оле-Эйнар Бьорндален стали родителями", "locations": [], "entities": {"persons": [], "locations": [], "organizations": []}, "highlightText": "", "language": "russian", "persons": [], "text": "× E-mail: Дарья Домрачева и Оле-Эйнар Бьорндален стали родителями http://www.segodnya.ua/img/article/7565/93_main.jpg http://www.segodnya.ua/img/article/7565/93_tn.jpg 2016-10-01T13:33:51+03:00 Другие У знаменитых биатлонистов родилась дочь Домрачева и Бьорндален. Фото Инстаграм Дарья Домрачева и Оле-Эйнар Бьорндален стали родителями У знаменитых биатлонистов родилась дочь Трехкратная олимпийская чемпионка Игр 2014 года в Сочи по биатлону белоруска Дарья Домрачева родила дочь. Отцом ребенка стал самый титулованный спортсмен в истории зимних Олимпиад, обладатель восьми золотых наград Игр норвежец Оле-Эйнар Бьорндален. В апреле 2016 года 42-летний Бьорндален объявил, что они с Домрачевой ждут ребенка. 16 июля спортсмены сыграли свадьбу. <> Если вы нашли ошибку в тексте, выделите её мышью и нажмите Ctrl+Enter Опрос Написать модератору Уважаемые читатели! Если вы не согласны с удалением вашего комментария на Сегодня.ua или возмущены некорректными записями других пользователей, пожалуйста, сообщите, о каком комментарии идет речь, кем и под какой статьей он был оставлен, а также аргументируйте свою позицию.Сообщения, где не указаны эти данные, рассмотрены не будут. Сообщение: Мобильная версия Планшетная версия Эксклюзив RSS В закладки Поиск \nИспользование материалов и новостей Сегодня разрешается при условии ссылки на Сегодня.ua. Для новостных и интернет-изданий обязательной является прямая, открытая для поисковых систем, гиперссылка в первом абзаце на цитируемую статью или новость. Материалы, отмеченные знаками \"реклама\", \"PR\", \"Финансовый вопрос\", \"Новости компаний\", \"Официально\", \"Новости регионов\", \"Актуально\", \"Точка зрения\" публикуются на правах рекламы. Все материалы, которые размещены на сайте Сегодня.ua со ссылкой на агентства \"Интерфакс-Украина\" или \"Украинские новости\", не подлежат дальнейшему воспроизведению и/или распространению в любой форме, кроме как по письменному разрешению агентств \"Интерфакс-Украина\" или \"Украинские новости\"", "external_links": [], "published": "2016-10-01T18:33:00.000+03:00", "crawled": "2016-10-01T13:43:29.391+03:00", "highlightTitle": ""}