{"organizations": [], "uuid": "5f4af3afbda1a308216adb7c4830f9f4092da541", "thread": {"social": {"gplus": {"shares": 0}, "pinterest": {"shares": 0}, "vk": {"shares": 0}, "linkedin": {"shares": 0}, "facebook": {"likes": 1, "shares": 1, "comments": 0}, "stumbledupon": {"shares": 0}}, "site_full": "telegraf.com.ua", "main_image": "http://telegraf.com.ua/files/2016/10/0001-4e892730-56bee1bd-7125-87a6904f2-567x309.jpg", "site_section": "http://telegraf.com.ua/yandex-feed/", "section_title": "ТЕЛЕГРАФ - последние новости Украины и мира", "url": "http://telegraf.com.ua/ukraina/politika/2872190-klimkin-primet-uchastie-v-dne-ukrainskih-reform-v-sovete-evropyi.html", "country": "UA", "domain_rank": 1750, "title": "Климкин примет участие в Дне украинских реформ в Совете Европы", "performance_score": 0, "site": "telegraf.com.ua", "participants_count": 0, "title_full": "Климкин примет участие в Дне украинских реформ в Совете Европы", "spam_score": 0.0, "site_type": "news", "published": "2016-10-03T14:19:00.000+03:00", "replies_count": 0, "uuid": "5f4af3afbda1a308216adb7c4830f9f4092da541"}, "author": "", "url": "http://telegraf.com.ua/ukraina/politika/2872190-klimkin-primet-uchastie-v-dne-ukrainskih-reform-v-sovete-evropyi.html", "ord_in_thread": 0, "title": "Климкин примет участие в Дне украинских реформ в Совете Европы", "locations": [], "entities": {"persons": [], "locations": [], "organizations": []}, "highlightText": "", "language": "russian", "persons": [], "text": "Фото: ukrafoto.com Министр иностранных дел Павел Климкин в Стамбуле примет участие в проведении Дня украинских реформ в Совете Европы. \nМинистр иностранных дел Павел Климкин отправится в г. Стамбул, чтобы поучаствовать в проведении Дня украинских реформ в Совете Европы, сообщает пресс-служба МИД. \nЦель мероприятия – презентация достижений Украины в реализации реформ, которые поддерживает Совет Европы в рамках своего Плана действий для Украины на период 2015-2017 годов. \n\"План действий охватывает такие реформы как создание и укрепление антикоррупционных механизмов, судебная реформа, реализация национальной стратегии по защите прав человека, реформы полиции и пенитенциарной системы и создание общественного телевидения. Во время заседаний будут обсуждены как уже имеющиеся результаты реформ, так и дальнейшие приоритеты взаимодействия Украины с Советом Европы в этих сферах\", - сказано в сообщении. \nКроме этого, П. Климкин встретится с Комиссаром Совета Европы по правам человека Нилсом Мужниексом. \nУчастие в Дне украинских реформ в Совете Европы примут также министр юстиции Павел Петренко, директор Национального антикоррупционного бюро Артем Сытник, заместитель генерального прокурора Евгений Енин, председатель Высшей квалификационной комиссии судей Сергей Козьяков и другие высокие должностные лица и представители украинских общественных организаций.", "external_links": [], "published": "2016-10-03T14:19:00.000+03:00", "crawled": "2016-10-03T09:28:56.781+03:00", "highlightTitle": ""}