{"organizations": [], "uuid": "14194fa5053086fdd499539489b50875eb9acc55", "thread": {"social": {"gplus": {"shares": 0}, "pinterest": {"shares": 0}, "vk": {"shares": 0}, "linkedin": {"shares": 0}, "facebook": {"likes": 210, "shares": 210, "comments": 0}, "stumbledupon": {"shares": 0}}, "site_full": "news.mail.ru", "main_image": "https://news.mail.ru/social_preview/27309209/?time=e38e9e3dc0df876f1557b7021e844b7f", "site_section": "http://news.mail.ru//rss/", "section_title": "Новости Mail.Ru", "url": "https://news.mail.ru/society/27309209/", "country": "RU", "domain_rank": 27, "title": "Назван самый некоррумпированный регион Казахстана", "performance_score": 2, "site": "mail.ru", "participants_count": 0, "title_full": "Назван самый некоррумпированный регион Казахстана", "spam_score": 0.0, "site_type": "news", "published": "2016-10-02T17:37:00.000+03:00", "replies_count": 0, "uuid": "14194fa5053086fdd499539489b50875eb9acc55"}, "author": "", "url": "https://news.mail.ru/society/27309209/", "ord_in_thread": 0, "title": "Назван самый некоррумпированный регион Казахстана", "locations": [], "entities": {"persons": [], "locations": [], "organizations": []}, "highlightText": "", "language": "russian", "persons": [], "text": "<!-- rb: 6032?_SITEZONE=11 --><!-- /rb: 6032?_SITEZONE=11 --> <!-- rb: 6030?_SITEZONE=11 --><!-- /rb: 6030?_SITEZONE=11 --> <!-- rb: 6029?_SITEZONE=11 --><!-- /rb: 6029?_SITEZONE=11  37 (мск) , источник: Informburo.kz Назван самый некоррумпированный регион Казахстана \nИнформацию озвучил заместитель председателя Агентства РК по делам государственной службы и противодействию коррупции Алик Шпекбаев.", "external_links": [], "published": "2016-10-02T17:37:00.000+03:00", "crawled": "2016-10-02T12:52:30.110+03:00", "highlightTitle": ""}