{"organizations": [], "uuid": "71f3776aebb8d4ca902c5f13a813f4f562808763", "thread": {"social": {"gplus": {"shares": 5}, "pinterest": {"shares": 0}, "vk": {"shares": 0}, "linkedin": {"shares": 0}, "facebook": {"likes": 118, "shares": 118, "comments": 0}, "stumbledupon": {"shares": 0}}, "site_full": "russian.rt.com", "main_image": "https://russian.rt.com/static/blocks/og-img/pl-16.jpg", "site_section": "http://russian.rt.com/rss/", "section_title": "RT на русском", "url": "https://russian.rt.com/article/323845-shvarcenegger-otkupilsya-selfi-ot-myunhenskoi-policii", "country": "US", "domain_rank": 538, "title": "Шварценеггер откупился селфи от мюнхенской полиции", "performance_score": 1, "site": "rt.com", "participants_count": 1, "title_full": "Шварценеггер откупился селфи от мюнхенской полиции", "spam_score": 0.0, "site_type": "news", "published": "2016-10-01T22:40:00.000+03:00", "replies_count": 0, "uuid": "71f3776aebb8d4ca902c5f13a813f4f562808763"}, "author": "RT на русском", "url": "https://russian.rt.com/article/323845-shvarcenegger-otkupilsya-selfi-ot-myunhenskoi-policii", "ord_in_thread": 0, "title": "Шварценеггер откупился селфи от мюнхенской полиции", "locations": [], "entities": {"persons": [], "locations": [], "organizations": []}, "highlightText": "", "language": "russian", "persons": [], "text": "Короткая ссылка 1 октября 2016, 17:40 Американский актёр и экс-губернатор Калифорнии Арнольд Шварценеггер был задержан полицией Мюнхена за езду на велосипеде по Главному железнодорожному вокзалу. \nШварценеггер объяснил, что передвигался по платформе на велосипеде, так как испытывает проблемы во время ходьбы, сообщает AP . Police stop Schwarzenegger riding bike in Munich station https://t.co/JTEew8K8t0 — Mexico no Avanza (@MexicoNoAvanza) October 1, 2016 \nТакже актёр извинился и предложил стражу порядка сфотографироваться вместе. \nКак отметили в полиции, «после короткого разговора с офицером «терминатор» покинул Главный вокзал через северный вход». Велосипед он толкал рядом с собой. Подписывайтесь на наш Telegram , чтобы быть в курсе самых важных новостей. Для этого достаточно иметь Telegram на любом устройстве, пройти по ссылке и нажать кнопку Join.", "external_links": [], "published": "2016-10-01T22:40:00.000+03:00", "crawled": "2016-10-01T18:29:50.237+03:00", "highlightTitle": ""}