{"organizations": [], "uuid": "930d6e7556f473e0784ac67500a5e7bf59c262a3", "thread": {"social": {"gplus": {"shares": 0}, "pinterest": {"shares": 0}, "vk": {"shares": 0}, "linkedin": {"shares": 0}, "facebook": {"likes": 13, "shares": 13, "comments": 0}, "stumbledupon": {"shares": 0}}, "site_full": "news.mail.ru", "main_image": "https://news.mail.ru/social_preview/27302568/?time=c457de2973b0c0c1dad6877e24819160", "site_section": "http://news.mail.ru//rss/main/", "section_title": "Новости Mail.Ru: Главные новости", "url": "https://news.mail.ru/incident/27302568/", "country": "RU", "domain_rank": 27, "title": "Ураган \"Мэтью\" достиг высшей категории опасности", "performance_score": 0, "site": "mail.ru", "participants_count": 0, "title_full": "Ураган \"Мэтью\" достиг высшей категории опасности", "spam_score": 0.0, "site_type": "news", "published": "2016-10-01T11:53:00.000+03:00", "replies_count": 0, "uuid": "930d6e7556f473e0784ac67500a5e7bf59c262a3"}, "author": "", "url": "https://news.mail.ru/incident/27302568/", "ord_in_thread": 0, "title": "Ураган \"Мэтью\" достиг высшей категории опасности", "locations": [], "entities": {"persons": [], "locations": [], "organizations": []}, "highlightText": "", "language": "russian", "persons": [], "text": "<!-- rb: 6032?_SITEZONE=4 --><!-- /rb: 6032?_SITEZONE=4 --> <!-- rb: 6030?_SITEZONE=4 --><!-- /rb: 6030?_SITEZONE=4 --> <!-- rb: 6029?_SITEZONE=4 --><!-- /rb: 6029?_SITEZONE=4   06:52 (мск) , источник: РИА Новости Ураган «Мэтью» в Карибском море достиг высшей категории опасности \nМЕХИКО, 1 окт — РИА Новости. Ураган «Мэтью» в Карибском море в пятницу вечером достиг высшей, пятой категории опасности, сообщил национальный центр по наблюдению за ураганами США.", "external_links": [], "published": "2016-10-01T11:53:00.000+03:00", "crawled": "2016-10-01T07:53:06.875+03:00", "highlightTitle": ""}