{"organizations": [], "uuid": "acc509d3e06bf2aacb51a8126f687bcae0540678", "thread": {"social": {"gplus": {"shares": 0}, "pinterest": {"shares": 0}, "vk": {"shares": 0}, "linkedin": {"shares": 0}, "facebook": {"likes": 0, "shares": 0, "comments": 0}, "stumbledupon": {"shares": 0}}, "site_full": "news.sportbox.ru", "main_image": "http://s.cdn.sportbox.ru/images/shares/1200x600/node/ec/673383.jpg", "site_section": "http://news.sportbox.ru/taxonomy/term/7212/0/feed", "section_title": "Sportbox.ru - Главные новости", "url": "http://news.sportbox.ru/Vidy_sporta/Avtosport/Formula_1/spbnews_NI673383_Ferstappen_vklinilsa_mezhdu_Mersedesami_Kvat__17_j", "country": "RU", "domain_rank": 2784, "title": "Ферстаппен вклинился между «Мерседесами», Квят уступил партнеру по команде", "performance_score": 0, "site": "sportbox.ru", "participants_count": 0, "title_full": "Ферстаппен вклинился между «Мерседесами», Квят уступил партнеру по команде", "spam_score": 0.0, "site_type": "news", "published": "2016-10-01T15:07:00.000+03:00", "replies_count": 0, "uuid": "acc509d3e06bf2aacb51a8126f687bcae0540678"}, "author": "", "url": "http://news.sportbox.ru/Vidy_sporta/Avtosport/Formula_1/spbnews_NI673383_Ferstappen_vklinilsa_mezhdu_Mersedesami_Kvat__17_j", "ord_in_thread": 0, "title": "Ферстаппен вклинился между «Мерседесами», Квят уступил партнеру по команде", "locations": [], "entities": {"persons": [], "locations": [], "organizations": []}, "highlightText": "", "language": "russian", "persons": [], "text": "Ферстаппен вклинился между «Мерседесами», Квят уступил партнеру по команде 01 октября 2016 10:07 Даниил Квят / Фото: © Getty Images \nБританский пилот «Мерседеса» Льюис Хэмилтон показал лучший результат в третьей практике на «Гран-при Малайзии».", "external_links": [], "published": "2016-10-01T15:07:00.000+03:00", "crawled": "2016-10-01T10:18:17.072+03:00", "highlightTitle": ""}