{"organizations": [], "uuid": "81d2927f9a0fe96dd9ce133ba9cc07249d383d28", "thread": {"social": {"gplus": {"shares": 0}, "pinterest": {"shares": 0}, "vk": {"shares": 0}, "linkedin": {"shares": 0}, "facebook": {"likes": 0, "shares": 0, "comments": 0}, "stumbledupon": {"shares": 0}}, "site_full": "news.rambler.ru", "main_image": "https://news.rambler.ru/share/snippets/34889838/264e1f060531e89c16ad1c3d628ca199.png", "site_section": "http://news.rambler.ru/rss/Russia/sport/", "section_title": "Спорт — Рамблер/новости", "url": "https://news.rambler.ru/sport/34889838-wada-i-interpol-zapustili-antidopingovyy-proekt/", "country": "RU", "domain_rank": 289, "title": "WADA и Интерпол запустили антидопинговый проект", "performance_score": 0, "site": "rambler.ru", "participants_count": 1, "title_full": "WADA и Интерпол запустили антидопинговый проект", "spam_score": 0.0, "site_type": "news", "published": "2016-10-04T00:55:00.000+03:00", "replies_count": 0, "uuid": "81d2927f9a0fe96dd9ce133ba9cc07249d383d28"}, "author": "РИА Новости", "url": "https://news.rambler.ru/sport/34889838-wada-i-interpol-zapustili-antidopingovyy-proekt/", "ord_in_thread": 0, "title": "WADA и Интерпол запустили антидопинговый проект", "locations": [], "entities": {"persons": [], "locations": [], "organizations": []}, "highlightText": "", "language": "russian", "persons": [], "text": "Фото: EPA Всемирное антидопинговое агентство (WADA), Интерпол и Университет Лозанны запустили проект \"Энергия\" для борьбы с торговлей допингом с помощью криминального анализа, сообщается на сайте WADA. Проект будет сосредоточен на борьбе с торговлей веществами, используемыми исключительно с целью улучшения физической формы и спортивных результатов – стероидами, гормонами роста, пептидами и эритропоэтином. Участие в проекте является добровольным. В его рамках будет собираться информация о спросе и предложении на запрещенные вещества в странах-участниках проекта. Страны, запросившие участие в проекте, получат доступ к выводам и анализу по данной информации. WADA и Интерпол сотрудничают в борьбе с допингом с 2009 года.", "external_links": [], "published": "2016-10-04T00:55:00.000+03:00", "crawled": "2016-10-03T20:40:11.447+03:00", "highlightTitle": ""}