{"organizations": [], "uuid": "4a94f831eace2e3615dac99f68b2869b06a8c4f0", "thread": {"social": {"gplus": {"shares": 0}, "pinterest": {"shares": 0}, "vk": {"shares": 0}, "linkedin": {"shares": 0}, "facebook": {"likes": 0, "shares": 0, "comments": 0}, "stumbledupon": {"shares": 0}}, "site_full": "nn.mk.ru", "main_image": "http://nn.mk.ru/media/img/mk.ru/mkru_og.jpg", "site_section": "http://www.mk.ru/rss/news/index.xml", "section_title": "Новостная лента - Московский Комсомолец", "url": "http://nn.mk.ru/articles/2016/10/03/ledovye-perepravy-podgotovyat-v-regione-do-28-noyabrya.html", "country": "RU", "domain_rank": 3246, "title": "Ледовые переправы подготовят в регионе до 28 ноября", "performance_score": 0, "site": "mk.ru", "participants_count": 0, "title_full": "Ледовые переправы подготовят в регионе до 28 ноября", "spam_score": 0.0, "site_type": "news", "published": "2016-10-03T16:09:00.000+03:00", "replies_count": 0, "uuid": "4a94f831eace2e3615dac99f68b2869b06a8c4f0"}, "author": "", "url": "http://nn.mk.ru/articles/2016/10/03/ledovye-perepravy-podgotovyat-v-regione-do-28-noyabrya.html", "ord_in_thread": 0, "title": "Ледовые переправы подготовят в регионе до 28 ноября", "locations": [], "entities": {"persons": [], "locations": [], "organizations": []}, "highlightText": "", "language": "russian", "persons": [], "text": "Ледовые переправы подготовят в регионе до 28 ноября Сегодня в 11:09, просмотров: 14 \nЛедовые переправы подготовят в регионе до 28 ноября 2016 года. Об этом сообщает пресс-служба губернатора и правительства Нижегородской области. \nДанное распоряжение подписал губернатор Валерий Шанцев. Муниципалитетам рекомендовано организовать вместе с эксплуатирующими организациями проверки мест, где запланированы ледовые переправы. \nВ местах несанкционированного образования ледовых переправ выставят запрещающие знаки. Следить за мероприятиями по обеспечению безопасности на водных объектах в осенне-зимний период будет ГУ министерства Российской Федерации по делам гражданской oбороны, ЧС и ликвидации последствий стихийных бедствий по региону. \nСетевое издание «МК в Нижнем Новгороде» nn.mk.ru \nЗарегистрировано Федеральной службой по надзору в сфере связи, информационных технологий и массовых коммуникаций (Роскомнадзор). \nСвидетельство о регистрации СМИ ЭЛ № ФС 77 - 57533 \nУчредитель СМИ – ЗАО «Редакция газеты «Московский Комсомолец» \nРедакция СМИ - ООО \"Р и М\" \nАдрес редакции: 603006, г. Нижний Новгород. ул. Максима Горького, д. \n117, оф. 402 \nТелефон +7 (831) 2 022 598 \ne-mail: mk@stnmedia.ru \nВсе права на материалы, опубликованные на сайте nn.mk.ru, принадлежат редакции и охраняются в соответствии с законодательством РФ. \nИспользование материалов, опубликованных на сайте nn.mk.ru допускается только с письменного разрешения правообладателя и с обязательной прямой гиперссылкой на страницу, с которой материал заимствован. Гиперссылка должна размещаться непосредственно в тексте, воспроизводящем оригинальный материал mk.ru, до или после цитируемого блока.", "external_links": [], "published": "2016-10-03T16:09:00.000+03:00", "crawled": "2016-10-03T11:18:57.007+03:00", "highlightTitle": ""}