{"organizations": [], "uuid": "92e68ff798835ef9d379462a5f86b2c2702c2cbb", "thread": {"social": {"gplus": {"shares": 0}, "pinterest": {"shares": 0}, "vk": {"shares": 0}, "linkedin": {"shares": 0}, "facebook": {"likes": 0, "shares": 0, "comments": 0}, "stumbledupon": {"shares": 0}}, "site_full": "limon.postimees.ee", "main_image": "http://f2.pmo.ee/f/2014/02/06/2799892t100h5182.jpg", "site_section": "http://rus.postimees.ee/rss", "section_title": "Новости Эстонии - Postimees", "url": "http://limon.postimees.ee/3857421/figuristka-tatjana-volosozhar-prodemonstrirovala-beremennyj-zhivotik", "country": "EE", "domain_rank": 3976, "title": "Фигуристка Татьяна Волосожар продемонстрировала беременный животик", "performance_score": 0, "site": "postimees.ee", "participants_count": 1, "title_full": "Фигуристка Татьяна Волосожар продемонстрировала беременный животик", "spam_score": 0.0, "site_type": "news", "published": "2016-10-01T21:30:00.000+03:00", "replies_count": 0, "uuid": "92e68ff798835ef9d379462a5f86b2c2702c2cbb"}, "author": "Limon.ee", "url": "http://limon.postimees.ee/3857421/figuristka-tatjana-volosozhar-prodemonstrirovala-beremennyj-zhivotik", "ord_in_thread": 0, "title": "Фигуристка Татьяна Волосожар продемонстрировала беременный животик", "locations": [], "entities": {"persons": [], "locations": [], "organizations": []}, "highlightText": "", "language": "russian", "persons": [], "text": "Фигуристка Татьяна Волосожар продемонстрировала беременный животик 1. Октябрь 2016 16:30 / : \nО том, что супружеская пара прославленных фигуристов Татьяна Волосожар и Максим Траньков, готовятся впервые стать родителями, стало известно пару недель назад, передает СтарХит . \nПравда тогда Татьяна и Максим новость о предстоящем пополнении в семье никак не комментировали. И вот накануне олимпийская чемпионка решила, что пришло время раскрыть тайну и сообщить поклонникам радостную весть из первых уст. Татьяна Волосожар опубликовала в микроблоге фото, на котором отчетливо видны ее изменившиеся формы. К тому же спортсменка сделала снимок во время шопинга, находясь в магазине, где продается модные вещи для будущих мам. \n«Сегодня знакомилась с миром беременной моды. Друзья, это так мило, столько красивых нарядов!», - подписала фото Татьяна Волосожар, сопроводив пост хештегами «Скоро мама», «Бебичка моя радость». \nПоклонники фигуристки тут же принялись поздравлять ее с грядущим прекрасным и волнительным событием. Многие отметили, что беременность невероятно идет Татьяне Волосожар, наполнив ее глаза восхитительным светом и блеском. \n«Таня, какая же вы красивая! Здоровья вам и малышу! Поздравляю от души!», «Женщина всегда прекрасна, когда ждет малыша», «Танечка, здоровья вам и будущему малышу! Наслаждайтесь этим прекраснейшим временем!», «Как это мило, здоровья вам и малышу», «Счастья вам, Танюша, Максиму и тому или той, кто в животике», «Поздравляю, как же это прекрасно, вы будете чудесными родителями!», - не скупятся на добрые пожелания поклонники Татьяны Волосожар и ее мужа Максима Транькова.", "external_links": [], "published": "2016-10-01T21:30:00.000+03:00", "crawled": "2016-10-01T16:46:03.683+03:00", "highlightTitle": ""}