{"organizations": [], "uuid": "5c518765bc42a8239e59a628e5416842c0261214", "thread": {"social": {"gplus": {"shares": 0}, "pinterest": {"shares": 0}, "vk": {"shares": 0}, "linkedin": {"shares": 0}, "facebook": {"likes": 0, "shares": 0, "comments": 0}, "stumbledupon": {"shares": 0}}, "site_full": "news.meta.ua", "main_image": "http://picsnews.meta.ua/90x90/423/88/42388524-Sutki-v-ATO-boeviki-pliuiut-na-rezhim-tishiny-v-khod-poshla-artilleriia.jpeg", "site_section": "http://news.meta.ua/rss/", "section_title": "МЕТА Новости", "url": "http://news.meta.ua/go.php?to=2016-10-50881581", "country": "UA", "domain_rank": 7703, "title": "Общество: Сутки в АТО: боевики плюют на \"режим тишины\", в ход пошла артиллерия", "performance_score": 0, "site": "meta.ua", "participants_count": 1, "title_full": "Общество: Сутки в АТО: боевики плюют на \"режим тишины\", в ход пошла артиллерия", "spam_score": 0.0, "site_type": "news", "published": "2016-10-01T11:55:00.000+03:00", "replies_count": 0, "uuid": "5c518765bc42a8239e59a628e5416842c0261214"}, "author": "Общество", "url": "http://news.meta.ua/go.php?to=2016-10-50881581", "ord_in_thread": 0, "title": "Общество: Сутки в АТО: боевики плюют на \"режим тишины\", в ход пошла артиллерия", "locations": [], "entities": {"persons": [], "locations": [], "organizations": []}, "highlightText": "", "language": "russian", "persons": [], "text": "На Мариупольском направлении зафиксировано 10 обстрелов. Chaspik >> сегодня, 06:55 \nЗа прошлые сутки российско-оккупационные войска 34 раза открывали огонь по позициям украинских военных в зоне АТО.Эту новость Донбасса передает Час Пик со ссылкой на пресс-центр штаба АТО.На Луганском направлении зафиксировано 8 нарушений режима тишины. Противник прибегал к вооруженным провокациям в районе Новоалександровки и Новозвановки, где применял стрелковое оружие и пулеметы. Кроме того, по Новоалександровке вел огонь снайпер, а по Станице Луганской открывали огонь из гранатометов, пулеметов и стрелкового оружия.На Мариупольском направлении зафиксировано 10 обстрелов. Противник нарушал режим тишины в районе Павлополя, Широкино, Староигнатовки, Марьинки, применив при этом стрелковое оружие, а в районе Богдановки боевики открывали огонь из гранатометов.На Донецком направлении зафиксировано 16 обстрелов. Боевики из гранатометов, пулеметов и стрелкового оружия вели огонь в районе Авдеевки, Каменки, Верхнеторецкого и Зайцево. Также по Авдеевке враг открывал огонь из артиллерии 122-го калибра, а по Верхнеторецкому и Авдеевке оккупанты стреляли из минометов 120-го и 82-го калибра.В зоне проведения АТО за прошедшие сутки было обнаружено пролет 4 БПЛА.", "external_links": [], "published": "2016-10-01T11:55:00.000+03:00", "crawled": "2016-10-01T07:30:17.298+03:00", "highlightTitle": ""}