{"organizations": [], "uuid": "d555c201280914b703acb4758939ea5c0185105e", "thread": {"social": {"gplus": {"shares": 0}, "pinterest": {"shares": 0}, "vk": {"shares": 0}, "linkedin": {"shares": 0}, "facebook": {"likes": 0, "shares": 0, "comments": 0}, "stumbledupon": {"shares": 0}}, "site_full": "ria.ru", "main_image": "https://cdn5.img.ria.ru/images/147827/42/1478274220.jpg", "site_section": "http://ria.ru/culture/", "section_title": "Культура | РИА Новости", "url": "http://ria.ru/culture/20161001/1478274526.html", "country": "RU", "domain_rank": 868, "title": "Тадаси Судзуки представит в России спектакль \"Троянки\" Еврипида", "performance_score": 0, "site": "ria.ru", "participants_count": 1, "title_full": "Тадаси Судзуки представит в России спектакль \"Троянки\" Еврипида | РИА Новости", "spam_score": 0.494, "site_type": "news", "published": "2016-09-30T21:31:00.000+03:00", "replies_count": 0, "uuid": "d555c201280914b703acb4758939ea5c0185105e"}, "author": "ria.ru", "url": "http://ria.ru/culture/20161001/1478274526.html", "ord_in_thread": 0, "title": "Тадаси Судзуки представит в России спектакль \"Троянки\" Еврипида", "locations": [], "entities": {"persons": [], "locations": [], "organizations": []}, "highlightText": "", "language": "russian", "persons": [], "text": "МОСКВА, 1 окт — РИА Новости. Легендарная японская труппа — Театр Тадаси Судзуки в Тоге — представит свою постановку \"Троянки\" по трагедии Еврипида; спектакль состоится в рамках Международного театрального фестиваля \"Александринский\" и пройдет на сцене Александринского театра 1 и 2 октября, а 3 октября Тадаси Судзуки проведет мастер-класс, сообщили РИА Новости в пресс-службе театра. © РИА Новости. Владимир Федоренко Перейти в фотобанк Театральные премьеры: \"Манон Леско\" и \"Ивонна, принцесса Бургундская\"\n\"В отличие от других греческих трагедий \"Троянкам\" странным образом не хватает сюжета. Ключевое драматическое событие — падение Трои — происходит до начала пьесы. В сценах изображается немногим больше, чем выживание троянских женщин, объединившихся перед крушением их цитадели… единственное их действие — плач и стенания о тяжелой участи\", — поделился своими размышлениями перед гастролями в Россию Тадаси Судзуки.\nРежиссер считает, что по этой причине многие критики считали пьесу \"Троянки\" не содержащей ничего драматического. Но, по его мнению, \"нет ничего более драматичного, чем вынужденное ожидание и предугадывание своей несчастной, непредсказуемой и неизбежной судьбы\".\n\"Я уверен, что многие из нас, японцев, переживших поражение во Второй мировой войне, жили в подобном эмоциональном состоянии. Размышления о таких аналогиях привели меня к выбору этого текста. Я хотел убедиться, что если я сделаю персонажами выживших в войне, живущих среди руин японцев, я смогу через их многослойное существование на сцене реанимировать страсти, заложенные в \"Троянках\". Я надеюсь, что с помощью такого подхода, смогу показать, как общечеловеческие страдания проходят границы времени и пространства и в Японии, и в других странах\", — отметил Тадаси Судзуки.\nТадаси Судзуки — всемирно известный режиссер, педагог, философ и теоретик театра, чьи работы оказали значительное влияние на мировую сцену. Основатель и руководитель Suzuki Company of Toga, организатор первого Международного театрального фестиваля в Японии, создатель метода актерского мастерства.", "external_links": ["http://visualrian.ru/images/item/2409661", "http://www.rian.ru/docs/about/copyright.html"], "published": "2016-09-30T21:31:00.000+03:00", "crawled": "2016-10-01T06:45:14.547+03:00", "highlightTitle": ""}