{"organizations": [], "uuid": "85f4614ddb31a9982a0de9e23029c174994ebc33", "thread": {"social": {"gplus": {"shares": 1}, "pinterest": {"shares": 0}, "vk": {"shares": 0}, "linkedin": {"shares": 0}, "facebook": {"likes": 8, "shares": 8, "comments": 0}, "stumbledupon": {"shares": 0}}, "site_full": "www.interfax.ru", "main_image": "http://www.interfax.ru/aspimg/530833.png", "site_section": "http://www.interfax.ru//rss.asp", "section_title": "Интерфакс", "url": "http://www.interfax.ru/world/530833", "country": "RU", "domain_rank": 4701, "title": "Вашингтон отказался продлевать с ICANN контракт на управление интернетом", "performance_score": 0, "site": "interfax.ru", "participants_count": 0, "title_full": "Вашингтон отказался продлевать с ICANN контракт на управление интернетом", "spam_score": 0.0, "site_type": "news", "published": "2016-10-03T13:28:00.000+03:00", "replies_count": 0, "uuid": "85f4614ddb31a9982a0de9e23029c174994ebc33"}, "author": "", "url": "http://www.interfax.ru/world/530833", "ord_in_thread": 0, "title": "Вашингтон отказался продлевать с ICANN контракт на управление интернетом", "locations": [], "entities": {"persons": [], "locations": [], "organizations": []}, "highlightText": "", "language": "russian", "persons": [], "text": "остранства интернет), говорится в сообщениях NTIA и ICANN. ICANN решила создать корпорацию по управлению адресным пространством интернета", "external_links": [], "published": "2016-10-03T13:28:00.000+03:00", "crawled": "2016-10-03T08:36:35.446+03:00", "highlightTitle": ""}