{"organizations": [], "uuid": "be35f284d2b1a301dc2294217ca601f487d3b8e1", "thread": {"social": {"gplus": {"shares": 0}, "pinterest": {"shares": 0}, "vk": {"shares": 0}, "linkedin": {"shares": 0}, "facebook": {"likes": 0, "shares": 0, "comments": 0}, "stumbledupon": {"shares": 0}}, "site_full": "www.mk.ru", "main_image": "http://www.mk.ru/media/img/mk.ru/mkru_og.jpg", "site_section": "http://www.mk.ru/rss/news/index.xml", "section_title": "Новостная лента - Московский Комсомолец", "url": "http://www.mk.ru/economics/2016/10/03/minkomsvyaz-vstupila-protiv-shtrafov-za-skachivanie-piratskikh-filmov.html", "country": "RU", "domain_rank": 3246, "title": "Минкомсвязь вступила против штрафов за скачивание пиратских фильмов", "performance_score": 0, "site": "mk.ru", "participants_count": 0, "title_full": "Минкомсвязь вступила против штрафов за скачивание пиратских фильмов", "spam_score": 0.0, "site_type": "news", "published": "2016-10-04T00:15:00.000+03:00", "replies_count": 0, "uuid": "be35f284d2b1a301dc2294217ca601f487d3b8e1"}, "author": "", "url": "http://www.mk.ru/economics/2016/10/03/minkomsvyaz-vstupila-protiv-shtrafov-za-skachivanie-piratskikh-filmov.html", "ord_in_thread": 0, "title": "Минкомсвязь вступила против штрафов за скачивание пиратских фильмов", "locations": [], "entities": {"persons": [], "locations": [], "organizations": []}, "highlightText": "", "language": "russian", "persons": [], "text": "Минкомсвязь вступила против штрафов за скачивание пиратских фильмов Сегодня в 19:15, просмотров: 31 \nЗамглавы Минкомсвязьминистерства Алексей Волин прокомментировал информацию о том, что в России могут ввести штрафы за скачивание нелегального контента в интернете -такая система введена в Германии. \nПредставитель министерства выступил против этих мер. «Пользователь не умеет различать легальный и нелегальный контент в сети», — объяснил Волин.  ", "external_links": [], "published": "2016-10-04T00:15:00.000+03:00", "crawled": "2016-10-03T19:21:21.332+03:00", "highlightTitle": ""}