{"organizations": [], "uuid": "f70881c3b064968b2e8777a004a53367504b53ca", "thread": {"social": {"gplus": {"shares": 0}, "pinterest": {"shares": 0}, "vk": {"shares": 0}, "linkedin": {"shares": 0}, "facebook": {"likes": 1, "shares": 1, "comments": 0}, "stumbledupon": {"shares": 0}}, "site_full": "korrespondent.net", "main_image": "http://kor.ill.in.ua/m/190x120/1887950.jpg", "site_section": "http://k.img.com.ua/rss/ru/all_news2.0.xml", "section_title": "Последние новости на сайте korrespondent.net", "url": "http://korrespondent.net/sport/boks/3752247-menedzher-klychko-fuiry-samyi-nedostoinyi-chempyon", "country": "UA", "domain_rank": 2541, "title": "Менеджер Кличко: Фьюри - самый недостойный чемпион", "performance_score": 0, "site": "korrespondent.net", "participants_count": 1, "title_full": "Менеджер Кличко: Фьюри - самый недостойный чемпион", "spam_score": 0.0, "site_type": "news", "published": "2016-10-01T14:16:00.000+03:00", "replies_count": 0, "uuid": "f70881c3b064968b2e8777a004a53367504b53ca"}, "author": "1524", "url": "http://korrespondent.net/sport/boks/3752247-menedzher-klychko-fuiry-samyi-nedostoinyi-chempyon", "ord_in_thread": 0, "title": "Менеджер Кличко: Фьюри - самый недостойный чемпион", "locations": [], "entities": {"persons": [], "locations": [], "organizations": []}, "highlightText": "", "language": "russian", "persons": [], "text": "Фото: Getty Images Берндт Бенте Менеджер Владимира Кличко (64-4, 53 КО) - Берндт Бенте, прокомментировал ситуация вокруг Тайсона Фьюри (25-0, 18 КО). \nНапомним, что ситуация вокруг Тайсона Фьюри, даже после отмены боя с Владимиром Кличко, продолжает накаляться. Как выяснилось, британец сдал положительный тест на кокаин, что еще больше усугубило его положение. События происходящие вокруг противоречивой персоны Фьюри взялся прокомментировать менеджер Владимира Кличко – Берндт Бенте. \n«Фьюри – самый недостойный чемпион в истории супертяжелого веса. И не только из-за ситуации с отменой боя и дальнейшими новостями. Тайсон отмечался сексистскими, антисемитскими и гомофобскими высказываниями, которые все очень хорошо задокументированы. \nНадеюсь, что организации будут двигаться быстро в своем решении, потому что Владимир хочет биться за титул уже в этом году. Он и так уже не боксировал почти год, и хочет боя до конца года», – завершил Бенте.", "external_links": [], "published": "2016-10-01T14:16:00.000+03:00", "crawled": "2016-10-01T12:35:32.162+03:00", "highlightTitle": ""}