{"organizations": [], "uuid": "1897de2d1a295b79668ee9951f6cf4180d568843", "thread": {"social": {"gplus": {"shares": 0}, "pinterest": {"shares": 0}, "vk": {"shares": 0}, "linkedin": {"shares": 0}, "facebook": {"likes": 203, "shares": 203, "comments": 0}, "stumbledupon": {"shares": 0}}, "site_full": "www.kp.ru", "main_image": "http://kp.ru/share/i/fill/FFFFFF/cr-458x185.t-10-2527041-osb-18-7-000-375-l-30-m-0.b-FFF-0-0-0-49.b-0083cd-6.t-4-1045972-osr-14-5-565656-480-l-100-b-40.wm-rm-100-bl-24-24.png", "site_section": "http://www.kp.ru/rss/allsections.xml", "section_title": "KP.RU :: Комсомольская правда", "url": "http://www.kp.ru/online/news/2527041/", "country": "RU", "domain_rank": 1696, "title": "Захарову позабавило решение Джонсона победить Россию стыдом", "performance_score": 2, "site": "kp.ru", "participants_count": 0, "title_full": "Захарову позабавило решение Джонсона победить Россию стыдом", "spam_score": 0.0, "site_type": "news", "published": "2016-10-01T18:52:00.000+03:00", "replies_count": 0, "uuid": "1897de2d1a295b79668ee9951f6cf4180d568843"}, "author": "", "url": "http://www.kp.ru/online/news/2527041/", "ord_in_thread": 0, "title": "Захарову позабавило решение Джонсона победить Россию стыдом", "locations": [], "entities": {"persons": [], "locations": [], "organizations": []}, "highlightText": "", "language": "russian", "persons": [], "text": "Захарову позабавило решение Джонсона победить Россию стыдом Представитель МИД РФ предложила использовать в отечественной армии препарат от этого чувства \nЗаявление министра иностранных дел Великобритании Бориса Джонсона о том, что «стыд - является мощным оружием Запада против России », позабавило представителя российского МИД Марию Захарову . \n«Беспощадный Борис Джонсон. Просто порвал всех с утра. Представляю: \n- Сергей Викторович, беда. У британцев против нас новое оружие появилось - стыд. В Сколково пока ничего такого не изобрели. \n- Сергей Кужугетович, попробуйте давать солдатам коктейль из формотерола, триамцинолона, преднизола и преднизолона. Комплексное средство помогает избавиться от стыда и нарастить мышечную массу. Испробовано на американских теннисистках», - написала она на своей странице в Facebook . \nНапомним, в интервью британской газете Джонсон заявил , что Британия и США ищут новые способы надавить на позицию России по Сирии , и самым мощным оружием он назвал стыд. Министр заявил, что будет бойкотировать Чемпионат мира по футболу, который пройдет в России, чтобы Кремлю стало стыдно.  ", "external_links": [], "published": "2016-10-01T18:52:00.000+03:00", "crawled": "2016-10-01T14:15:42.868+03:00", "highlightTitle": ""}