{"organizations": [], "uuid": "41e6c2f7f62c7c212f1ec6f2c3caa68d2c296f17", "thread": {"social": {"gplus": {"shares": 0}, "pinterest": {"shares": 0}, "vk": {"shares": 0}, "linkedin": {"shares": 0}, "facebook": {"likes": 0, "shares": 0, "comments": 0}, "stumbledupon": {"shares": 0}}, "site_full": "kazan.mk.ru", "main_image": "http://kazan.mk.ru/media/img/mk.ru/mkru_og.jpg", "site_section": "http://www.mk.ru/rss/news/index.xml", "section_title": "Новостная лента - Московский Комсомолец", "url": "http://kazan.mk.ru/articles/2016/10/03/prezident-rt-otchital-rukovodstvo-zelenodolska-i-gzhf-za-pokazukhu.html", "country": "RU", "domain_rank": 3246, "title": "Президент РТ отчитал руководство Зеленодольска и ГЖФ за показуху", "performance_score": 0, "site": "mk.ru", "participants_count": 0, "title_full": "Президент РТ отчитал руководство Зеленодольска и ГЖФ за показуху", "spam_score": 0.0, "site_type": "news", "published": "2016-10-03T22:28:00.000+03:00", "replies_count": 0, "uuid": "41e6c2f7f62c7c212f1ec6f2c3caa68d2c296f17"}, "author": "", "url": "http://kazan.mk.ru/articles/2016/10/03/prezident-rt-otchital-rukovodstvo-zelenodolska-i-gzhf-za-pokazukhu.html", "ord_in_thread": 0, "title": "Президент РТ отчитал руководство Зеленодольска и ГЖФ за показуху", "locations": [], "entities": {"persons": [], "locations": [], "organizations": []}, "highlightText": "", "language": "russian", "persons": [], "text": "Президент РТ отчитал руководство Зеленодольска и ГЖФ за показуху Сегодня в 17:28, просмотров: 154 \nНа республиканском совещании в Доме Правительства РТ Рустам Минниханов поручил руководству Зеленодольского района и Госжилфонда РТ в кратчайшие сроки исправить ситуацию и сдать в эксплуатацию многоквартирный жилой дом в городе Зеленодольске. \nНапомним, 5 сентября Минниханов участвовал в торжественном открытии 282-квартирного жилого дома в Зеленодольске на проспекте Строителей. Позже стало известно, что на тот момент Госжилфонд РТ не имел всех необходимых документов, и ключи новоселам вручили только для того, чтобы они осмотрели квартиры. В итоге реальное заселение было перенесено. \nЖилье в доме должны получить участники программы социальной ипотеки, вдовы ветеранов Великой Отечественной войны, дети-сироты и семьи, переселяющиеся из аварийного жилья.", "external_links": [], "published": "2016-10-03T22:28:00.000+03:00", "crawled": "2016-10-03T17:49:03.966+03:00", "highlightTitle": ""}