{"organizations": [], "uuid": "3d0968961f9f257e9b6b7a406e9f37ab1ed6d837", "thread": {"social": {"gplus": {"shares": 0}, "pinterest": {"shares": 0}, "vk": {"shares": 0}, "linkedin": {"shares": 0}, "facebook": {"likes": 0, "shares": 0, "comments": 0}, "stumbledupon": {"shares": 0}}, "site_full": "www.ss.lv", "main_image": "", "site_section": "http://www.ss.lv/lv/real-estate/flats/riga/centre/rss/", "section_title": "Sludinājumi - SS.LV - RSS. Nekustamais īpašums : Dzīvokļi : Rīga : Centrs, Cenas", "url": "https://www.ss.lv/msg/lv/real-estate/flats/riga/centre/fehjp.html", "country": "LV", "domain_rank": 3405, "title": "Высокие потолки, нужен ремонт-всё подготовлено для капитального ремонта, окна на одну сторону но шума нет, газовое отопление- ...", "performance_score": 0, "site": "ss.lv", "participants_count": 0, "title_full": "Высокие потолки, нужен ремонт-всё подготовлено для капитального ремонта, окна на одну сторону но шума нет, газовое отопление- ...", "spam_score": 0.0, "site_type": "news", "published": "2016-10-02T01:05:00.000+03:00", "replies_count": 0, "uuid": "3d0968961f9f257e9b6b7a406e9f37ab1ed6d837"}, "author": "", "url": "https://www.ss.lv/msg/lv/real-estate/flats/riga/centre/fehjp.html", "ord_in_thread": 0, "title": "Высокие потолки, нужен ремонт-всё подготовлено для капитального ремонта, окна на одну сторону но шума нет, газовое отопление- ...", "locations": [], "entities": {"persons": [], "locations": [], "organizations": []}, "highlightText": "", "language": "russian", "persons": [], "text": "Aizvērt karti Высокие потолки, нужен ремонт-всё подготовлено для капитального ремонта, окна на одну сторону но шума нет, газовое отопление-колонка Viessmann-выравненный платёж 68 euro в месяц, городские коммуникации, вода по счетчикам только за холодную, пластиковые окна, камины действующие, два сарая во дворе c занесением в земельную книгу (22, 77m2), земля в собственности. Pilsēta:", "external_links": [], "published": "2016-10-02T01:05:00.000+03:00", "crawled": "2016-10-01T20:41:35.796+03:00", "highlightTitle": ""}