{"organizations": [], "uuid": "907d4dde48fe7066006488551363e5c38af26e0c", "thread": {"social": {"gplus": {"shares": 1}, "pinterest": {"shares": 0}, "vk": {"shares": 0}, "linkedin": {"shares": 0}, "facebook": {"likes": 11, "shares": 11, "comments": 0}, "stumbledupon": {"shares": 0}}, "site_full": "korrespondent.net", "main_image": "http://kor.ill.in.ua/m/190x120/1888022.jpg", "site_section": "http://k.img.com.ua/rss/ru/all_news2.0.xml", "section_title": "Последние новости на сайте korrespondent.net", "url": "http://korrespondent.net/world/russia/3752318-v-rf-konstatyrovaly-ustoichyvyi-rost-bednosty", "country": "UA", "domain_rank": 2541, "title": "В РФ констатировали устойчивый рост бедности", "performance_score": 0, "site": "korrespondent.net", "participants_count": 1, "title_full": "В РФ констатировали устойчивый рост бедности", "spam_score": 0.0, "site_type": "news", "published": "2016-10-01T18:40:00.000+03:00", "replies_count": 0, "uuid": "907d4dde48fe7066006488551363e5c38af26e0c"}, "author": "1", "url": "http://korrespondent.net/world/russia/3752318-v-rf-konstatyrovaly-ustoichyvyi-rost-bednosty", "ord_in_thread": 0, "title": "В РФ констатировали устойчивый рост бедности", "locations": [], "entities": {"persons": [], "locations": [], "organizations": []}, "highlightText": "", "language": "russian", "persons": [], "text": "В РФ констатировали устойчивый рост бедности Корреспондент.net, Сегодня, 13:40 Фото: dw.de Заработная плата в России существенно понижена к реальной цене труда. \nВ России с 2014 года устойчиво растет бедность. Об этом заявила вице-премьер РФ Ольга Голодец на инвестиционном форуме \"Сочи-2016\" в субботу, 1 октября. \n\"К сожалению, в стране после 2014 года устойчиво растет бедность, и те меры, которые мы принимаем, мы считаем, пока должны быть усилены. Прежде всего бедность поразила людей работающих, это особая ситуация\", – отметила Голодец. \nОна добавила, что это происходит из-за того, что заработная плата существенно понижена к реальной цене труда. \n\"Сегодня на российском рынке почти 5 миллионов человек – 4,8 миллиона – у нас работает на минимальной оплате труда, и 1,8 миллиона человек - это бюджетники, которые работают на минимальной оплате труда\", – сказала Голодец. \nОтметим, минимальный размер оплаты труда в России составляет 7500 рублей. \nКак сообщал Корреспондент.net, в июле реальные доходы населения РФ упали на 7% по сравнению с аналогичным периодом 2015 года.", "external_links": [], "published": "2016-10-01T18:40:00.000+03:00", "crawled": "2016-10-01T14:01:55.901+03:00", "highlightTitle": ""}