{"organizations": [], "uuid": "78b9d99e5dcaa35a8643ddb65cae6345e271dbdc", "thread": {"social": {"gplus": {"shares": 0}, "pinterest": {"shares": 0}, "vk": {"shares": 0}, "linkedin": {"shares": 0}, "facebook": {"likes": 0, "shares": 0, "comments": 0}, "stumbledupon": {"shares": 0}}, "site_full": "ria.ru", "main_image": "https://cdn3.img.ria.ru/images/147835/97/1478359793.jpg", "site_section": "https://ria.ru/", "section_title": "РИА Новости", "url": "http://ria.ru/incidents/20161003/1478346748.html", "country": "RU", "domain_rank": 868, "title": "ФСБ сообщила о задержании полковника украинской разведки", "performance_score": 0, "site": "ria.ru", "participants_count": 16, "title_full": "ФСБ сообщила о задержании полковника украинской разведки | РИА Новости", "spam_score": 0.475, "site_type": "news", "published": "2016-10-03T05:48:00.000+03:00", "replies_count": 22, "uuid": "78b9d99e5dcaa35a8643ddb65cae6345e271dbdc"}, "author": "ria.ru", "url": "http://ria.ru/incidents/20161003/1478346748.html", "ord_in_thread": 0, "title": "ФСБ сообщила о задержании полковника украинской разведки", "locations": [], "entities": {"persons": [], "locations": [], "organizations": []}, "highlightText": "", "language": "russian", "persons": [], "text": "МОСКВА, 3 окт — РИА Новости. Сотрудники ФСБ задержали сотрудника главного управления разведки Минобороны Украины Романа Сущенко, который, по данным спецслужб, собирал секретные сведения о деятельности Вооруженных сил и Национальной гвардии России.\n© AFP 2016/ Vasily Maximov \"Укринформ\" подтвердило задержание в России своего корреспондента \"Федеральной службой безопасности в Москве при проведении шпионской акции задержан кадровый сотрудник главного управления разведки Минобороны Украины полковник Сущенко Роман Владимирович\", — сообщает ФСБ России.\nПо данным ведомства, задержанный украинец \"целенаправленно собирал составляющие государственную тайну сведения о деятельности Вооруженных сил и войск Национальной гвардии России, утечка которых за рубеж могла нанести ущерб обороноспособности государства\".\nВозбуждено уголовное дело по статье \"Шпионаж\", ведется следствие.\n© РИА Новости. Кирилл Каллиников Перейти в фотобанк Осужденные за шпионаж в России в 2013-2016 годах Ранее член Общественной наблюдательной комиссии Москвы Зоя Светова сообщила РИА Новости о задержании Сущенко, причем, по ее данным, он называл себя журналистом агентства \"Укринформ\" . По данным ОНК, Сущенко находится в СИЗО \"Лефортово\".\nКомментируя ситуацию, глава министерства информационной политики Украины Юрий Стець заявил, что ведомство следит за ситуацией вокруг журналиста, в частности, юридический отдел министерства собирает информацию относительно обстоятельств и причин задержания. При этом в МИД Украины сообщили, что занимаются вопросом допуска консулов к Сущенко.", "external_links": ["http://visualrian.ru/images/item/2764687", "http://www.ukrinform.ru/", "http://www.rian.ru/docs/about/copyright.html"], "published": "2016-10-03T05:48:00.000+03:00", "crawled": "2016-10-03T16:08:55.657+03:00", "highlightTitle": ""}