{"organizations": [], "uuid": "bf0d0b5f86391be869914cdbacde030ef93898a8", "thread": {"social": {"gplus": {"shares": 0}, "pinterest": {"shares": 0}, "vk": {"shares": 0}, "linkedin": {"shares": 0}, "facebook": {"likes": 0, "shares": 0, "comments": 0}, "stumbledupon": {"shares": 0}}, "site_full": "www.adigea.aif.ru", "main_image": "http://images.aif.ru/010/138/49491ad12a87ae273e3ae847955e2233.jpg", "site_section": "http://www.adigea.aif.ru/rss/all.php", "section_title": "АиФ-Адыгея", "url": "http://www.adigea.aif.ru/society/archive/v_maykope_obyavlen_konkurs_molodyh_fotografov_fotovzglyad-2016", "country": "RU", "domain_rank": 3127, "title": "В Майкопе объявлен конкурс молодых фотографов «Фотовзгляд-2016»", "performance_score": 0, "site": "aif.ru", "participants_count": 0, "title_full": "В Майкопе объявлен конкурс молодых фотографов «Фотовзгляд-2016»", "spam_score": 0.0, "site_type": "news", "published": "2016-10-03T21:20:00.000+03:00", "replies_count": 0, "uuid": "bf0d0b5f86391be869914cdbacde030ef93898a8"}, "author": "", "url": "http://www.adigea.aif.ru/society/archive/v_maykope_obyavlen_konkurs_molodyh_fotografov_fotovzglyad-2016", "ord_in_thread": 0, "title": "В Майкопе объявлен конкурс молодых фотографов «Фотовзгляд-2016»", "locations": [], "entities": {"persons": [], "locations": [], "organizations": []}, "highlightText": "", "language": "russian", "persons": [], "text": "16:20 (сегодня) 0 34 В Майкопе объявлен конкурс молодых фотографов «Фотовзгляд-2016» Представленные на конкурс работы могут быть выполнены в любой манере, без ограничения жанров, цветном и черно-белом цифровом формате Сергей Юрьев / АиФ Майкоп, 3 октября - АиФ-Адыгея. \nВ Майкопе объявлен городской конкурс молодых фотографов «Фотовзгляд-2016». Для участия в ежегодном конкурсе приглашаются фотохудожники в возрасте от 14 до 29 лет. Каким был Майкоп 100 лет назад. Экскурсия по городу \nПредставленные на конкурс работы могут быть выполнены в любой манере, без ограничения жанров, цветном и черно-белом цифровом формате. \nМаксимальное количество работ от одного автора – 20. Фотоработы принимаются до 1 декабря 2016 г. Оценивать работы будет профессиональное жюри, состоящее из фотохудожников и профессиональных фотографов, а также представителей отдела по делам молодежи городской администрации. \nПобедители фотоконкурса будут награждены дипломами лауреатов и ценными подарками, а все финалисты получат дипломы участников. Кроме того, лучшие работы будут опубликованы в буклете фотоконкурса.", "external_links": [], "published": "2016-10-03T21:20:00.000+03:00", "crawled": "2016-10-03T22:46:29.601+03:00", "highlightTitle": ""}