{"organizations": [], "uuid": "b019b595737cd4a95ed2f835b37af706aa5b7b23", "thread": {"social": {"gplus": {"shares": 0}, "pinterest": {"shares": 0}, "vk": {"shares": 0}, "linkedin": {"shares": 0}, "facebook": {"likes": 0, "shares": 0, "comments": 0}, "stumbledupon": {"shares": 0}}, "site_full": "rus.tvnet.lv", "main_image": "http://rus.uk.itvnet.lv/article/hi_tech/339918_506x285.jpg", "site_section": "http://feeds.tvnet.lv/rustvnet/all/latest", "section_title": "TVNET Самые новые статьи", "url": "http://rus.tvnet.lv/hi_tech/tjehnika/339918-umniy_holodilnik_samostojatjelno_zashjel_na_pornhub", "country": "LV", "domain_rank": 3861, "title": "Умный холодильник самостоятельно зашел на PornHub", "performance_score": 0, "site": "tvnet.lv", "participants_count": 0, "title_full": "Умный холодильник самостоятельно зашел на PornHub", "spam_score": 0.0, "site_type": "news", "published": "2016-10-03T19:44:00.000+03:00", "replies_count": 0, "uuid": "b019b595737cd4a95ed2f835b37af706aa5b7b23"}, "author": "", "url": "http://rus.tvnet.lv/hi_tech/tjehnika/339918-umniy_holodilnik_samostojatjelno_zashjel_na_pornhub", "ord_in_thread": 0, "title": "Умный холодильник самостоятельно зашел на PornHub", "locations": [], "entities": {"persons": [], "locations": [], "organizations": []}, "highlightText": "", "language": "russian", "persons": [], "text": "««Интернет вещей»... Вы мне верите? Pornhub в холодильнике. Ну и какие теперь идеи по обеспечению информационной безопасности?» — отметил Макафи. \nФотография быстро стала хитом в сообществе 9gag и на портале Reddit. В комментариях пользователи отметили, что смотреть порно на холодильнике неудобно, и приобретать умное устройство для этих целей не имеет смысла. Еще по этой теме", "external_links": [], "published": "2016-10-03T19:44:00.000+03:00", "crawled": "2016-10-03T15:11:41.278+03:00", "highlightTitle": ""}