{"organizations": [], "uuid": "ba36b76ad50719b33e1bbede1149fc5f22c4dffd", "thread": {"social": {"gplus": {"shares": 0}, "pinterest": {"shares": 0}, "vk": {"shares": 0}, "linkedin": {"shares": 0}, "facebook": {"likes": 0, "shares": 0, "comments": 0}, "stumbledupon": {"shares": 0}}, "site_full": "www.trend.az", "main_image": "http://cdn.trend.az/media/pictures/2015/11/28/syria_army_281115.jpg", "site_section": "http://www.trend.az/feeds/index.rss", "section_title": "Trend - новости Азербайджана, Грузии, Казахстана, Туркменистана, Узбекистана, Ирана, Турции.", "url": "http://www.trend.az/world/arab/2667357.html", "country": "AZ", "domain_rank": 5014, "title": "ССА при поддержке ВС Турции освободила четыре населенных пунктов от ИГ", "performance_score": 0, "site": "trend.az", "participants_count": 0, "title_full": "ССА при поддержке ВС Турции освободила четыре населенных пунктов от ИГ", "spam_score": 0.0, "site_type": "news", "published": "2016-10-02T17:33:00.000+03:00", "replies_count": 0, "uuid": "ba36b76ad50719b33e1bbede1149fc5f22c4dffd"}, "author": "", "url": "http://www.trend.az/world/arab/2667357.html", "ord_in_thread": 0, "title": "ССА при поддержке ВС Турции освободила четыре населенных пунктов от ИГ", "locations": [], "entities": {"persons": [], "locations": [], "organizations": []}, "highlightText": "", "language": "russian", "persons": [], "text": "ССА при поддержке ВС Турции освободила четыре населенных пунктов от ИГ 2 октября 2016 13:33 (UTC+04:00) 0 \nБаку /Trend/ - «Свободная сирийская армия» (ССА) при поддержке ВС Турции, в рамках операции «Щит Евфрата», освободила четыре населенных пунктов от боевиков террористической организации «Исламское Государство» (ИГ), сообщает в воскресенье DHA. \nВС Турции 24 августа при поддержке самолетов коалиции приступило к операции по освобождению сирийского города Джараблус от боевиков ИГ. \nОперация получила название «Щит Евфрата». \nВ Сирии с марта 2011 года продолжается вооруженный конфликт, в результате которого, по данным ООН, погибло свыше 500 тысяч человек. \nПравительственным войскам противостоят группировки боевиков, принадлежащие к вооруженным формированиям различной политической направленности. \nНаиболее активными являются террористическая группировка \"Исламское государство\" , YPG и PYD. Тэги:", "external_links": [], "published": "2016-10-02T17:33:00.000+03:00", "crawled": "2016-10-02T15:43:35.529+03:00", "highlightTitle": ""}