{"organizations": [], "uuid": "41c60070e3551a1cdbaba581509da5bf1f4f258e", "thread": {"social": {"gplus": {"shares": 0}, "pinterest": {"shares": 0}, "vk": {"shares": 0}, "linkedin": {"shares": 0}, "facebook": {"likes": 23, "shares": 23, "comments": 0}, "stumbledupon": {"shares": 0}}, "site_full": "www.interfax.ru", "main_image": "http://www.interfax.ru/aspimg/530794.png", "site_section": "http://www.interfax.ru/rss.asp", "section_title": "Интерфакс", "url": "http://www.interfax.ru/world/530794", "country": "RU", "domain_rank": 4701, "title": "В Эстонии на участие в выборах президента зарегистрирован тольк один кандидат", "performance_score": 0, "site": "interfax.ru", "participants_count": 0, "title_full": "В Эстонии на участие в выборах президента зарегистрирован тольк один кандидат", "spam_score": 0.0, "site_type": "news", "published": "2016-10-02T21:06:00.000+03:00", "replies_count": 0, "uuid": "41c60070e3551a1cdbaba581509da5bf1f4f258e"}, "author": "", "url": "http://www.interfax.ru/world/530794", "ord_in_thread": 0, "title": "В Эстонии на участие в выборах президента зарегистрирован тольк один кандидат", "locations": [], "entities": {"persons": [], "locations": [], "organizations": []}, "highlightText": "", "language": "russian", "persons": [], "text": "16:06, 2 октября 2016 В Эстонии на участие в выборах президента зарегистрирован тольк один кандидат \nМосква. 2 октября. INTERFAX.RU - В Эстонии в воскресенье Республиканская избирательная комиссия (РИК) зарегистрировала для участия в выборах президента в парламенте единственного кандидата - представителя страны в Европейской счетной комиссии Керсти Кальюлайд (Kersti Kaljulaid). \nВыборы в парламенте начнутся в понедельник, 3 октября, сообщили \"Интерфаксу\" в РИК. \nДля и", "external_links": [], "published": "2016-10-02T21:06:00.000+03:00", "crawled": "2016-10-02T16:14:49.030+03:00", "highlightTitle": ""}