{"organizations": [], "uuid": "865b171e03eb588f942ccee8b96be3c8f9e5cb06", "thread": {"social": {"gplus": {"shares": 0}, "pinterest": {"shares": 0}, "vk": {"shares": 0}, "linkedin": {"shares": 0}, "facebook": {"likes": 0, "shares": 0, "comments": 0}, "stumbledupon": {"shares": 0}}, "site_full": "www.vz.ru", "main_image": "http://vz.ru/images/600x400_vz.jpg", "site_section": "http://vzglyad.ru/rss.xml", "section_title": "Взгляд", "url": "http://www.vz.ru/news/2016/10/3/835876.html", "country": "RU", "domain_rank": 3116, "title": "Средневзвешенный курс доллара снизился до 62,55 рубля", "performance_score": 0, "site": "vz.ru", "participants_count": 0, "title_full": "Средневзвешенный курс доллара снизился до 62,55 рубля", "spam_score": 0.0, "site_type": "news", "published": "2016-10-03T16:41:00.000+03:00", "replies_count": 0, "uuid": "865b171e03eb588f942ccee8b96be3c8f9e5cb06"}, "author": "", "url": "http://www.vz.ru/news/2016/10/3/835876.html", "ord_in_thread": 0, "title": "Средневзвешенный курс доллара снизился до 62,55 рубля", "locations": [], "entities": {"persons": [], "locations": [], "organizations": []}, "highlightText": "", "language": "russian", "persons": [], "text": "Рубль обновил максимум года к доллару Средневзвешенный курс доллара снизился до 62,55 рубля 3 октября 2016, 11:41 \nСредневзвешенный курс доллара к рублю расчетами «завтра» на единой торговой сессии (ЕТС) ММВБ, по которому устанавливается официальный курс ЦБ, на 11.30 мск понедельника снизился на 84,83 копейки, составив 62,5477 рубля, свидетельствуют данные биржи. \nВ пятницу средневзвешенный курс доллара составлял 63,3960 рубля за доллар, передает ПРАЙМ Вы можете комментировать материалы газеты ВЗГЛЯД, зарегистрировавшись на сайте RussiaRu.net.", "external_links": [], "published": "2016-10-03T16:41:00.000+03:00", "crawled": "2016-10-03T13:10:39.437+03:00", "highlightTitle": ""}