{"organizations": [], "uuid": "2358971d590cf63aa9a15613a27fdfccf5a40f6b", "thread": {"social": {"gplus": {"shares": 0}, "pinterest": {"shares": 0}, "vk": {"shares": 0}, "linkedin": {"shares": 0}, "facebook": {"likes": 3, "shares": 3, "comments": 0}, "stumbledupon": {"shares": 0}}, "site_full": "rg.ru", "main_image": "https://rg.ru/res/images/logo/rg-600x600.jpg", "site_section": "http://www.rg.ru/xml/index.xml", "section_title": "Российская Газета", "url": "https://rg.ru/2016/10/03/reg-cfo/pod-riazaniu-projdut-sovmestnye-ucheniia-vdv-rossii-i-belorussii.html", "country": "RU", "domain_rank": 3002, "title": "Под Рязанью пройдут совместные учения ВДВ России и Белоруссии", "performance_score": 0, "site": "rg.ru", "participants_count": 0, "title_full": "Под Рязанью пройдут совместные учения ВДВ России и Белоруссии", "spam_score": 0.0, "site_type": "news", "published": "2016-10-03T21:58:00.000+03:00", "replies_count": 0, "uuid": "2358971d590cf63aa9a15613a27fdfccf5a40f6b"}, "author": "", "url": "https://rg.ru/2016/10/03/reg-cfo/pod-riazaniu-projdut-sovmestnye-ucheniia-vdv-rossii-i-belorussii.html", "ord_in_thread": 0, "title": "Под Рязанью пройдут совместные учения ВДВ России и Белоруссии", "locations": [], "entities": {"persons": [], "locations": [], "organizations": []}, "highlightText": "", "language": "russian", "persons": [], "text": "Текст: Елена Шулепова (Рязань) \nВ Рязань прибыла делегация военных из Республики Беларусь. Вместе с российскими коллегами они намерены провести рекогносцировку местности предстоящих совместных учений, сообщает пресс-служба Минобороны. читайте также Генерал-майор Олег Мануйло рассказал о масштабной тренировке в День ГО \nВизит представителей военного ведомства из Республики Беларусь в рязанское подразделение Тульской дивизии ВДВ продлится четыре дня. Им предстоит осмотреть огневой комплекс и площадку приземления десантников. \nПо итогам осмотра представители военных ведомств двух стран проведут конференцию, на которой будут подписаны протоколы участия подразделений сил специальных операций Вооруженных сил Республики Беларусь в совместном тактическом учении на территории России, запланированном на октябрь. \nПомимо деловой части в программе визита имеется также обзорная экскурсия по историческим местам Рязани. Читайте в рубрике Власть", "external_links": [], "published": "2016-10-03T21:58:00.000+03:00", "crawled": "2016-10-03T17:24:36.674+03:00", "highlightTitle": ""}