{"organizations": [], "uuid": "a806790bcffcff57bf02f510fabf1a13213184fa", "thread": {"social": {"gplus": {"shares": 0}, "pinterest": {"shares": 0}, "vk": {"shares": 0}, "linkedin": {"shares": 0}, "facebook": {"likes": 435, "shares": 435, "comments": 0}, "stumbledupon": {"shares": 0}}, "site_full": "www.championat.com", "main_image": "https://img.championat.com/news2/social/9/b1/2596796.jpg", "site_section": "http://www.championat.com/xml/rss.xml", "section_title": "Чемпионат.com  (новости)", "url": "https://www.championat.com/football/news-2596796-britanskij-zhurnal-vkljuchil-emblemu-cska-v-top-10-luchshih-v-mire.html", "country": "RU", "domain_rank": 1710, "title": "Британский журнал включил эмблему ЦСКА в топ-10 лучших в мире", "performance_score": 4, "site": "championat.com", "participants_count": 0, "title_full": "Британский журнал включил эмблему ЦСКА в топ-10 лучших в мире", "spam_score": 0.0, "site_type": "news", "published": "2016-10-03T20:20:00.000+03:00", "replies_count": 0, "uuid": "a806790bcffcff57bf02f510fabf1a13213184fa"}, "author": "", "url": "https://www.championat.com/football/news-2596796-britanskij-zhurnal-vkljuchil-emblemu-cska-v-top-10-luchshih-v-mire.html", "ord_in_thread": 0, "title": "Британский журнал включил эмблему ЦСКА в топ-10 лучших в мире", "locations": [], "entities": {"persons": [], "locations": [], "organizations": []}, "highlightText": "", "language": "russian", "persons": [], "text": "Британский журнал включил эмблему ЦСКА в топ-10 лучших в мире  20. Футбол Популярный британский журнал FourFourTwo составил рейтинг лучших футбольных эмблем мира и поставил логотип ЦСКА на восьмое место. «Можно подумать, что это обложка альбома The Beta Band. Крайне похоже, но на самом деле нет. Эмблема ЦСКА чертовски ярка, и если на неё долго смотреть, то можно превратиться в коммуниста», — пошутили авторы издания. 10 лучших эмблем футбольных клубов: 1. «Аякс»", "external_links": [], "published": "2016-10-03T20:20:00.000+03:00", "crawled": "2016-10-03T15:24:58.351+03:00", "highlightTitle": ""}