{"organizations": [], "uuid": "1ea644b0bbff6b60c10e9938f0a5938e715fc468", "thread": {"social": {"gplus": {"shares": 0}, "pinterest": {"shares": 0}, "vk": {"shares": 0}, "linkedin": {"shares": 0}, "facebook": {"likes": 0, "shares": 0, "comments": 0}, "stumbledupon": {"shares": 0}}, "site_full": "ria.ru", "main_image": "https://cdn4.img.ria.ru/images/145893/21/1458932109.jpg", "site_section": "http://ria.ru/economy/", "section_title": "Экономика | РИА Новости", "url": "http://ria.ru/economy/20160930/1478271576.html", "country": "RU", "domain_rank": 868, "title": "Доверие потребителей в Британи вернулось к уровню до голосования по Brexit", "performance_score": 0, "site": "ria.ru", "participants_count": 1, "title_full": "Доверие потребителей в Британи вернулось к уровню до голосования по Brexit | РИА Новости", "spam_score": 0.014, "site_type": "news", "published": "2016-09-30T19:17:00.000+03:00", "replies_count": 0, "uuid": "1ea644b0bbff6b60c10e9938f0a5938e715fc468"}, "author": "ria.ru", "url": "http://ria.ru/economy/20160930/1478271576.html", "ord_in_thread": 0, "title": "Доверие потребителей в Британи вернулось к уровню до голосования по Brexit", "locations": [], "entities": {"persons": [], "locations": [], "organizations": []}, "highlightText": "", "language": "russian", "persons": [], "text": "МОСКВА, 30 сен — РИА Новости/Прайм. Индекс доверия потребителей Великобритании к экономике страны в сентябре поднялся до минус 1 пункта с минус 7 пунктов в августе, что стало самым значительным ростом показателя после референдума по вопросу выхода Великобритании из ЕС (Brexit), свидетельствуют данные исследовательской компании Gfk.\nДо голосования по Brexit данный показатель также находился на отметке минус 1. Аналитики, опрошенные агентством Рейтер, при этом прогнозировали показатель сентября на уровне минус 5.\nВ августе показатель слегка восстановился после рекордного падения до минус 12 пунктов в июле, вызванного итогам референдума, который состоялся в июне. Тогда за Brexit проголосовали 51,9% британцев.\n\"Опасения британских потребителей из-за Brexit, по всей видимости, исчезли, так как заработные платы растут более высокими темпами, чем цены, растущая занятость увеличивает доходы, и низкие процентные ставки подталкивают людей тратить, а не экономить\", — приводит агентство Рейтер слова руководителя подразделения GfK по рыночной динамике Джо Стэтона (Joe Staton).\nСогласно другому опросу, проведенному YouGov и Cebr в среду, доверие потребителей остается немного ниже уровней до Brexit, отмечает агентство.", "external_links": [], "published": "2016-09-30T19:17:00.000+03:00", "crawled": "2016-10-01T07:15:24.130+03:00", "highlightTitle": ""}