{"organizations": [], "uuid": "b2f91ffe72ac516bc549b32c6485116a2657d17a", "thread": {"social": {"gplus": {"shares": 0}, "pinterest": {"shares": 0}, "vk": {"shares": 0}, "linkedin": {"shares": 0}, "facebook": {"likes": 0, "shares": 0, "comments": 0}, "stumbledupon": {"shares": 0}}, "site_full": "www.aif.ru", "main_image": "http://images.aif.ru/010/113/2afd1e07b4b4a36ce026774587b52e24.jpg", "site_section": "http://www.aif.ru/rss/all.php", "section_title": "Аргументы и Факты", "url": "http://www.aif.ru/health/life/ne_propustit_bedu_tri_glavnyh_priznaka_insulta", "country": "RU", "domain_rank": 3127, "title": "Не пропустить беду. Три главных признака инсульта", "performance_score": 0, "site": "aif.ru", "participants_count": 0, "title_full": "Не пропустить беду. Три главных признака инсульта", "spam_score": 0.0, "site_type": "news", "published": "2016-10-01T05:02:00.000+03:00", "replies_count": 0, "uuid": "b2f91ffe72ac516bc549b32c6485116a2657d17a"}, "author": "", "url": "http://www.aif.ru/health/life/ne_propustit_bedu_tri_glavnyh_priznaka_insulta", "ord_in_thread": 0, "title": "Не пропустить беду. Три главных признака инсульта", "locations": [], "entities": {"persons": [], "locations": [], "organizations": []}, "highlightText": "", "language": "russian", "persons": [], "text": "00:02 (сегодня) Юлия Борта 0 3 Не пропустить беду. Три главных признака инсульта Shutterstock.com \nТри главных признака инсульта : \nВнезапная слабость или онемение в руке и (или) ноге. Вы просите человека поднять руку и удержать её некоторое время, а он не может. 4 часа для спасения Асимметрия лица, опущение уголка рта. Вы просите человека улыбнуться, а у него не получается. \nНарушения речи и глотания. Вы просите человека поговорить с вами, но он не в состоянии правильно произнести слова, говорит очень невнятно, как будто каша во рту. \nВсе эти симптомы возникают внезапно и могут дополняться сильным головокружением «в одну сторону», выпадением полей зрения, спутанностью сознания, нарушением координации движений при ходьбе. \nВ этом случае нужно немедленно вызывать «скорую». По нормативам в течение 40 минут от поступления в клинику проводится компьютерная томография, в течение 20 минут - лабораторные анализы. И, если инсульт подтвердился, определён его вид, сразу начинается лечение. Кто больше рискует получить инсульт? \nВ принципе этот печальный шанс есть у каждого человека старше 50 лет. Но особенно часто инсульт выбирает тех, у кого есть: повышенное артериальное давление (более 140/90 мм рт. ст.); нарушения сердечного ритма;", "external_links": [], "published": "2016-10-01T05:02:00.000+03:00", "crawled": "2016-10-01T00:12:06.087+03:00", "highlightTitle": ""}