{"organizations": [], "uuid": "6b3c07bb0b8c1d726983457ce2a686b90aa307cd", "thread": {"social": {"gplus": {"shares": 0}, "pinterest": {"shares": 0}, "vk": {"shares": 0}, "linkedin": {"shares": 0}, "facebook": {"likes": 0, "shares": 0, "comments": 0}, "stumbledupon": {"shares": 0}}, "site_full": "news.meta.ua", "main_image": "http://picsnews.meta.ua/90x90/424/11/42411671-Ukreksimbank-obratilsia-v-Minfin-s-prosboi-o-dokapitalizatsii-na-12-mlrd-grn.jpeg", "site_section": "http://news.meta.ua/rss/", "section_title": "МЕТА Новости", "url": "http://news.meta.ua/go.php?to=2016-10-50904777", "country": "UA", "domain_rank": 7703, "title": "Бизнес: Укрэксимбанк обратился в Минфин с просьбой о докапитализации на 12 млрд грн", "performance_score": 0, "site": "meta.ua", "participants_count": 1, "title_full": "Бизнес: Укрэксимбанк обратился в Минфин с просьбой о докапитализации на 12 млрд грн", "spam_score": 0.0, "site_type": "news", "published": "2016-10-03T20:20:00.000+03:00", "replies_count": 0, "uuid": "6b3c07bb0b8c1d726983457ce2a686b90aa307cd"}, "author": "Бизнес", "url": "http://news.meta.ua/go.php?to=2016-10-50904777", "ord_in_thread": 0, "title": "Бизнес: Укрэксимбанк обратился в Минфин с просьбой о докапитализации на 12 млрд грн", "locations": [], "entities": {"persons": [], "locations": [], "organizations": []}, "highlightText": "", "language": "russian", "persons": [], "text": "Укрэксимбанк основан в 1992 году. Его единственным собственником является государство. Vse media >> сегодня, 15:20 \nКак сообщалось, убыток Укрэксимбанкав январе-июне 2016 года составил 1,325 млрд грн, что в 4,2 раза меньше, чем за соответствующий период 2015 года (5,5 млрд грн). \nУставный капитал увеличился на 43% - до 31,008 млрд грн, собственный капитал составил 4,797 млрд грн, тогда как на конец 2015 года значение этого показателя было отрицательным — 3,127 млрд грн. \nУкрэксимбанк основан в 1992 году. Его единственным собственником является государство. \nСогласно данным Нацбанка Украины, на 1 июля 2016 года по размеру активов (152, 708 млрд грн) он занимал 3-е место среди 108 действовавших в стране банков. \nГосударственный Укрэксимбанк (Киев) запросил у Министерства финансов 12 млрд грн для докапитализации, сообщается в еженедельнике \"Зеркало недели\" со ссылкой на источник, пишет Интерфакс-Украина. \n\"…Из двух независимых источников ZN.UA получило информацию, что запрос госбанка в Минфин на пополнение капитала в следующем году составил, ни много, ни мало, 12 млрд грн. И хотя соответствующих строчек в поданном в ВР правительством проекте госбюджета мы пока не обнаружили, не исключено, что они там вскоре появятся. При том, что увеличение \"уставников\" госбанков финансируется посредством согласованной с МВФ эмиссии долговых обязательств (ОВГЗ), которая не учитывается в 3% дефиците госбюджета\", - пишет еженедельник. \nВ пресс-службе Укрэксимбанка агентству \"Интерфакс-Украина\" пока не прокомментировали данную информацию.", "external_links": [], "published": "2016-10-03T20:20:00.000+03:00", "crawled": "2016-10-03T15:37:52.708+03:00", "highlightTitle": ""}