{"organizations": [], "uuid": "82e31c5b8da410ef56b27f7900702d45a026b98a", "thread": {"social": {"gplus": {"shares": 0}, "pinterest": {"shares": 0}, "vk": {"shares": 0}, "linkedin": {"shares": 0}, "facebook": {"likes": 8, "shares": 8, "comments": 0}, "stumbledupon": {"shares": 0}}, "site_full": "rusvesna.su", "main_image": "http://rusvesna.su/sites/default/files/styles/487_256/public/motorolla_3.jpg?itok=LBx417xJ", "site_section": "http://rusvesna.su/rss.xml", "section_title": "Русская весна", "url": "http://rusvesna.su/news/1475426527", "country": "US", "domain_rank": 4346, "title": "У командира донецкого ополчения «Моторолы» родился сын", "performance_score": 0, "site": "rusvesna.su", "participants_count": 0, "title_full": "У командира донецкого ополчения «Моторолы» родился сын", "spam_score": 0.0, "site_type": "news", "published": "2016-10-03T02:38:00.000+03:00", "replies_count": 0, "uuid": "82e31c5b8da410ef56b27f7900702d45a026b98a"}, "author": "", "url": "http://rusvesna.su/news/1475426527", "ord_in_thread": 0, "title": "У командира донецкого ополчения «Моторолы» родился сын", "locations": [], "entities": {"persons": [], "locations": [], "organizations": []}, "highlightText": "", "language": "russian", "persons": [], "text": "У командира донецкого ополчения «Моторолы» родился сын 02.10.2016 - 21:38 \nВ воскресенье командир ополчения ДНР полковник Арсений Павлов с позывным «Моторола» снова стал отцом — у него родился сын. Супруга «Моторолы», Елена, родом из Семеновки. Их бракосочетание стало первой официальной свадьбой в ДНР. 21 апреля 2015 года у семьи родилась дочь Мирослава. \n«Русская Весна» поздравляет командира Ополчения с радостным событием!  ", "external_links": [], "published": "2016-10-03T02:38:00.000+03:00", "crawled": "2016-10-02T21:42:51.257+03:00", "highlightTitle": ""}