{"organizations": [], "uuid": "defc2d2dc8b14c3f36fd2334be8a6be777b1cbbb", "thread": {"social": {"gplus": {"shares": 0}, "pinterest": {"shares": 0}, "vk": {"shares": 0}, "linkedin": {"shares": 0}, "facebook": {"likes": 0, "shares": 0, "comments": 0}, "stumbledupon": {"shares": 0}}, "site_full": "finance.bigmir.net", "main_image": "http://bm.img.com.ua/berlin/storage/finance/orig/7/42/fc4fe5abf312aa6bba6e3c55fa091427.jpg", "site_section": "http://news.bigmir.net/?_ctr=rss", "section_title": "Новости - Главная", "url": "http://finance.bigmir.net/business/74124-Kak-i-chem-torgujut-Ukraina-i-Juzhnaja-Koreja", "country": "UA", "domain_rank": 3864, "title": "Как и чем торгуют Украина и Южная Корея", "performance_score": 0, "site": "bigmir.net", "participants_count": 0, "title_full": "Как и чем торгуют Украина и Южная Корея", "spam_score": 0.0, "site_type": "news", "published": "2016-10-03T19:55:00.000+03:00", "replies_count": 0, "uuid": "defc2d2dc8b14c3f36fd2334be8a6be777b1cbbb"}, "author": "", "url": "http://finance.bigmir.net/business/74124-Kak-i-chem-torgujut-Ukraina-i-Juzhnaja-Koreja", "ord_in_thread": 0, "title": "Как и чем торгуют Украина и Южная Корея", "locations": [], "entities": {"persons": [], "locations": [], "organizations": []}, "highlightText": "", "language": "russian", "persons": [], "text": "Как и чем торгуют Украина и Южная Корея 17 мин назад Товарооборот между странами в 2016 году упал более чем на 34% по сравнению с 2014 годом и составил $273,7 млн. В структуре экспорта первое место занимает пшеница ua.depositphotos.com/ \nТоварооборот между Украиной и Южной Кореей в 2016 году упал более чем на 34% по сравнению с 2014 годом и составил $273,7 млн. Об этом свидетельствуют данные Министерства экономического развития и торговли Украины. Читай также: В Минагрополитики ожидают рекордный объем экспорта зерна \nПо данным министерства, за отчетный период экспорт составил $127,1 млн, импорт - $146,6 млн. За 7 месяцев 2014 года показатель экспорта был на уровне $227,1 млн, а импорта - $308,1 млн. \nБольше всего Украина экспортировала продукции АПК и пищевой промышленности ($66,4 млн), продукции металлургического комплекса ($25,4 млн) и минеральной продукции ($16,9 млн). \nА импортировала в основном продукцию машиностроения ($83 млн), химической промышленности ($37,2 млн), металлургического комплекса ($9,7 млн). Читай также: Китай может отказаться от украинской кукурузы \nВ структуре экспорта первое место занимает пшеница (35,2%), ферросплавы (12,9%) и кукуруза (11,7%). \nВ тройке товаров в структуре импорта - легковые авто (25,6%), шины и покрышки пневматические резиновые новые (5,4%) и полимеры этилена (5,3%). \nРанее сообщалось о том, что эффект от увеличения квот ЕС по агропродукции составит $200 млн. Liga.net Бизнес", "external_links": [], "published": "2016-10-03T19:55:00.000+03:00", "crawled": "2016-10-03T15:15:21.063+03:00", "highlightTitle": ""}