{"organizations": [], "uuid": "3d02ad534cae27f212b148a0e706c9014fad85f8", "thread": {"social": {"gplus": {"shares": 0}, "pinterest": {"shares": 0}, "vk": {"shares": 0}, "linkedin": {"shares": 0}, "facebook": {"likes": 0, "shares": 0, "comments": 0}, "stumbledupon": {"shares": 0}}, "site_full": "news.meta.ua", "main_image": "http://picsnews.meta.ua/90x90/424/3/42403037-Iuventus-na-vyezde-sokrushaet-Empoli.jpeg", "site_section": "http://news.meta.ua/rss/", "section_title": "МЕТА Новости", "url": "http://news.meta.ua/go.php?to=2016-10-50895930", "country": "UA", "domain_rank": 7703, "title": "Спорт: Ювентус на выезде сокрушает Эмполи", "performance_score": 0, "site": "meta.ua", "participants_count": 1, "title_full": "Спорт: Ювентус на выезде сокрушает Эмполи", "spam_score": 0.0, "site_type": "news", "published": "2016-10-02T21:48:00.000+03:00", "replies_count": 0, "uuid": "3d02ad534cae27f212b148a0e706c9014fad85f8"}, "author": "Спорт", "url": "http://news.meta.ua/go.php?to=2016-10-50895930", "ord_in_thread": 0, "title": "Спорт: Ювентус на выезде сокрушает Эмполи", "locations": [], "entities": {"persons": [], "locations": [], "organizations": []}, "highlightText": "", "language": "russian", "persons": [], "text": "«Эмполи» - «Ювентус» - 0:3 Предупреждения: Эрнанес (50), Паскуаль (62), Маури (69). Спорт.ua >> сегодня, \n«Эмполи» — «Ювентус» — 0:3 \nГолы: 0:1 — 65 Дибала, 0:2 — 67 Игуаин, 0:3 — 70 Игуаин. \n«Эмполи» — Скорупски, Беллуши, Паскуаль, Дзамбелли, Чосич, Тельо (Мчедлидзе, 67), Маури, Крунич (Эль-Хаджи, 73), Кроче, Пуччарелли, Маккароне (Марилунго, 60). \n«Ювентус» — Буффон, Бонуччи, Кьеллини, Алекс Сандро, Бардзальи, Пьянич (Стураро, 82), Хедира (Лемина, 61), Эрнанес, Куадрадо, Игуаин, Дибала (Пьяца, 73). \nПредупреждения: Эрнанес (50), Паскуаль (62), Маури (69).", "external_links": [], "published": "2016-10-02T21:48:00.000+03:00", "crawled": "2016-10-02T17:07:57.584+03:00", "highlightTitle": ""}