{"organizations": [], "uuid": "ac75813d4bb1b1fecc9978cae19fa1b86a8abe42", "thread": {"social": {"gplus": {"shares": 0}, "pinterest": {"shares": 0}, "vk": {"shares": 0}, "linkedin": {"shares": 0}, "facebook": {"likes": 0, "shares": 0, "comments": 0}, "stumbledupon": {"shares": 0}}, "site_full": "www.novayagazeta.ru", "main_image": "http://www.novayagazeta.ru/storage/c/2016/10/02/1475408137_351258_62.png", "site_section": "http://www.novayagazeta.ru/rss/all.xml", "section_title": "Новая Газета - NovayaGazeta.ru", "url": "http://www.novayagazeta.ru/news/1707556.html", "country": "RU", "domain_rank": 6902, "title": "Великобритания пообещала начать Brexit до марта 2017 года", "performance_score": 0, "site": "novayagazeta.ru", "participants_count": 0, "title_full": "Великобритания пообещала начать Brexit до марта 2017 года", "spam_score": 0.0, "site_type": "news", "published": "2016-10-02T19:40:00.000+03:00", "replies_count": 0, "uuid": "ac75813d4bb1b1fecc9978cae19fa1b86a8abe42"}, "author": "", "url": "http://www.novayagazeta.ru/news/1707556.html", "ord_in_thread": 0, "title": "Великобритания пообещала начать Brexit до марта 2017 года", "locations": [], "entities": {"persons": [], "locations": [], "organizations": []}, "highlightText": "", "language": "russian", "persons": [], "text": "Электронное периодическое издание «Новая газета» зарегистрировано в Федеральной службе по надзору за соблюдением законодательства в сфере массовых коммуникаций и охране культурного наследия 08 июня 2007 г. Свидетельство о регистрации Эл № \nВсе права на материалы, опубликованные на настоящем сайте, принадлежат АНО «РИД «Новая газета». Любое использование материалов и новостей сайта допускается только по согласованию с редакцией с обязательной гиперссылой на \nРукописи и письма, направленные в Редакцию, не рецензируются и не возвращаются. Направление письма в Редакцию является согласием на обработку персональных данных автора письма, указанных в этом письме, в соответствие со статьей 9 ФЗ «О персональных данных»", "external_links": [], "published": "2016-10-02T19:40:00.000+03:00", "crawled": "2016-10-03T06:27:51.145+03:00", "highlightTitle": ""}