{"organizations": [], "uuid": "565d3a188ccb53a242741ae16f636aaa07cab1dd", "thread": {"social": {"gplus": {"shares": 0}, "pinterest": {"shares": 0}, "vk": {"shares": 0}, "linkedin": {"shares": 0}, "facebook": {"likes": 0, "shares": 0, "comments": 0}, "stumbledupon": {"shares": 0}}, "site_full": "news.rambler.ru", "main_image": "https://news.rambler.ru/share/snippets/34867344/3931baa9fc118dae3e407bfed95abd5b.png", "site_section": "http://news.rambler.ru/rss/europe/", "section_title": "Европа — Рамблер/новости", "url": "https://news.rambler.ru/europe/34867344-ani-lorak-otmetila-den-rozhdeniya-i-pokazala-svoy-grandioznyy-tort/", "country": "RU", "domain_rank": 289, "title": "Ани Лорак отметила день рождения и показала свой грандиозный торт", "performance_score": 0, "site": "rambler.ru", "participants_count": 1, "title_full": "Ани Лорак отметила день рождения и показала свой грандиозный торт", "spam_score": 0.0, "site_type": "news", "published": "2016-09-30T20:25:00.000+03:00", "replies_count": 0, "uuid": "565d3a188ccb53a242741ae16f636aaa07cab1dd"}, "author": "WMJ.RU", "url": "https://news.rambler.ru/europe/34867344-ani-lorak-otmetila-den-rozhdeniya-i-pokazala-svoy-grandioznyy-tort/", "ord_in_thread": 0, "title": "Ани Лорак отметила день рождения и показала свой грандиозный торт", "locations": [], "entities": {"persons": [], "locations": [], "organizations": []}, "highlightText": "", "language": "russian", "persons": [], "text": "Фото: WMJ.RU О главных сюрпризах в день 38-летия Ани Лорка уже рассказала: певица получила поздравление от своей 5-летней дочери Софии и представила новый клип «Разве ты любил». Что еще впечатлило именинницу? Огромный ярко-красный торт с ее фотографиями. Лорак опубликовала фото подарка в Instagram. День рождения продолжается! Спасибо за такой сладкий подарок! По вашим просьбам! Мой чудо торт! Но, конечно, самый главный подарок для Ани Лорак — поздравление от дочери Софии. 5-летняя девочка трогательно спела песню, посвященную маме. Подписчики звезды восхитились малышкой. Фото: Starface, Instagram", "external_links": [], "published": "2016-09-30T20:25:00.000+03:00", "crawled": "2016-10-01T01:33:48.261+03:00", "highlightTitle": ""}