{"organizations": [], "uuid": "0dd207f2bd328657667ec8d47e9a6519410cd869", "thread": {"social": {"gplus": {"shares": 0}, "pinterest": {"shares": 0}, "vk": {"shares": 0}, "linkedin": {"shares": 0}, "facebook": {"likes": 0, "shares": 0, "comments": 0}, "stumbledupon": {"shares": 0}}, "site_full": "www.yaplakal.com", "main_image": "", "site_section": "http://www.yaplakal.com/news.xml", "section_title": "ЯПлакалъ - развлекательное сообщество", "url": "http://www.yaplakal.com/forum28/topic1461941.html", "country": "DE", "domain_rank": 1217, "title": "Новый трейлер блокбастера Феди Бондарчука", "performance_score": 0, "site": "yaplakal.com", "participants_count": 1, "title_full": "Новый трейлер блокбастера Феди Бондарчука", "spam_score": 0.0, "site_type": "news", "published": "2016-09-30T21:46:00.000+03:00", "replies_count": 0, "uuid": "0dd207f2bd328657667ec8d47e9a6519410cd869"}, "author": "adm@yaplakal.com (sallem654)", "url": "http://www.yaplakal.com/forum28/topic1461941.html", "ord_in_thread": 0, "title": "Новый трейлер блокбастера Феди Бондарчука", "locations": [], "entities": {"persons": [], "locations": [], "organizations": []}, "highlightText": "", "language": "russian", "persons": [], "text": "Регистрация: 27.08.12 Сообщений: 411 Ну вот собственно и все то интересное что будет в этом фильме остальные 1,5 часа галимого дерьма.И да, Скайлайн уже давно вышел - зачетно слизано! Это сообщение отредактировал Ujinos - 30.09.2016 - 16:56", "external_links": [], "published": "2016-09-30T21:46:00.000+03:00", "crawled": "2016-10-01T10:41:33.102+03:00", "highlightTitle": ""}