{"organizations": [], "uuid": "683093bf01b9b0e3e628ea5124dd9082273deba0", "thread": {"social": {"gplus": {"shares": 0}, "pinterest": {"shares": 0}, "vk": {"shares": 0}, "linkedin": {"shares": 0}, "facebook": {"likes": 0, "shares": 0, "comments": 0}, "stumbledupon": {"shares": 0}}, "site_full": "haqqin.az", "main_image": "http://i.haqqin.az/178845_crop_0.jpg", "site_section": "http://haqqin.az/rss.xml", "section_title": "Haqqin", "url": "http://haqqin.az/news/81431", "country": "AZ", "domain_rank": 7072, "title": "Папа Римский в гостях у семьи Алиевых", "performance_score": 0, "site": "haqqin.az", "participants_count": 0, "title_full": "Папа Римский в гостях у семьи Алиевых", "spam_score": 0.0, "site_type": "news", "published": "2016-10-03T15:30:00.000+03:00", "replies_count": 0, "uuid": "683093bf01b9b0e3e628ea5124dd9082273deba0"}, "author": "", "url": "http://haqqin.az/news/81431", "ord_in_thread": 0, "title": "Папа Римский в гостях у семьи Алиевых", "locations": [], "entities": {"persons": [], "locations": [], "organizations": []}, "highlightText": "", "language": "russian", "persons": [], "text": "Папа Римский в гостях у семьи Алиевых фото 3 Октября 2016, 11:30 \nНакануне после своих переговоров с президентом Азербайджана Ильхамом Алиевым Папа Римский Франциск встретился с членами семьи президента Азербайджана, сообщает официальный сайт главы государства. \nПапа Франциск преподнес подарки членам семьи президента Ильхама Алиева. \nПосле этого состоялось взаимное вручение подарков. \nПапа Римский сообщил, что один из подарков, врученных им Президенту Ильхаму Алиеву и его супруге Мехрибан Алиевой, - это картина, которая демонстрирует милосердие в мире. \nПрезидент Ильхам Алиев вручил Папе Римскому в подарок прикладные работы азербайджанских мастеров. \n«Азербайджан – это край ковров. Это - наше национальное искусство. Этот ковер - наш подарок», - сказал Ильхам Алиев. \nПапа Римский подарил первой леди Азербайджана Мехрибан Алиевой изготовленный в Мексике поднос ручной работы с изображением птицы тукан. Поднос украшен памятной надписью-посвящением от имени Папы Римского. \nВ заключение была сделана фотография на память.", "external_links": [], "published": "2016-10-03T15:30:00.000+03:00", "crawled": "2016-10-03T10:43:22.051+03:00", "highlightTitle": ""}