{"organizations": [], "uuid": "41cecd35c84b2c1596fe0c92b0d99cfd9011afea", "thread": {"social": {"gplus": {"shares": 0}, "pinterest": {"shares": 0}, "vk": {"shares": 0}, "linkedin": {"shares": 0}, "facebook": {"likes": 0, "shares": 0, "comments": 0}, "stumbledupon": {"shares": 0}}, "site_full": "www.sports.ru", "main_image": "https://s5o.ru/common/images/i/logo/300x300_sports.png", "site_section": "http://www.sports.ru/rss/all_news.xml", "section_title": "Новости - Футбол, хоккей, баскетбол, теннис, бокс, Формула-1 – все новости спорта на Sports.ru", "url": "http://www.sports.ru/biathlon/1044474358.html", "country": "RU", "domain_rank": 2139, "title": "Мартен Фуркад, Дорен Абер и Монифика приняли участие в мероприятии спонсора сборной Франции", "performance_score": 0, "site": "sports.ru", "participants_count": 0, "title_full": "Мартен Фуркад, Дорен Абер и Монифика приняли участие в мероприятии спонсора сборной Франции", "spam_score": 0.0, "site_type": "news", "published": "2016-10-03T16:10:00.000+03:00", "replies_count": 0, "uuid": "41cecd35c84b2c1596fe0c92b0d99cfd9011afea"}, "author": "", "url": "http://www.sports.ru/biathlon/1044474358.html", "ord_in_thread": 0, "title": "Мартен Фуркад, Дорен Абер и Монифика приняли участие в мероприятии спонсора сборной Франции", "locations": [], "entities": {"persons": [], "locations": [], "organizations": []}, "highlightText": "", "language": "russian", "persons": [], "text": "прямо сейчас Мартен Фуркад, Дорен Абер и Монифика приняли участие в мероприятии спонсора сборной Франции Теги Симон Фуркад сборная Франции сборная Франции жен лыжные гонки Мартен Фуркад Мари Дорен Абер Алексис Беф сборная Франции Морис Манифика \nВ Париже прошло торжественное мероприятие фирмы Somfy, посвященное новому зимнему сезону. \nВ церемонии приняли участие французские биатлонисты Мартен и Симон Фуркады, Мари Дорен Абер, лыжник Морис Манифика и другие. \nОрганизатором мероприятия выступил бывший биатлонист Алексис Беф. \nСпортсменам были вручены награды от спонсора за выступление в прошедшем сезоне.", "external_links": [], "published": "2016-10-03T16:10:00.000+03:00", "crawled": "2016-10-03T11:18:36.696+03:00", "highlightTitle": ""}