{"organizations": [], "uuid": "9ccb8e0b6838f97c6a9d8139eebd5b84b29cd331", "thread": {"social": {"gplus": {"shares": 0}, "pinterest": {"shares": 0}, "vk": {"shares": 0}, "linkedin": {"shares": 0}, "facebook": {"likes": 6, "shares": 6, "comments": 0}, "stumbledupon": {"shares": 0}}, "site_full": "echo.msk.ru", "main_image": "http://echo.msk.ru/i/big_logo.png", "site_section": "http://echo.msk.ru/news/", "section_title": "Эхо Москвы :: Новости ", "url": "http://echo.msk.ru/news/1847740-echo.html", "country": "BZ", "domain_rank": 1609, "title": "Оппозиционера Сергея Мохнаткина избили в СИЗО города Котласа Архангельской области", "performance_score": 0, "site": "echo.msk.ru", "participants_count": 25, "title_full": "Эхо Москвы :: Новости / Оппозиционера Сергея Мохнаткина избили в СИЗО города Котласа Архангельской области", "spam_score": 0.003, "site_type": "news", "published": "2016-10-01T01:30:00.000+03:00", "replies_count": 60, "uuid": "9ccb8e0b6838f97c6a9d8139eebd5b84b29cd331"}, "author": "echo.msk.ru", "url": "http://echo.msk.ru/news/1847740-echo.html", "ord_in_thread": 0, "title": "Оппозиционера Сергея Мохнаткина избили в СИЗО города Котласа Архангельской области", "locations": [], "entities": {"persons": [], "locations": [], "organizations": []}, "highlightText": "", "language": "russian", "persons": [], "text": "Об этом сообщила его подруга Татьяна Пашкевич. По ее словам, на очередное заседание суда «сотрудники ФСИН притащили Мохнаткина за руки и бросили в клетку. Сергей был босым, а изо рта текла кровь», цитирует женщину интернет-портал «Медуза». Пашкевич опубликовала телеграмму Мохнаткина, в которой говорится, что он объявляет голодовку и отказывается выходить из камеры в знак протеста против действий администрации СИЗО, которая запрещает ему телефонные звонки.\nСергей Мохнаткин в 2010 году был приговорен к 2,5 годам колонии по обвинению в применении насилия к представителю власти во время оппозиционной акции. В 2012 году его помиловали. Через два года его вновь посадили по аналогичному обвинению, суд назначил оппозиционеру 4,5 года лишения свободы. А этим летом ему прибавили к сроку еще 11 месяцев, признав виновным в оскорблении сотрудника ФСИН.", "external_links": [], "published": "2016-10-01T01:30:00.000+03:00", "crawled": "2016-10-01T01:25:05.638+03:00", "highlightTitle": ""}