{"organizations": [], "uuid": "f5c7794b176cb59d867b697238991623ebd83bd7", "thread": {"social": {"gplus": {"shares": 0}, "pinterest": {"shares": 0}, "vk": {"shares": 0}, "linkedin": {"shares": 0}, "facebook": {"likes": 0, "shares": 0, "comments": 0}, "stumbledupon": {"shares": 0}}, "site_full": "ria.ru", "main_image": "https://cdn1.img.ria.ru/i/ria_bn_social.png", "site_section": "https://ria.ru/", "section_title": "РИА Новости", "url": "http://ria.ru/mh17/20160930/1478217650.html", "country": "RU", "domain_rank": 868, "title": "Нидерланды вызвали посла России для дачи объяснений после доклада по MH17", "performance_score": 0, "site": "ria.ru", "participants_count": 10, "title_full": "Нидерланды вызвали посла России для дачи объяснений после доклада по MH17 | РИА Новости", "spam_score": 0.331, "site_type": "news", "published": "2016-09-30T09:51:00.000+03:00", "replies_count": 22, "uuid": "f5c7794b176cb59d867b697238991623ebd83bd7"}, "author": "ria.ru", "url": "http://ria.ru/mh17/20160930/1478217650.html", "ord_in_thread": 0, "title": "Нидерланды вызвали посла России для дачи объяснений после доклада по MH17", "locations": [], "entities": {"persons": [], "locations": [], "organizations": []}, "highlightText": "", "language": "russian", "persons": [], "text": "МОСКВА, 30 сен — РИА Новости. МИД Нидерландов вызвал посла России в Гааге для дачи объяснений критики со стороны Москвы расследования катастрофы MH17, передает агентство Рейтер .\n© РИА Новости. Виталий Белоусов Перейти в фотобанк Доклад по MH17: какова цена \"неопровержимых доказательств\" следствия Представитель МИД России Мария Захарова в четверг заявила на брифинге, что Москва сожалеет в связи с низким качеством и политизированностью расследования крушения малайзийского Boeing в Донбассе.\nМинистр иностранных дел Нидерландов Берт Кундерс заявил, что российская реакция на результаты расследования \"ставит под сомнение честность, профессионализм и независимость\" следователей, передает агентство.\n\"Российскому послу сообщили, что такая необоснованная критика неприемлема\", — приводит агентство заявление МИД Нидерландов.\n© РИА Новости. Наталья Селиверстова Перейти в фотобанк Кремль не считает \"окончательной правдой\" выводы расследования по MH17 В Кремле вызов российского посла оценили позитивно. Пресс-секретарь президента России Дмитрий Песков отметил, что \"глава нашего дипломатического представительства в Нидерландах предоставит все соображения по нашей позиции, которую мы заняли\".\nСовместная следственная группа, которая работает над поиском виновных в крушении Boeing, обнародовала в среду предварительный доклад. Следователи считают, что самолет был сбит с подконтрольной ополченцам территории. В МИД России выразили разочарование ситуацией вокруг расследования катастрофы и заявили о предвзятости следствия, выводы которого основаны только на данных, предоставленных Украиной.\n© Инфографика Перейти в фотобанк Ход расследования катастрофы малайзийского Boeing рейса МН17", "external_links": ["http://visualrian.ru/images/item/2945848", "http://visualrian.ru/images/item/2921705", "http://visualrian.ru/ru/site/gallery/index/id/2946022/context/%7B%22info.static%22%3A%7B%22cl%22%3A%22ru%22%7D%7D/", "http://www.reuters.com/", "http://www.rian.ru/docs/about/copyright.html"], "published": "2016-09-30T09:51:00.000+03:00", "crawled": "2016-10-01T06:36:30.419+03:00", "highlightTitle": ""}