{"organizations": [], "uuid": "9dfa09a023bd732feacfbfabba39284cb2287c90", "thread": {"social": {"gplus": {"shares": 0}, "pinterest": {"shares": 0}, "vk": {"shares": 0}, "linkedin": {"shares": 0}, "facebook": {"likes": 3, "shares": 3, "comments": 0}, "stumbledupon": {"shares": 0}}, "site_full": "www.yaplakal.com", "main_image": "http://s00.yaplakal.com/pics/pics_original/5/6/2/8481265.jpg", "site_section": "http://www.yaplakal.com/news.xml", "section_title": "ЯПлакалъ - развлекательное сообщество", "url": "http://www.yaplakal.com/forum1/topic1461658.html", "country": "DE", "domain_rank": 1217, "title": "У беглого экс-сенатора Лебедева нашли имущество на 5 млрд рублей", "performance_score": 0, "site": "yaplakal.com", "participants_count": 1, "title_full": "У беглого экс-сенатора Лебедева нашли имущество на 5 млрд рублей", "spam_score": 0.0, "site_type": "news", "published": "2016-09-30T16:18:00.000+03:00", "replies_count": 0, "uuid": "9dfa09a023bd732feacfbfabba39284cb2287c90"}, "author": "adm@yaplakal.com (Jus)", "url": "http://www.yaplakal.com/forum1/topic1461658.html", "ord_in_thread": 0, "title": "У беглого экс-сенатора Лебедева нашли имущество на 5 млрд рублей", "locations": [], "entities": {"persons": [], "locations": [], "organizations": []}, "highlightText": "", "language": "russian", "persons": [], "text": "Регистрация: 30.05.06 Сообщений: 248750 И вообще, отмечает адвокат, Лебедев ни от кого не сбегал: он уехал намного раньше, чем началось расследование в его отношении.Лебедев с 2002 до 2015 год представлял Чувашию в Совете Федерации, параллельно развивая бизнес. Он совладелец ЗАО \"Группа Синтез\", которая занимается продажей нефти и нефтепродуктов. \"Синтез\" вырос из одноимённого кооператива, который в начале 90-х Лебедев основал вместе с приятелями Александром Жуковым (\"Интерфинанс\"; ГК \"Айсберри\") и Марком Гарбером (GHP Group; \"Роснефть-Сахалинморнефтегаз\"). Forbes оценивает его состояние в 2016 году в $0,75 млрд и ставит на 108-е место в списке богатейших бизнесменов страны.До того как стать сенатором и бизнесменом, работал в Торгово-промышленной палате СССР, потом в \"Москонцерте\". В конце 1980-х вместе с членом рок-группы \"Машина времени\" Александром Кутиковым основал звукозаписывающую компанию \"Синтез рекордз\". Лебедев вообще не чужд искусству — он продюсировал фильмы \"Стиляги\" и \"Географ глобус пропил\".В сентябре у сенатора начались крупные неприятности. Он попал сразу под два уголовных дела. Первое было возбуждено 7 сентября МВД по Тверской области. Полицейские заподозрили его в мошенничестве на $220 млн. В правоохранительные органы обратился представитель компании акционера Lonicera, которая владеет небольшой частью ТГК-2 (\"дочки\"\"Синтеза\"). Он пожаловался на невыплату дивидендов с 2009 по 2015 год. Кроме того, по сведениям источника, бывший сенатор вместе с топ-менеджерами ТГК-2 похитил у фирмы $220 млн, в результате другие акционеры понесли убытки.", "external_links": [], "published": "2016-09-30T16:18:00.000+03:00", "crawled": "2016-10-01T06:51:44.081+03:00", "highlightTitle": ""}