{"organizations": [], "uuid": "a4c4d58db9351b0fedfd8a92e8cd6993bdb674cf", "thread": {"social": {"gplus": {"shares": 0}, "pinterest": {"shares": 0}, "vk": {"shares": 0}, "linkedin": {"shares": 0}, "facebook": {"likes": 0, "shares": 0, "comments": 0}, "stumbledupon": {"shares": 0}}, "site_full": "news.meta.ua", "main_image": "", "site_section": "http://news.meta.ua/rss/", "section_title": "МЕТА Новости", "url": "http://news.meta.ua/go.php?to=2016-10-50882054", "country": "UA", "domain_rank": 7703, "title": "Мир: Соперник Кличко попался на употреблении кокаина", "performance_score": 0, "site": "meta.ua", "participants_count": 1, "title_full": "Мир: Соперник Кличко попался на употреблении кокаина", "spam_score": 0.0, "site_type": "news", "published": "2016-10-01T13:45:00.000+03:00", "replies_count": 0, "uuid": "a4c4d58db9351b0fedfd8a92e8cd6993bdb674cf"}, "author": "Мир", "url": "http://news.meta.ua/go.php?to=2016-10-50882054", "ord_in_thread": 0, "title": "Мир: Соперник Кличко попался на употреблении кокаина", "locations": [], "entities": {"persons": [], "locations": [], "organizations": []}, "highlightText": "", "language": "russian", "persons": [], "text": "А 24-го сентября бой снова был отменен. Украина криминальная >> сегодня, 08:45 \nВ августе Фьюри дисквалифицировали за допинг. В его крови нашли анаболический стероид нандролон. \nОднако \"бан\" быстро сняли - из-за протеста команды боксера. Он должен был провести бой-реванш с Владимиром Кличко. \nА 24-го сентября бой снова был отменен. Официальной причиной называли травму, но стало известно, что у Тайсона психологические проблемы. \nСудьбу поясов будут решать боксерские организации. \nНапомним, Фьюри отобрал у Кличко его титулы в ноябре 2015 года. Их бой-реванш дважды был перенесен. \nЕсли боксерские организации дадут Тайсону время на восстановление здоровья, то будет санкционирован бой за вакантный титул чемпиона мира. Также британца могут лишить титулов. // ТСН \nКажется, Тайсон Фьюри близок к потере своих чемпионских поясов - WBA, WBO и IBO. \nКроме того, что боксер страдает от депрессии, стало известно, что в этом месяце он снова провалил допинг-тест. \nКак пишет Daily Mail, действующий чемпион сдал положительный тест на кокаин.", "external_links": [], "published": "2016-10-01T13:45:00.000+03:00", "crawled": "2016-10-01T09:11:07.579+03:00", "highlightTitle": ""}