{"organizations": [], "uuid": "1a67bf82c0b1a80dd30e1f497875bb51d09ad91a", "thread": {"social": {"gplus": {"shares": 0}, "pinterest": {"shares": 0}, "vk": {"shares": 0}, "linkedin": {"shares": 0}, "facebook": {"likes": 0, "shares": 0, "comments": 0}, "stumbledupon": {"shares": 0}}, "site_full": "www.segodnya.ua", "main_image": "http://kiev.segodnya.ua/img/article/7568/79_main.jpg", "site_section": "http://www.segodnya.ua/xml/rss/specials.html", "section_title": "СЕГОДНЯ | Самые актуальные новости, мнения, комментарии", "url": "http://www.segodnya.ua/kpeople/v-kieve-velosipedisty-katalis-po-stancii-metro-756879.html", "country": "UA", "domain_rank": 5884, "title": "В Киеве велосипедисты катались по станции метро", "performance_score": 0, "site": "segodnya.ua", "participants_count": 0, "title_full": "В Киеве велосипедисты катались по станции метро", "spam_score": 0.0, "site_type": "news", "published": "2016-10-03T15:07:00.000+03:00", "replies_count": 0, "uuid": "1a67bf82c0b1a80dd30e1f497875bb51d09ad91a"}, "author": "", "url": "http://www.segodnya.ua/kpeople/v-kieve-velosipedisty-katalis-po-stancii-metro-756879.html", "ord_in_thread": 0, "title": "В Киеве велосипедисты катались по станции метро", "locations": [], "entities": {"persons": [], "locations": [], "organizations": []}, "highlightText": "", "language": "russian", "persons": [], "text": "В Киеве велосипедисты катались по станции метро Сегодня, 10:07 × E-mail: В Киеве велосипедисты катались по станции метро Ольга Мулько http://www.segodnya.ua/img/article/7568/79_main.jpg http://www.segodnya.ua/img/article/7568/79_tn.jpg 2016-10-03T10:07:25+03:00 Люди Экстремалы лавировали между пассажирами По метро - на велосипеде. Фото: Ольга Мулько В Киеве вчера днем в метро заметили необычных пассажиров: по платформе станции \" Дворец Спорта \" катались велосипедисты. Фото: Ольга Мулько Парни катались неподалеку от эскалатора, лавируя между людьми. Проехавшись по платформе, велосипедисты взяли свои двухколесники в руки и дальше шли по станции пешком. К счастью, во время \"велоприключения\" никто не пострадал. Фото: Ольга Мулько Если вы нашли ошибку в тексте, выделите её мышью и нажмите Ctrl+Enter Опрос Написать модератору Уважаемые читатели! Если вы не согласны с удалением вашего комментария на Сегодня.ua или возмущены некорректными записями других пользователей, пожалуйста, сообщите, о каком комментарии идет речь, кем и под какой статьей он был оставлен, а также аргументируйте свою позицию.Сообщения, где не указаны эти данные, рассмотрены не будут. Сообщение: Прогулки по Киеву Использование материалов и новостей Сегодня разрешается при условии ссылки на Сегодня.ua. Для новостных и интернет-изданий обязательной является прямая, открытая для поисковых систем, гиперссылка в первом абзаце на цитируемую статью или новость. Материалы, отмеченные знаками \"реклама\", \"PR\", \"Финансовый вопрос\", \"Новости компаний\", \"Официально\", \"Новости регионов\", \"Актуально\", \"Точка зрения\" публикуются на правах рекламы. Все материалы, которые размещены на сайте Сегодня.ua со ссылкой на агентства \"Интерфакс-Украина\" или \"Украинские новости\", не подлежат дальнейшему воспроизведению и/или распространению в любой форме, кроме как по письменному разрешению агентств \"Интерфакс-Украина\" или \"Украинские новости\" \n© 2012 ЧАО \"Сегодня Мультимедиа\"", "external_links": [], "published": "2016-10-03T15:07:00.000+03:00", "crawled": "2016-10-03T10:15:03.191+03:00", "highlightTitle": ""}