{"organizations": [], "uuid": "d4e0026bf1fb7488e5397ccdb8cea66d82862293", "thread": {"social": {"gplus": {"shares": 0}, "pinterest": {"shares": 0}, "vk": {"shares": 0}, "linkedin": {"shares": 0}, "facebook": {"likes": 0, "shares": 0, "comments": 0}, "stumbledupon": {"shares": 0}}, "site_full": "news.liga.net", "main_image": "http://news.liga.net/upload/iblock/d88/d88080dd54b3e4292f1d2a7574ed6ec2.jpg", "site_section": "http://news.liga.net/politics/rss.xml", "section_title": "Новости Украины 24 часа в сутки : ЛІГАБізнесІнформ", "url": "http://news.liga.net/news/politics/12952933-pashinskiy_zayavil_chto_prodal_ves_svoy_biznes.htm", "country": "UA", "domain_rank": 6813, "title": "Пашинский заявил, что продал весь свой бизнес", "performance_score": 0, "site": "liga.net", "participants_count": 0, "title_full": "Пашинский заявил, что продал весь свой бизнес", "spam_score": 0.0, "site_type": "news", "published": "2016-10-03T21:21:00.000+03:00", "replies_count": 0, "uuid": "d4e0026bf1fb7488e5397ccdb8cea66d82862293"}, "author": "", "url": "http://news.liga.net/news/politics/12952933-pashinskiy_zayavil_chto_prodal_ves_svoy_biznes.htm", "ord_in_thread": 0, "title": "Пашинский заявил, что продал весь свой бизнес", "locations": [], "entities": {"persons": [], "locations": [], "organizations": []}, "highlightText": "", "language": "russian", "persons": [], "text": "Пашинский заявил, что продал весь свой бизнес 03.10.2016 16:21 Один из лидеров Народного фронта Сергей Пашинский сказал, что продажа бизнеса дала ему возможность обеспечивать семью Поделиться: Сергей Пашинский \nГлава парламентского комитета по вопросам нацбезопасности и обороны, один из лидеров Народного фронта Сергей Пашинский сообщил, что продал свой бизнес 10 лет назад. Об этом он заявил в интервью ЛІГА.net . \n\"Когда я стал депутатом в 2006 году, то продал весь бизнес, которым занимался с 1991 года\", - сказал Пашинский. \nПо словам Пашинского, он получил достаточно приличную сумму. \"И это мне дает возможность обеспечивать семью\", - сказал Пашинский. \nОн уточнил, чтоза 10 лет у него было больше 100 помощников. \"Кто-то остался со мной, кто-то давно уже занимается своими делами. Один из моих бывших помощников сейчас работает у Фирташа . Так и напишите. Но это же не повод обвинять меня в сотрудничестве с Фирташем\", - отметил Пашинский.", "external_links": [], "published": "2016-10-03T21:21:00.000+03:00", "crawled": "2016-10-03T16:39:15.655+03:00", "highlightTitle": ""}