{"organizations": [], "uuid": "c5491ffd914c93e1b9bf6edbafcde8fe9736c0e8", "thread": {"social": {"gplus": {"shares": 0}, "pinterest": {"shares": 0}, "vk": {"shares": 0}, "linkedin": {"shares": 0}, "facebook": {"likes": 0, "shares": 0, "comments": 0}, "stumbledupon": {"shares": 0}}, "site_full": "112.ua", "main_image": "http://img.112.agency/original/2016/09/29/262287.jpg", "site_section": "http://112.ua/rss/index.rss", "section_title": "Новости 112.ua", "url": "http://112.ua/glavnye-novosti/kolichestvo-pogibshih-ot-otravleniya-surrogatnym-alkogolem-uvelichilos-do-40-chelovek-343067.html", "country": "UA", "domain_rank": 8311, "title": "Количество погибших от отравления суррогатным алкоголем увеличилось до 40 человек", "performance_score": 0, "site": "112.ua", "participants_count": 0, "title_full": "Количество погибших от отравления суррогатным алкоголем увеличилось до 40 человек", "spam_score": 0.0, "site_type": "news", "published": "2016-10-03T16:17:00.000+03:00", "replies_count": 0, "uuid": "c5491ffd914c93e1b9bf6edbafcde8fe9736c0e8"}, "author": "", "url": "http://112.ua/glavnye-novosti/kolichestvo-pogibshih-ot-otravleniya-surrogatnym-alkogolem-uvelichilos-do-40-chelovek-343067.html", "ord_in_thread": 0, "title": "Количество погибших от отравления суррогатным алкоголем увеличилось до 40 человек", "locations": [], "entities": {"persons": [], "locations": [], "organizations": []}, "highlightText": "", "language": "russian", "persons": [], "text": "Количество погибших от отравления суррогатным алкоголем увеличилось до 40 человек 11:17, 3 октября 2016 пресс-служба прокуратуры По состоянию на 9:00 3 октября 2016 в стране зарегистрировано 81 случай отравлений фальсифицированным опасным алкоголем, из них 40 случаев завершились летально. Об этом сообщает пресс-служба Госпотребслужбы.\nПо оперативному сообщению Главного управления Госпотребслужбы в Харьковской области за период с 1 по 2 октября 2016 количество пострадавших от отравления фальсифицированным опасным алкоголем составила - 62 человека, из них умерло - 27 человек. \nПо оперативным сообщениям территориальных органов Госпотребслужбы в Донецкой, Луганской, Житомирской и Николаевской областях новых случаев отравлений суррогатами алкоголя не зарегистрировано. \nВ разрезе регионов ситуация следующая: \nХарьковская область и г. Харьков: отравились - 62 человека, из них 27 умерли; \nЖитомирская область (г. Бердичев): отравились - 3 человека, умер 1 человек; \nДонецкая область (г. Лиман): отравились - 9 человек, из них 5 умерли; \nНиколаевская область (г. Николаев): отравились и умерли - 5 человек; \nЛуганская область (г. Рубежное): отравились и умерли - 2 человека. \nНапомним, организатор изготовления суррогатного алкоголя, от отравления которым в Харьковской области умерли по меньшей мере 20 человек , и три его сообщника задержаны. На прошлой неделе были арестованы 3 владельца магазинов, которые реализовывали эту продукцию. \nОтметим, что вспышка отравления некачественным алкоголем зафиксирована в 4 областях - Харьковской, Донецкой, Луганской и Николаевской. Сотрудники МВД обнаружили цех, в котором изготавливался суррогатный алкоголь , вызвавший массовое смертельное отравление.", "external_links": [], "published": "2016-10-03T16:17:00.000+03:00", "crawled": "2016-10-03T11:18:47.535+03:00", "highlightTitle": ""}