{"organizations": [], "uuid": "0407fa391b78ec2abb5bdf46333d6616464c7070", "thread": {"social": {"gplus": {"shares": 0}, "pinterest": {"shares": 0}, "vk": {"shares": 0}, "linkedin": {"shares": 0}, "facebook": {"likes": 31, "shares": 31, "comments": 0}, "stumbledupon": {"shares": 0}}, "site_full": "auto.mail.ru", "main_image": "https://auto.mail.ru/image/share/article-62406/89960-54/9ea802568a3ff87ed148fac8ebaac803/", "site_section": "https://auto.mail.ru/", "section_title": "Авто Mail.Ru: тест-драйвы, новости авторынка, авто-обзоры", "url": "https://auto.mail.ru/article/62406-luchshii_avtomobil_v_mire_obyavleny_pretendenty/", "country": "RU", "domain_rank": 27, "title": "Лучший автомобиль в мире: объявлены претенденты - автоновости", "performance_score": 0, "site": "mail.ru", "participants_count": 7, "title_full": "Лучший автомобиль в мире: объявлены претенденты - автоновости - Авто Mail.Ru", "spam_score": 0.015, "site_type": "news", "published": "2016-10-03T12:11:00.000+03:00", "replies_count": 6, "uuid": "0407fa391b78ec2abb5bdf46333d6616464c7070"}, "author": "auto.mail.ru", "url": "https://auto.mail.ru/article/62406-luchshii_avtomobil_v_mire_obyavleny_pretendenty/", "ord_in_thread": 0, "title": "Лучший автомобиль в мире: объявлены претенденты - автоновости", "locations": [], "entities": {"persons": [], "locations": [], "organizations": []}, "highlightText": "", "language": "russian", "persons": [], "text": "За звание самого лучшего автомобиля в мире в 2017 году будут бороться 22 модели. Победитель будет определен жюри из 73 журналистов из 20 стран мира и объявлен 13 апреля 2017 года на Международном автосалоне в Нью-Йорке.\nПомимо претендентов на победу в основном конкурсе («Всемирный автомобиль года»), организаторы также огласили конкурсантов в дополнительных категориях. В подкатегории «Всемирный премиальный/спортивный автомобиль года» (World Luxury and Performance Car of the Year) за звание лучшего будут бороться 13 моделей, в подкатегории «Всемирный экомобиль года» (World Green Car of the Year) — 11 моделей, а в новой номинации «Всемирный городской автомобиль года» (World Urban Car of the Year) — восемь моделей.\nБолее подробно со списком участников конкурса вы можете ознакомиться ниже. Добавим, что в 2016 году «Всемирным автомобилем года» был признан родстер Mazda MX-5.\nУчастники конкурса «Всемирный автомобиль года 2017» Всемирный автомобиль года Всемирный премиальный/спортивный автомобиль года Всемирный экомобиль года Всемирный городской автомобиль года Audi A5/S5 Coupé Audi R8 Spyder Audi Q7 e-tron 3.0 TDI quattro BMW i3 Audi Q2 BMW 5-й серии BMW 740e Performance Citroen C3 Audi Q5 Bentley Bentayga Chevrolet Bolt/Opel Ampera-e Citroen E-Mehari Buick LaCrosse Cadillac CT6 Chevrolet Malibu Hybrid Ford K+ Buick Envision Cadillac XT5 Honda Clarity Smart Brabus Chevrolet Cruze Honda/Acura NSX Hyunda Ioniq Smart Cabriolet Chrysler Pacifica Hyundai Genesis G90 Kia Niro Suzuki Baleno Fiat/Abarth 124 Spyder Lexus LC500 Mercedes-Benz GLC 350e Suzuki Ignis Honda Civic Lincoln Continental Tesla Model X\nHyundai Elantra Mercedes-Benz E-класса Toyota RAV4\nHyundai Genesis G80 Mercedes-AMG GT Roadster Toyota Prius Prime\nInfiniti Q60 Porsche Boxster/Caymann\nJaguar F-Pace Range Rover Evoque Cabriolet\nKia Kadenza Volvo S90/V90\nKia Rio\nKia Sportage\nMazda CX-9\nSeat Ateca\nSkoda Kodiaq\nSsangYong Tivoli Air/XLV\nSubaru Impreza\nToyota C-HR\nVolkswagen Tiguan", "external_links": [], "published": "2016-10-03T12:11:00.000+03:00", "crawled": "2016-10-03T21:14:25.320+03:00", "highlightTitle": ""}