{"organizations": [], "uuid": "0cb3bf90a7b1f9c7425a69b883bb1297ade93411", "thread": {"social": {"gplus": {"shares": 0}, "pinterest": {"shares": 0}, "vk": {"shares": 0}, "linkedin": {"shares": 0}, "facebook": {"likes": 0, "shares": 0, "comments": 0}, "stumbledupon": {"shares": 0}}, "site_full": "news.bigmir.net", "main_image": "http://bm.img.com.ua/berlin/storage/news/orig/1/57/1a70c44295fd3d9cbfd39c68b0dd5571.jpg", "site_section": "http://news.bigmir.net/?_ctr=rss", "section_title": "Новости - Главная", "url": "http://news.bigmir.net/world/1029315-V-Rossii-shkolnikam-zadaut-ychit-pesni-Kryga", "country": "UA", "domain_rank": 3864, "title": "В России школьникам задают учить песни Круга", "performance_score": 0, "site": "bigmir.net", "participants_count": 0, "title_full": "В России школьникам задают учить песни Круга", "spam_score": 0.0, "site_type": "news", "published": "2016-10-03T12:54:00.000+03:00", "replies_count": 0, "uuid": "0cb3bf90a7b1f9c7425a69b883bb1297ade93411"}, "author": "", "url": "http://news.bigmir.net/world/1029315-V-Rossii-shkolnikam-zadaut-ychit-pesni-Kryga", "ord_in_thread": 0, "title": "В России школьникам задают учить песни Круга", "locations": [], "entities": {"persons": [], "locations": [], "organizations": []}, "highlightText": "", "language": "russian", "persons": [], "text": "В России школьникам задают учить песни Круга 12 мин назад Комментариев: 1 Семиклассникам одной из российских школ учитель музыки задал выучить текст песни Владимирский централ. \nВ Новосибирске ученики гимназии №16 с углубленным изучением французского языка теперь изучают творчество Михаила Круга. Об этом сообщает местное российское издание FlashSiberia . \nПо словам родителей учеников, учитель музыки выдал семиклассникам текст песни Владимирский централ и рекомендовал выучить к следующему уроку в виде домашнего задания. \n\"Мы что-то не понимаем в этой жизни\", - сказали родители. \nПока нет комментариев руководства гимназии и департамента образования.", "external_links": [], "published": "2016-10-03T12:54:00.000+03:00", "crawled": "2016-10-03T08:08:25.442+03:00", "highlightTitle": ""}