{"organizations": [], "uuid": "946067bdb3384ab1ea282b4a7f3b6452d53199c3", "thread": {"social": {"gplus": {"shares": 0}, "pinterest": {"shares": 0}, "vk": {"shares": 0}, "linkedin": {"shares": 0}, "facebook": {"likes": 0, "shares": 0, "comments": 0}, "stumbledupon": {"shares": 0}}, "site_full": "video.bigmir.net", "main_image": "http://bm.img.com.ua/berlin/storage/video/600x500/a/ac/051e4c154433ee88287c7733ef9abaca.jpg", "site_section": "http://video.bigmir.net/?_ctr=rss", "section_title": "Video - Главная", "url": "http://video.bigmir.net/1plus1/prosport/591606-Samaya-predannaya-fanatka-Bragi-Genshchina-ne-moget-bit-nefartovoy-dlya-futbola/", "country": "UA", "domain_rank": 3864, "title": "Самая преданная фанатка \"Браги\": Женщина не может быть нефартовой для футбола", "performance_score": 0, "site": "bigmir.net", "participants_count": 0, "title_full": "Самая преданная фанатка \"Браги\": Женщина не может быть нефартовой для футбола", "spam_score": 0.0, "site_type": "news", "published": "2016-10-03T04:53:00.000+03:00", "replies_count": 0, "uuid": "946067bdb3384ab1ea282b4a7f3b6452d53199c3"}, "author": "", "url": "http://video.bigmir.net/1plus1/prosport/591606-Samaya-predannaya-fanatka-Bragi-Genshchina-ne-moget-bit-nefartovoy-dlya-futbola/", "ord_in_thread": 0, "title": "Самая преданная фанатка \"Браги\": Женщина не может быть нефартовой для футбола", "locations": [], "entities": {"persons": [], "locations": [], "organizations": []}, "highlightText": "", "language": "russian", "persons": [], "text": "Самая преданная фанатка \"Браги\": Женщина не может быть нефартовой для футбола 2 0 Вчера \n81-летняя суперфанка \"Браги\" приехала во Львов, чтобы поддержать свою команду во время матча с донецким Шахтером. Мелинья уверяет: нефартовость женщины для футболистов - это выдумка: \"Я болею - команда побеждает\". Госпожа болеет за Брагу более тридцати лет. Смотри также", "external_links": [], "published": "2016-10-03T04:53:00.000+03:00", "crawled": "2016-10-03T03:10:44.953+03:00", "highlightTitle": ""}