{"organizations": [], "uuid": "4f70c4a503d001a88e981a44d8a43fcf8bc996f2", "thread": {"social": {"gplus": {"shares": 0}, "pinterest": {"shares": 0}, "vk": {"shares": 0}, "linkedin": {"shares": 0}, "facebook": {"likes": 0, "shares": 0, "comments": 0}, "stumbledupon": {"shares": 0}}, "site_full": "www.championat.com", "main_image": "https://img.championat.com/news2/social/8/a6/2594412.jpg", "site_section": "http://www.championat.com/xml/rss.xml", "section_title": "Чемпионат.com  (новости)", "url": "https://www.championat.com/football/news-2594412-kandreva-v-matche-so-spartoj-inter-perezhil-eschjo-odno-shou-uzhasov.html", "country": "RU", "domain_rank": 1710, "title": "Кандрева: в матче со «Спартой» «Интер» пережил ещё одно шоу ужасов", "performance_score": 0, "site": "championat.com", "participants_count": 0, "title_full": "Кандрева: в матче со «Спартой» «Интер» пережил ещё одно шоу ужасов", "spam_score": 0.0, "site_type": "news", "published": "2016-10-01T05:55:00.000+03:00", "replies_count": 0, "uuid": "4f70c4a503d001a88e981a44d8a43fcf8bc996f2"}, "author": "", "url": "https://www.championat.com/football/news-2594412-kandreva-v-matche-so-spartoj-inter-perezhil-eschjo-odno-shou-uzhasov.html", "ord_in_thread": 0, "title": "Кандрева: в матче со «Спартой» «Интер» пережил ещё одно шоу ужасов", "locations": [], "entities": {"persons": [], "locations": [], "organizations": []}, "highlightText": "", "language": "russian", "persons": [], "text": "Кандрева: в матче со «Спартой» «Интер» пережил ещё одно шоу ужасов  55. Футбол Полузащитник «Интера» Антонио Кандрева прокомментировал поражение от пражской «Спарты» (1:3) во 2-м туре группового этапа Лиги Европы. В первом туре нерадзурри также потерпели фиаско, уступив со счётом 0:2 «Хапоэлю» из Беэр-Шевы. «Если мы будем играть так, как со „Спартой“, то не финишируем в чемпионате Италии даже в первой семёрке. Не знаю, что с нами происходит. В Чехии мы пережили ещё одно шоу ужасов. В Лиге Европы мы пока даже не играли в футбол», — цитирует Кандреву Football Italia.", "external_links": [], "published": "2016-10-01T05:55:00.000+03:00", "crawled": "2016-10-01T01:09:10.202+03:00", "highlightTitle": ""}