{"organizations": [], "uuid": "9b35f43306cfff11eabd440f15f6b6eb620b152f", "thread": {"social": {"gplus": {"shares": 0}, "pinterest": {"shares": 0}, "vk": {"shares": 0}, "linkedin": {"shares": 0}, "facebook": {"likes": 0, "shares": 0, "comments": 0}, "stumbledupon": {"shares": 0}}, "site_full": "www.mk.ru", "main_image": "http://www.mk.ru/media/img/mk.ru/mkru_og.jpg", "site_section": "http://www.mk.ru/rss/news/index.xml", "section_title": "Новостная лента - Московский Комсомолец", "url": "http://www.mk.ru/sport/2016/10/01/fyuri-mozhet-sokhranit-poyasa-nesmotrya-na-kokain-v-krovi.html", "country": "RU", "domain_rank": 3246, "title": "Фьюри может сохранить пояса, несмотря на кокаин в крови", "performance_score": 0, "site": "mk.ru", "participants_count": 0, "title_full": "Фьюри может сохранить пояса, несмотря на кокаин в крови", "spam_score": 0.0, "site_type": "news", "published": "2016-10-01T14:34:00.000+03:00", "replies_count": 0, "uuid": "9b35f43306cfff11eabd440f15f6b6eb620b152f"}, "author": "", "url": "http://www.mk.ru/sport/2016/10/01/fyuri-mozhet-sokhranit-poyasa-nesmotrya-na-kokain-v-krovi.html", "ord_in_thread": 0, "title": "Фьюри может сохранить пояса, несмотря на кокаин в крови", "locations": [], "entities": {"persons": [], "locations": [], "organizations": []}, "highlightText": "", "language": "russian", "persons": [], "text": "Фьюри может сохранить пояса, несмотря на кокаин в крови Сегодня в 09:34, просмотров: 326 \nКак сообщалось ранее у чемпиона мира по боксу в супертяжелом весе британца Тайсона Фьюри обнаружен кокаин после допинг-теста. Теоретически, он должен быть лишен всех поясов. Однако, как сообщает Guardian , боксер может избежать наказания. Дело в том, что употребление кокаина во внесоревновательный период не является нарушением антидопинговых правил. \nНапомним, что Фьюри должен провести бой-реванш с украинцем Владимиром Кличко, правда пока этот бой перенесен на неопределенный срок. Контакты \n© ЗАО \"Редакция газеты \"Московский Комсомолец\" Электронное периодическое издание «MK.ru» \nЗарегистрировано Федеральной службой по надзору в сфере связи, информационных технологий и массовых коммуникаций (Роскомнадзор). Свидетельство Эл № ФС77-45245 Редакция - ЗАО \"Редакция газеты \"Московский Комсомолец\". Адрес редакции: 125993, г. Москва, ул. 1905 года, д. 7, стр. 1. Телефон: +7(495)609-44-44, +7(495)609-44-33 Реклама третьих сторон \nВсе права на материалы, опубликованные на сайте www.mk.ru, принадлежат редакции и охраняются в соответствии с законодательством РФ. \nИспользование материалов, опубликованных на сайте www.mk.ru допускается только с письменного разрешения правообладателя и с обязательной прямой гиперссылкой на страницу, с которой материал заимствован. Гиперссылка должна размещаться непосредственно в тексте, воспроизводящем оригинальный материал mk.ru, до или после цитируемого блока.", "external_links": [], "published": "2016-10-01T14:34:00.000+03:00", "crawled": "2016-10-01T09:55:30.581+03:00", "highlightTitle": ""}