{"organizations": [], "uuid": "3f84a42edc4075ba3efdc0da6ea958df9f1ae5c5", "thread": {"social": {"gplus": {"shares": 0}, "pinterest": {"shares": 0}, "vk": {"shares": 0}, "linkedin": {"shares": 0}, "facebook": {"likes": 0, "shares": 0, "comments": 0}, "stumbledupon": {"shares": 0}}, "site_full": "www.sports.ru", "main_image": "https://s5o.ru/common/images/i/logo/300x300_sports.png", "site_section": "http://www.sports.ru/rss/all_news.xml", "section_title": "Новости - Футбол, хоккей, баскетбол, теннис, бокс, Формула-1 – все новости спорта на Sports.ru", "url": "http://www.sports.ru/hockey/1044487381.html", "country": "RU", "domain_rank": 2139, "title": "Боченски — лучший снайпер среди иностранных игроков в истории КХЛ", "performance_score": 0, "site": "sports.ru", "participants_count": 0, "title_full": "Боченски — лучший снайпер среди иностранных игроков в истории КХЛ", "spam_score": 0.0, "site_type": "news", "published": "2016-10-04T00:21:00.000+03:00", "replies_count": 0, "uuid": "3f84a42edc4075ba3efdc0da6ea958df9f1ae5c5"}, "author": "", "url": "http://www.sports.ru/hockey/1044487381.html", "ord_in_thread": 0, "title": "Боченски — лучший снайпер среди иностранных игроков в истории КХЛ", "locations": [], "entities": {"persons": [], "locations": [], "organizations": []}, "highlightText": "", "language": "russian", "persons": [], "text": "Новость добавлена пользователем. Что это значит? \nРедакция собирает новости из сотен источников, но при всем желании не может охватить все уголки спортивного мира. Поэтому мы дали возможность каждому пользователю участвовать в коллективном сборе и переводе информации. Добавляйте новости, которых не хватает на сайте, и оценивайте их качество плюсами и минусами. \nНовости, одобренные другими пользователями или перенесенные в редакционную ленту, попадают в мобильные приложения и повышают рейтинг их автора на сайте", "external_links": [], "published": "2016-10-04T00:21:00.000+03:00", "crawled": "2016-10-03T19:30:02.893+03:00", "highlightTitle": ""}