{"organizations": [], "uuid": "794effeda47be5f02c158b00b1ba446aef062055", "thread": {"social": {"gplus": {"shares": 0}, "pinterest": {"shares": 0}, "vk": {"shares": 0}, "linkedin": {"shares": 0}, "facebook": {"likes": 0, "shares": 0, "comments": 0}, "stumbledupon": {"shares": 0}}, "site_full": "ria.ru", "main_image": "https://cdn3.img.ria.ru/images/147693/71/1476937193.jpg", "site_section": "https://ria.ru/", "section_title": "РИА Новости", "url": "http://ria.ru/defense_safety/20161003/1478382270.html", "country": "RU", "domain_rank": 868, "title": "В ГД внесен проект о приостановлении соглашении об утилизации плутония", "performance_score": 0, "site": "ria.ru", "participants_count": 1, "title_full": "В ГД внесен проект о приостановлении соглашении об утилизации плутония | РИА Новости", "spam_score": 0.05, "site_type": "news", "published": "2016-10-03T11:59:00.000+03:00", "replies_count": 0, "uuid": "794effeda47be5f02c158b00b1ba446aef062055"}, "author": "ria.ru", "url": "http://ria.ru/defense_safety/20161003/1478382270.html", "ord_in_thread": 0, "title": "В ГД внесен проект о приостановлении соглашении об утилизации плутония", "locations": [], "entities": {"persons": [], "locations": [], "organizations": []}, "highlightText": "", "language": "russian", "persons": [], "text": "МОСКВА, 3 окт — РИА Новости. Президент РФ Владимир Путин внес в Госдуму законопроект о приостановлении Российской Федерацией действия соглашения между правительствами РФ и США об утилизации плутония, следует из базы данных нижней палаты парламента.\nПутин ранее распорядился приостановить действие соглашения с США об утилизации избыточного оружейного плутония.\nПодробнее о соглашении России и США об утилизации плутония читайте в справке >>", "external_links": [], "published": "2016-10-03T11:59:00.000+03:00", "crawled": "2016-10-03T16:07:42.932+03:00", "highlightTitle": ""}