{"organizations": [], "uuid": "0a9bcc9b044b2dbf3678f992cea8a6c39d5a8967", "thread": {"social": {"gplus": {"shares": 3}, "pinterest": {"shares": 0}, "vk": {"shares": 0}, "linkedin": {"shares": 0}, "facebook": {"likes": 6, "shares": 6, "comments": 0}, "stumbledupon": {"shares": 0}}, "site_full": "rusvesna.su", "main_image": "http://rusvesna.su/sites/default/files/styles/487_256/public/ssha_internet_kontrol_obama.jpg?itok=hIW6AM0m", "site_section": "http://rusvesna.su/rss.xml", "section_title": "Русская весна", "url": "http://rusvesna.su/news/1475427476", "country": "US", "domain_rank": 4346, "title": "США лишаются возможности контроля за мировым интернетом", "performance_score": 0, "site": "rusvesna.su", "participants_count": 0, "title_full": "США лишаются возможности контроля за мировым интернетом", "spam_score": 0.0, "site_type": "news", "published": "2016-10-03T00:57:00.000+03:00", "replies_count": 0, "uuid": "0a9bcc9b044b2dbf3678f992cea8a6c39d5a8967"}, "author": "", "url": "http://rusvesna.su/news/1475427476", "ord_in_thread": 0, "title": "США лишаются возможности контроля за мировым интернетом", "locations": [], "entities": {"persons": [], "locations": [], "organizations": []}, "highlightText": "", "language": "russian", "persons": [], "text": "США лишаются возможности контроля за мировым интернетом 02.10.2016 - 19:57 \nВ субботу, 1 октября, истек контракт корпорации по управлению доменными именами и IP-адресами (ICANN) с министерством торговли США и Национальным управлением информации и связи (NTIA). Об этом сообщает Financial Times. \nОкончание договора означает, что исполнение технических функций по работе интернета — администрация адресного пространства интернета (IANA) — полностью переходит под контроль международного сообщества, а США лишаются теоретической возможности контролировать управление мировой сетью. \nДо 1 октября ICANN была связана обязательствами с Министерством торговли США, теперь же обработку запросов на изменения в корневой базе имен и IP-адресов интернета будет осуществлять внутренняя структура организации. В нее войдут представители властей всех стран, которые являются членами правительственного комитета ICANN, а также работники интернет-отрасли и пользователи сети. \nРанее интернет-сообщество одобрило схему управления глобальной сетью по принципу мультистейкхолдеризма — эта модель подразумевает участие всех заинтересованных сторон из разных стран мира. ICANN разработала соответствующий план, но в 2015 году Министерство торговли США настояло на продлении контракта еще на год. Присоединяйтесь к «Русской Весне» в Одноклассниках , Facebook , ВКонтакте , Twitter , чтобы быть в курсе последних новостей. Читайте также", "external_links": [], "published": "2016-10-03T00:57:00.000+03:00", "crawled": "2016-10-02T20:03:23.140+03:00", "highlightTitle": ""}