{"organizations": [], "uuid": "84fb17169c29646c9005f2f1b37ae62f112a8336", "thread": {"social": {"gplus": {"shares": 0}, "pinterest": {"shares": 0}, "vk": {"shares": 0}, "linkedin": {"shares": 0}, "facebook": {"likes": 0, "shares": 0, "comments": 0}, "stumbledupon": {"shares": 0}}, "site_full": "echo.msk.ru", "main_image": "http://echo.msk.ru/i/big_logo.png", "site_section": "http://echo.msk.ru/", "section_title": "Эхо Москвы ", "url": "http://echo.msk.ru/news/1849064-echo.html", "country": "BZ", "domain_rank": 1609, "title": "В Варшаве сегодня пройдет массовая забастовка против планов властей Польши полностью запретить аборты в стране", "performance_score": 0, "site": "echo.msk.ru", "participants_count": 2, "title_full": "Эхо Москвы :: Новости / В Варшаве сегодня пройдет массовая забастовка против планов властей Польши полностью запретить аборты в стране", "spam_score": 0.001, "site_type": "news", "published": "2016-10-03T18:32:00.000+03:00", "replies_count": 1, "uuid": "84fb17169c29646c9005f2f1b37ae62f112a8336"}, "author": "echo.msk.ru", "url": "http://echo.msk.ru/news/1849064-echo.html", "ord_in_thread": 0, "title": "В Варшаве сегодня пройдет массовая забастовка против планов властей Польши полностью запретить аборты в стране", "locations": [], "entities": {"persons": [], "locations": [], "organizations": []}, "highlightText": "", "language": "russian", "persons": [], "text": "Акцию протестующие назвали «чёрный понедельник». В этот день десятки тысяч женщин в Варшаве не выйдут на работу под разными предлогами. Одни взяли отгул, другие в отпуске, третьи собираются объяснить начальству прогул необходимостью ухода за ребёнком или тем, что сдавали кровь как доноры. Участницы протестной акции договорились облачиться во всё чёрное – отсюда название забастовки.\nК ней присоединилась известная польская актриса Кристина Янда. Она отказалась сегодня выходить на сцену, чтобы играть в спектакле. Янда извинилась перед поклонниками, пояснив у себя в фейсбуке: она решила присоединиться к забастовке польских женщин, организованной против покушения на их жизнь, права и свободы. Недовольство вызвано законопроектом, внесённым в парламент общественной организацией Стоп абортам. Активисты предложили полностью запретить в Польше эту операцию и уголовно преследовать женщин, которые делают аборты.\nПри этом глава польского МИДа Витольд Ващиковский сказал, что никто права женщин не нарушает. Помимо Варшавы акции пройдут и в других крупных городах страны.\nПока в Польше действует закон, который запрещает аборты без медицинских оснований — наличие угрозы для жизни и здоровья матери или серьёзной патологии плода, напоминает ТАСС.", "external_links": [], "published": "2016-10-03T18:32:00.000+03:00", "crawled": "2016-10-03T09:57:54.894+03:00", "highlightTitle": ""}