{"organizations": [], "uuid": "0518cb44cef6e711ef3eeff500743c8e3f16df0d", "thread": {"social": {"gplus": {"shares": 0}, "pinterest": {"shares": 0}, "vk": {"shares": 0}, "linkedin": {"shares": 0}, "facebook": {"likes": 0, "shares": 0, "comments": 0}, "stumbledupon": {"shares": 0}}, "site_full": "www.mk.ru", "main_image": "http://www.mk.ru/media/img/mk.ru/mkru_og.jpg", "site_section": "http://www.mk.ru/rss/news/index.xml", "section_title": "Новостная лента - Московский Комсомолец", "url": "http://www.mk.ru/politics/2016/10/01/novak-nazval-dolg-belorussii-za-gaz.html", "country": "RU", "domain_rank": 3246, "title": "Новак назвал долг Белоруссии за газ", "performance_score": 0, "site": "mk.ru", "participants_count": 0, "title_full": "Новак назвал долг Белоруссии за газ", "spam_score": 0.0, "site_type": "news", "published": "2016-10-01T17:33:00.000+03:00", "replies_count": 0, "uuid": "0518cb44cef6e711ef3eeff500743c8e3f16df0d"}, "author": "", "url": "http://www.mk.ru/politics/2016/10/01/novak-nazval-dolg-belorussii-za-gaz.html", "ord_in_thread": 0, "title": "Новак назвал долг Белоруссии за газ", "locations": [], "entities": {"persons": [], "locations": [], "organizations": []}, "highlightText": "", "language": "russian", "persons": [], "text": "Новак назвал долг Белоруссии за газ Сегодня в 12:33, просмотров: 58 \nМинистр энергетики РФ Александр Новак сообщил, что задолженность Белоруссии за уже предоставленный Россией газ составляет 270-300 млн долларов. Сейчас переговоры с белорусской стороной по оплате задолженности продолжаются. \nЗадолженность Белоруссии за поставленный из России газ в настоящее время составляет около 270-300 миллионов долларов, переговоры продолжаются. \nНапомним, что Минск долг не признает и заявляет о несправедливости контрактной цены в 132,77 доллара за тысячу кубометров. Контакты \n© ЗАО \"Редакция газеты \"Московский Комсомолец\" Электронное периодическое издание «MK.ru» \nЗарегистрировано Федеральной службой по надзору в сфере связи, информационных технологий и массовых коммуникаций (Роскомнадзор). Свидетельство Эл № ФС77-45245 Редакция - ЗАО \"Редакция газеты \"Московский Комсомолец\". Адрес редакции: 125993, г. Москва, ул. 1905 года, д. 7, стр. 1. Телефон: +7(495)609-44-44, +7(495)609-44-33 Реклама третьих сторон \nВсе права на материалы, опубликованные на сайте www.mk.ru, принадлежат редакции и охраняются в соответствии с законодательством РФ. \nИспользование материалов, опубликованных на сайте www.mk.ru допускается только с письменного разрешения правообладателя и с обязательной прямой гиперссылкой на страницу, с которой материал заимствован. Гиперссылка должна размещаться непосредственно в тексте, воспроизводящем оригинальный материал mk.ru, до или после цитируемого блока.", "external_links": [], "published": "2016-10-01T17:33:00.000+03:00", "crawled": "2016-10-01T12:39:40.069+03:00", "highlightTitle": ""}