{"organizations": [], "uuid": "331e99098a607ae0033d7b3ffad639532f62c5eb", "thread": {"social": {"gplus": {"shares": 0}, "pinterest": {"shares": 0}, "vk": {"shares": 0}, "linkedin": {"shares": 0}, "facebook": {"likes": 0, "shares": 0, "comments": 0}, "stumbledupon": {"shares": 0}}, "site_full": "echo.msk.ru", "main_image": "http://echo.msk.ru/i/big_logo.png", "site_section": "http://echo.msk.ru/news/", "section_title": "Эхо Москвы :: Новости ", "url": "http://echo.msk.ru/news/1848118-echo.html", "country": "BZ", "domain_rank": 1609, "title": "Шотландский боксер погиб после нокаута", "performance_score": 0, "site": "echo.msk.ru", "participants_count": 3, "title_full": "Эхо Москвы :: Новости / Шотландский боксер погиб после нокаута", "spam_score": 0.0, "site_type": "news", "published": "2016-10-01T19:04:00.000+03:00", "replies_count": 2, "uuid": "331e99098a607ae0033d7b3ffad639532f62c5eb"}, "author": "echo.msk.ru", "url": "http://echo.msk.ru/news/1848118-echo.html", "ord_in_thread": 0, "title": "Шотландский боксер погиб после нокаута", "locations": [], "entities": {"persons": [], "locations": [], "organizations": []}, "highlightText": "", "language": "russian", "persons": [], "text": "Матч за британский чемпионский титул в полусреднем весе проходил в Глазго.\n25-летний Майк Тоуэлл считался весьма успешным спортсменом. За свою непродолжительную профессиональную карьеру «железный Майк» одержал 11 обед и лишь 1 бой завершил вничью.\nВ последний раз боксер вышел на ринг несколько дней назад. В первом же раунде Тоуэлл получил нокдаун, но оправился от удара, а уже в пятом был нокаутирован. Шотландца унесли на носилках и доставили в больницу, где его подключили к аппарату искусственной вентиляции легких.\nКак пишет газета Daily Mail со ссылкой на менеджера, спортсмен находился в критическом состоянии. Врачи диагностировали у него отек мозга и кровоизлияние. Несмотря на все усилия медиков, спасти Тоуэлла не удалось. По словам супруги, накануне последнего боя боксер жаловался на мигрень, но списал это на стресс перед схваткой.\nВ сети уже появился фрагмент поединка с участием Тоуэлла.", "external_links": [], "published": "2016-10-01T19:04:00.000+03:00", "crawled": "2016-10-01T11:11:32.143+03:00", "highlightTitle": ""}