{"organizations": [], "uuid": "aeb9eb1a8e63b4d21d2905a6d841ef17da6e66b2", "thread": {"social": {"gplus": {"shares": 0}, "pinterest": {"shares": 0}, "vk": {"shares": 0}, "linkedin": {"shares": 0}, "facebook": {"likes": 0, "shares": 0, "comments": 0}, "stumbledupon": {"shares": 0}}, "site_full": "rg.ru", "main_image": "https://rg.ru/res/images/logo/rg-600x600.jpg", "site_section": "http://www.rg.ru/xml/index.xml", "section_title": "Российская Газета", "url": "https://rg.ru/2016/10/02/reg-szfo/v-lenoblasti-mladenec-umer-v-sobstvennoj-krovatke.html", "country": "RU", "domain_rank": 3002, "title": "В Ленобласти младенец умер в собственной кроватке", "performance_score": 0, "site": "rg.ru", "participants_count": 0, "title_full": "В Ленобласти младенец умер в собственной кроватке", "spam_score": 0.0, "site_type": "news", "published": "2016-10-02T17:59:00.000+03:00", "replies_count": 0, "uuid": "aeb9eb1a8e63b4d21d2905a6d841ef17da6e66b2"}, "author": "", "url": "https://rg.ru/2016/10/02/reg-szfo/v-lenoblasti-mladenec-umer-v-sobstvennoj-krovatke.html", "ord_in_thread": 0, "title": "В Ленобласти младенец умер в собственной кроватке", "locations": [], "entities": {"persons": [], "locations": [], "organizations": []}, "highlightText": "", "language": "russian", "persons": [], "text": "Текст: Алексей Васильев (Ленинградская область) \nСотрудники гатчинского следственного отдела СУ СК РФ по Ленобласти выясняют причину смерти месячной девочки. Тело младенца было обнаружено накануне. читайте также В Ленобласти младенец умер при домашних родах \nКак сообщает пресс-служба Следственного управления, трагедия произошла в одном из домов деревни Большое Рейзино Гатчинского района. Накануне вечером мать покормила дочку и уложила ее в кроватку, а утром ребенок уже не подавал признаков жизни. \n- При осмотре тела младенца признаков насильственной смерти не обнаружено, - отметили в региональном СУ СК. - Процессуальное решение будет принято по результатам медицинского исследования и производства необходимых проверочных мероприятий. Читайте в рубрике Происшествия", "external_links": [], "published": "2016-10-02T17:59:00.000+03:00", "crawled": "2016-10-02T13:24:21.868+03:00", "highlightTitle": ""}