{"organizations": [], "uuid": "0cb440ad06c24a7b54bc72dcec94d1986d2754d9", "thread": {"social": {"gplus": {"shares": 2}, "pinterest": {"shares": 0}, "vk": {"shares": 0}, "linkedin": {"shares": 0}, "facebook": {"likes": 19, "shares": 19, "comments": 0}, "stumbledupon": {"shares": 0}}, "site_full": "rg.ru", "main_image": "https://cdnimg.rg.ru/img/content/131/42/46/cxbyw4k4mfq_850_t_650x433.jpg", "site_section": "http://www.rg.ru/xml/index.xml", "section_title": "Российская Газета", "url": "https://rg.ru/2016/10/01/reg-pfo/avtovaz-predlozhit-dva-psevdosportivnyh-biudzhetnika.html", "country": "RU", "domain_rank": 3002, "title": "АвтоВАЗ предложит два псевдоспортивных \"бюджетника\"", "performance_score": 0, "site": "rg.ru", "participants_count": 0, "title_full": "АвтоВАЗ предложит два псевдоспортивных \"бюджетника\"", "spam_score": 0.0, "site_type": "news", "published": "2016-10-01T23:35:00.000+03:00", "replies_count": 0, "uuid": "0cb440ad06c24a7b54bc72dcec94d1986d2754d9"}, "author": "", "url": "https://rg.ru/2016/10/01/reg-pfo/avtovaz-predlozhit-dva-psevdosportivnyh-biudzhetnika.html", "ord_in_thread": 0, "title": "АвтоВАЗ предложит два псевдоспортивных \"бюджетника\"", "locations": [], "entities": {"persons": [], "locations": [], "organizations": []}, "highlightText": "", "language": "russian", "persons": [], "text": "Текст: Андрей Полухин Фото: \"АвтоСреда\" \nАвтоВАЗ вскоре начнет реализацию автомобилей Lada Granta Sport и Kalina Sport в новой комплектации Drive Active. Директор проекта Lada Sport Владислав Незванкин, который сообщил о старте продаж тольяттинскому порталу \" Детали-Авто \", назвал эти модели \"антикризисным предложением на падающем рынке\". По сведениям газеты \" АвтоСреда \", машины будут стоить 461 000 и 471 000 рублей соответственно - существенно дешевле, чем обычные версии спорткаров. читайте также АвтоВАЗ опроверг данные об экспорте спортивных Lada в ЕС \nВпрочем, речь идет, по сути, о псевдоспортивных автомобилях. Дизайн экстерьера и интерьера будет соответствовать базовым моделям, но по оснащению новинки займут промежуточное положение между серийными Granta и Kalina и их спортивными версиями. В комплектации Drive Active будут иные задние амортизаторы и пружины, другие углы установки колес и телескопические стойки передней подвески. \nВ настоящее время АвтоВАЗ предлагает по две комплектации Lada Granta Sport и Kalina Sport - с 16-клапанным двигателем объемом 1,6 литра мощностью 118 л.с. и модернизированной механической коробкой передач. Минимальная цена без учета спецпредложений - 541 000 и 551 000 рублей соответственно. Кроме того в товарной линейке доступна Kalina NFR с мотором, форсированным до 136 л.с. Эта модель продается за 850 000 рублей. читайте также", "external_links": [], "published": "2016-10-01T23:35:00.000+03:00", "crawled": "2016-10-01T18:41:51.051+03:00", "highlightTitle": ""}