{"organizations": [], "uuid": "1762dc4e6bcd7c8c0d5a6fdd6caedd9633ea872b", "thread": {"social": {"gplus": {"shares": 0}, "pinterest": {"shares": 0}, "vk": {"shares": 0}, "linkedin": {"shares": 0}, "facebook": {"likes": 0, "shares": 0, "comments": 0}, "stumbledupon": {"shares": 0}}, "site_full": "topwar.ru", "main_image": "https://topwar.ru/uploads/posts/2016-10/1475483588_1.jpg", "site_section": "http://topwar.ru/rss.xml", "section_title": "Военное обозрение", "url": "https://topwar.ru/101533-admiral-nahimov-pervym-poluchit-morskuyu-versiyu-zrk-pancir.html", "country": "RU", "domain_rank": 8053, "title": "«Адмирал Нахимов» первым получит морскую версию ЗРК «Панцирь»", "performance_score": 0, "site": "topwar.ru", "participants_count": 0, "title_full": "«Адмирал Нахимов» первым получит морскую версию ЗРК «Панцирь»", "spam_score": 0.0, "site_type": "news", "published": "2016-10-03T16:33:00.000+03:00", "replies_count": 0, "uuid": "1762dc4e6bcd7c8c0d5a6fdd6caedd9633ea872b"}, "author": "", "url": "https://topwar.ru/101533-admiral-nahimov-pervym-poluchit-morskuyu-versiyu-zrk-pancir.html", "ord_in_thread": 0, "title": "«Адмирал Нахимов» первым получит морскую версию ЗРК «Панцирь»", "locations": [], "entities": {"persons": [], "locations": [], "organizations": []}, "highlightText": "", "language": "russian", "persons": [], "text": "«Адмирал Нахимов» первым получит морскую версию ЗРК «Панцирь» Сегодня, 11:33 Крейсер «Адмирал Нахимов» станет первым в российском флоте кораблём, вооружённым морской версией зенитного комплекса «Панцирь», сообщает Российская газета со ссылкой на директора тульского КБ машиностроения Дмитрия Коноплева.«\"Панцирь-М\" с 2017 года начнет поступать на вооружение. Первым будет оснащен \"Адмирал Нахимов\", крейсер получит шесть установок. Они заменят зенитный комплекс \"Кортик\"», – сказал Коноплев.По его словам, «помимо штатных ракет от сухопутного \"Панциря\", корабельная версия может оснащаться перспективной ракетой \"Гермес-К\" с наведением от беспилотника».Ранее главный конструктор КБП Александр Жуков сообщал о запуске «Панциря-М» в серийное производство.Справка газеты: «Сухопутная версия комплекса малого радиуса действия \"Панцирь\" принята на вооружение в 2012 г. Электроника комплекса обнаруживает любые летящие объекты: от миниатюрных беспилотников до крылатых ракет и самолетов-невидимок. От захвата цели до открытия огня проходит 1,5 секунды. Одновременно \"Панцирь\" может обстреливать до 4-х объектов, причем система способна работать под управлением операторов, в автоматическом режиме, получать целеуказания извне или сама управлять батареей из шести установок». Использованы фотографии: http://www.bort080.ru \nМнение редакции \"Военного обозрения\" может не совпадать с точкой зрения авторов публикаций Ctrl Enter", "external_links": [], "published": "2016-10-03T16:33:00.000+03:00", "crawled": "2016-10-03T13:17:06.077+03:00", "highlightTitle": ""}