{"organizations": [], "uuid": "6cdbc6b731c39b256a9065e35fb40e58329e7998", "thread": {"social": {"gplus": {"shares": 0}, "pinterest": {"shares": 0}, "vk": {"shares": 0}, "linkedin": {"shares": 0}, "facebook": {"likes": 0, "shares": 0, "comments": 0}, "stumbledupon": {"shares": 0}}, "site_full": "news.bigmir.net", "main_image": "http://bm.img.com.ua/berlin/storage/news/orig/f/0e/95c11f303485b38a138230f1afe6d0ef.jpg", "site_section": "http://news.bigmir.net/?_ctr=rss", "section_title": "Новости - Главная", "url": "http://news.bigmir.net/ukraine/1029205-Terroristi-obstrelyali-pozicii-VSY-nedaleko-ot-Zolotogo", "country": "UA", "domain_rank": 3864, "title": "Террористы обстреляли позиции ВСУ недалеко от Золотого", "performance_score": 0, "site": "bigmir.net", "participants_count": 0, "title_full": "Террористы обстреляли позиции ВСУ недалеко от Золотого", "spam_score": 0.0, "site_type": "news", "published": "2016-10-02T00:34:00.000+03:00", "replies_count": 0, "uuid": "6cdbc6b731c39b256a9065e35fb40e58329e7998"}, "author": "", "url": "http://news.bigmir.net/ukraine/1029205-Terroristi-obstrelyali-pozicii-VSY-nedaleko-ot-Zolotogo", "ord_in_thread": 0, "title": "Террористы обстреляли позиции ВСУ недалеко от Золотого", "locations": [], "entities": {"persons": [], "locations": [], "organizations": []}, "highlightText": "", "language": "russian", "persons": [], "text": "Террористы обстреляли позиции ВСУ недалеко от Золотого 17 мин назад Комментариев: 0 С начала суток оккупанты обстреляли позиции ВСУ в Донбассе 17 раз, в том числе открывали огонь недалеко от Золотого, где проведен отвод войск. Российско-оккупационные войска обстреляли позиции украинских военнослужащих в Новоалександровке и Новозвановке, в 10-15 км на юго-запад от города Золотое, где сегодня был проведен отвод военнослужащих ВСУ. Об этом сообщает пресс-центр штаба АТО. Новозвановку и Новоалександровку террористы обстреливали из гранатометов, пулеметов и стрелкового оружия. Кроме того, по Новозвановке вел огонь снайпер. Также в Луганской области по Станице Луганской оккупанты открывали огонь из гранатометов, пулеметов и стрелкового оружия. На донецком направлении обстрелы со стороны оккупантов из гранатометов, пулеметов и стрелкового оружия зафиксированы в районе Авдеевки и Новгородского. Также по Авдеевке террористы открывали огонь из миномета 120-го калибра. На мариупольском направлении оккупанты нарушали \"режим тишины\" в районе Павлополя, Широкино, Новоселовки Второй и Гнутово, использовав при этом стрелковое оружие и гранатометы, а по Павлополю боевики стреляли из миномета 82-го калибра. С полуночи и до 18.00 всего зафиксировано 17 случаев нарушений режима прекращения огня со стороны российско-оккупационных войск. Сегодня на окраине города Золотое в Луганской области проведен отвод военнослужащих ВСУ на определенные представителями ОБСЕ конкретные рубежи. Liga.net Украина", "external_links": [], "published": "2016-10-02T00:34:00.000+03:00", "crawled": "2016-10-01T19:53:26.423+03:00", "highlightTitle": ""}