{"organizations": [], "uuid": "e5339154826df1883f2bb9d56b2b27a5e3142d89", "thread": {"social": {"gplus": {"shares": 0}, "pinterest": {"shares": 0}, "vk": {"shares": 0}, "linkedin": {"shares": 0}, "facebook": {"likes": 0, "shares": 0, "comments": 0}, "stumbledupon": {"shares": 0}}, "site_full": "www.delfi.lv", "main_image": "http://g4.delphi.lv/images/pix/520x360/78DyMhDHC9Y/78eb657f2384cdfdce-47976317.jpg", "site_section": "http://www.delfi.lv/biznes/rss.php", "section_title": "Новости Delfi", "url": "http://www.delfi.lv/a/47976291", "country": "LV", "domain_rank": 4417, "title": "Россиянка за 5 млн евро продает построенную при СССР гостиницу в Юрмале", "performance_score": 0, "site": "delfi.lv", "participants_count": 0, "title_full": "Россиянка за 5 млн евро продает построенную при СССР гостиницу в Юрмале", "spam_score": 0.0, "site_type": "news", "published": "2016-10-03T18:53:00.000+03:00", "replies_count": 0, "uuid": "e5339154826df1883f2bb9d56b2b27a5e3142d89"}, "author": "", "url": "http://www.delfi.lv/a/47976291", "ord_in_thread": 0, "title": "Россиянка за 5 млн евро продает построенную при СССР гостиницу в Юрмале", "locations": [], "entities": {"persons": [], "locations": [], "organizations": []}, "highlightText": "", "language": "russian", "persons": [], "text": "  hotelliesma.lv Компания по управлению недвижимостью Starlex Real estate выставила на продажу за 5 млн евро гостиницу Hotel Liesma в Юрмале, свидетельствует информация на портале city24.lv. \nЗдание отеля с землей находится в районе Яундубулты, на территории между улицами Гауяс, Салацас и проспектом Дубулту, примерно в 27 км от центра Риги и в 20 километрах от аэропорта. Здание отеля состоит из 11 этажей и 123 номера. \nВ соответствии с городской планировкой Юрмалы земельный участок расположен на территории курорта, на нем находятся здание пансионата, хозяйственный корпус, две подсобные постройки, асфальтированные площадки, зеленые насаждения и деревья. \nГостиница была построена в 1987 году и частично реконструирована, а после 2000 года в ней был открыт оздоровительный комплекс с бассейном. Площадь участка составляет 15 041 квадратный метр, общая площадь зданий - 7 681,2 квадратного метра. \nСогласно данным земельной книги, гостиница принадлежит фирме Lareco, учрежденной в 2009 году. Единственной владелицей фирмы является гражданка России Светлана Егорова. \n2005 год предприятие закончило с убытками в размере 120 тыс евро и оборотом в размере 9,7 тыс. евро. Капитал предприятия в прошлом году уменьшился на 120 025 евро и был негативным - 866 787 евро, что в основном связано с расходами на содержание недвижимости. \nВ 2016 году Lareco продолжает искать потенциального покупателя на гостиницу, инвестора или партнера по сотрудничеству для ее реконструкции. \nПосле обретения Латвией независимости от СССР Liesma принадлежала компании Latvenergo , которая продала ее в 2005 году. По теме:", "external_links": [], "published": "2016-10-03T18:53:00.000+03:00", "crawled": "2016-10-03T20:56:32.885+03:00", "highlightTitle": ""}