{"organizations": [], "uuid": "cfcdad5aca5ef9eee1d9dab102219cbdd1afcd8e", "thread": {"social": {"gplus": {"shares": 0}, "pinterest": {"shares": 0}, "vk": {"shares": 0}, "linkedin": {"shares": 0}, "facebook": {"likes": 0, "shares": 0, "comments": 0}, "stumbledupon": {"shares": 0}}, "site_full": "echo.msk.ru", "main_image": "http://echo.msk.ru/i/big_logo.png", "site_section": "http://echo.msk.ru/news/", "section_title": "Эхо Москвы :: Новости ", "url": "http://echo.msk.ru/news/1848362-echo.html", "country": "BZ", "domain_rank": 1609, "title": "Президент Турции заявил о необходимости принять новую Конституцию", "performance_score": 0, "site": "echo.msk.ru", "participants_count": 7, "title_full": "Эхо Москвы :: Новости / Президент Турции заявил о необходимости принять новую Конституцию", "spam_score": 0.111, "site_type": "news", "published": "2016-10-02T04:32:00.000+03:00", "replies_count": 6, "uuid": "cfcdad5aca5ef9eee1d9dab102219cbdd1afcd8e"}, "author": "echo.msk.ru", "url": "http://echo.msk.ru/news/1848362-echo.html", "ord_in_thread": 0, "title": "Президент Турции заявил о необходимости принять новую Конституцию", "locations": [], "entities": {"persons": [], "locations": [], "organizations": []}, "highlightText": "", "language": "russian", "persons": [], "text": "Это следует сделать в кратчайшие сроки, подчеркнул Реджеп Тайип Эрдоган на первом после летних каникул заседании парламента.\nТурецкий лидер уже неоднократно говорил, что в стране нужно сменить парламентскую форму правления на президентскую.", "external_links": [], "published": "2016-10-02T04:32:00.000+03:00", "crawled": "2016-10-02T03:16:49.059+03:00", "highlightTitle": ""}