{"organizations": [], "uuid": "78af218e5154f4227284a8702df0d8c626450125", "thread": {"social": {"gplus": {"shares": 0}, "pinterest": {"shares": 0}, "vk": {"shares": 0}, "linkedin": {"shares": 0}, "facebook": {"likes": 0, "shares": 0, "comments": 0}, "stumbledupon": {"shares": 0}}, "site_full": "telegraf.com.ua", "main_image": "http://telegraf.com.ua/files/2016/10/00000000001-567x309.jpg", "site_section": "http://telegraf.com.ua/yandex-feed", "section_title": "ТЕЛЕГРАФ - последние новости Украины и мира", "url": "http://telegraf.com.ua/ekologiya/2872295-vyisokogornyie-alpiyskie-ozera-ot-kotoryih-tak-i-veet-prohladoy-foto.html", "country": "UA", "domain_rank": 1750, "title": "Высокогорные альпийские озера, от которых так и веет прохладой (Фото)", "performance_score": 0, "site": "telegraf.com.ua", "participants_count": 0, "title_full": "Высокогорные альпийские озера, от которых так и веет прохладой (Фото)", "spam_score": 0.0, "site_type": "news", "published": "2016-10-03T15:04:00.000+03:00", "replies_count": 0, "uuid": "78af218e5154f4227284a8702df0d8c626450125"}, "author": "", "url": "http://telegraf.com.ua/ekologiya/2872295-vyisokogornyie-alpiyskie-ozera-ot-kotoryih-tak-i-veet-prohladoy-foto.html", "ord_in_thread": 0, "title": "Высокогорные альпийские озера, от которых так и веет прохладой (Фото)", "locations": [], "entities": {"persons": [], "locations": [], "organizations": []}, "highlightText": "", "language": "russian", "persons": [], "text": "Высокогорные альпийские озера, от которых так и веет прохладой (Фото) От высоких Альп и до Сьерра-Невады, высокогорные озера ютятся в самых тихих и отдаленных уголках нашей планеты. От высоких Альп и до Сьерра-Невады, высокогорные озера ютятся в самых тихих и отдаленных уголках нашей планеты. Отдел: Телеграф Шоу-бизнес", "external_links": [], "published": "2016-10-03T15:04:00.000+03:00", "crawled": "2016-10-03T10:13:27.558+03:00", "highlightTitle": ""}