{"organizations": [], "uuid": "ed9b87f037c5f3509b08f803b8145de569ca3856", "thread": {"social": {"gplus": {"shares": 0}, "pinterest": {"shares": 0}, "vk": {"shares": 0}, "linkedin": {"shares": 0}, "facebook": {"likes": 0, "shares": 0, "comments": 0}, "stumbledupon": {"shares": 0}}, "site_full": "news.meta.ua", "main_image": "http://picsnews.meta.ua/90x90/424/20/42420228-Manchester-ne-otpuskaet-Mkhitariana-v-sbornuiu.jpeg", "site_section": "http://news.meta.ua/rss/", "section_title": "МЕТА Новости", "url": "http://news.meta.ua/go.php?to=2016-10-50912705", "country": "UA", "domain_rank": 7703, "title": "Спорт: Манчестер не отпускает Мхитаряна в сборную", "performance_score": 0, "site": "meta.ua", "participants_count": 1, "title_full": "Спорт: Манчестер не отпускает Мхитаряна в сборную", "spam_score": 0.0, "site_type": "news", "published": "2016-10-03T23:06:00.000+03:00", "replies_count": 0, "uuid": "ed9b87f037c5f3509b08f803b8145de569ca3856"}, "author": "Спорт", "url": "http://news.meta.ua/go.php?to=2016-10-50912705", "ord_in_thread": 0, "title": "Спорт: Манчестер не отпускает Мхитаряна в сборную", "locations": [], "entities": {"persons": [], "locations": [], "organizations": []}, "highlightText": "", "language": "russian", "persons": [], "text": "«Манчестер Юнайтед» не отпускает своего полузащитника Генриха Мхитаряна в расположение сборной Армении. Сборная Армении должна сыграть матчи отбора ЧМ-2018 против Румынии и Польши. Sportgid >> сегодня, 18:06 \n«Манчестер Юнайтед» не отпускает своего полузащитника Генриха Мхитаряна в расположение сборной Армении. \nКлуб аргументирует запрет тем, что Мхитарян только недавно восстановился после травмы и пока работает по индивидуальной программе. О выходе на поле пока не может быть и речи. \nСборная Армении должна сыграть матчи отбора ЧМ-2018 против Румынии и Польши.", "external_links": [], "published": "2016-10-03T23:06:00.000+03:00", "crawled": "2016-10-03T18:24:44.145+03:00", "highlightTitle": ""}