{"organizations": [], "uuid": "cad99c47bf1fb417452917fb7b2b2d6d91bf1187", "thread": {"social": {"gplus": {"shares": 0}, "pinterest": {"shares": 0}, "vk": {"shares": 0}, "linkedin": {"shares": 0}, "facebook": {"likes": 0, "shares": 0, "comments": 0}, "stumbledupon": {"shares": 0}}, "site_full": "www.sports.ru", "main_image": "https://s5o.ru/common/images/i/logo/300x300_sports.png", "site_section": "http://www.sports.ru/rss/all_news.xml", "section_title": "Новости - Футбол, хоккей, баскетбол, теннис, бокс, Формула-1 – все новости спорта на Sports.ru", "url": "http://www.sports.ru/football/1044439070.html", "country": "RU", "domain_rank": 2139, "title": "Россия – Румыния. На матче в Грозном ожидается аншлаг", "performance_score": 0, "site": "sports.ru", "participants_count": 0, "title_full": "Россия – Румыния. На матче в Грозном ожидается аншлаг", "spam_score": 0.0, "site_type": "news", "published": "2016-10-02T19:30:00.000+03:00", "replies_count": 0, "uuid": "cad99c47bf1fb417452917fb7b2b2d6d91bf1187"}, "author": "", "url": "http://www.sports.ru/football/1044439070.html", "ord_in_thread": 0, "title": "Россия – Румыния. На матче в Грозном ожидается аншлаг", "locations": [], "entities": {"persons": [], "locations": [], "organizations": []}, "highlightText": "", "language": "russian", "persons": [], "text": "Вице-президент «Терека» Ахмед Айдамиров заявил, что товарищеский матч между сборными России и Румынии должен собрать полный стадион. \n«Да, действительно матч пройдет у нас. Мы ожидаем полную трибуну, игра должна собрать аншлаг. \nВсе у нас пройдет на самом высоком уровне. Никаких проблем мы не видим», – сказал Айдамиров. \nНапомним, что изначально планировалось, что товарищеский матч пройдет в Казани, но из-за погодных условий игра была перенесена на юг России.", "external_links": [], "published": "2016-10-02T19:30:00.000+03:00", "crawled": "2016-10-02T14:40:00.402+03:00", "highlightTitle": ""}