{"organizations": [], "uuid": "50d96f709c6b56c7354caadfd9351e220cac36c5", "thread": {"social": {"gplus": {"shares": 0}, "pinterest": {"shares": 0}, "vk": {"shares": 0}, "linkedin": {"shares": 0}, "facebook": {"likes": 0, "shares": 0, "comments": 0}, "stumbledupon": {"shares": 0}}, "site_full": "news.rambler.ru", "main_image": "https://news.rambler.ru/share/snippets/34865036/f299e909cdf5408d277cc77279eb0650.png", "site_section": "http://news.rambler.ru/rss/football/", "section_title": "Футбол — Рамблер/новости", "url": "https://news.rambler.ru/sport/34865036-hulen-lopetegi-isko-otygral-vsego-57-minut-v-primere-no-mne-on-ochen-nravitsya/", "country": "RU", "domain_rank": 289, "title": "Хулен Лопетеги: «Иско отыграл всего 57 минут в примере, но мне он очень нравится»", "performance_score": 0, "site": "rambler.ru", "participants_count": 1, "title_full": "Хулен Лопетеги: «Иско отыграл всего 57 минут в примере, но мне он очень нравится»", "spam_score": 0.0, "site_type": "news", "published": "2016-10-01T11:21:00.000+03:00", "replies_count": 0, "uuid": "50d96f709c6b56c7354caadfd9351e220cac36c5"}, "author": "Sports.ru", "url": "https://news.rambler.ru/sport/34865036-hulen-lopetegi-isko-otygral-vsego-57-minut-v-primere-no-mne-on-ochen-nravitsya/", "ord_in_thread": 0, "title": "Хулен Лопетеги: «Иско отыграл всего 57 минут в примере, но мне он очень нравится»", "locations": [], "entities": {"persons": [], "locations": [], "organizations": []}, "highlightText": "", "language": "russian", "persons": [], "text": "  Тренер сборной Испании Хулен Лопетеги поделился мыслями о составе своей команды. «Иско отыграл всего 57 минут в примере. Этот факт нельзя скрывать. Но мне Иско очень нравится. Что касается отсутствия Алькасера, то мы просто пришли к такому решению. Это касается и Габи, который фантастически провел последние несколько сезонов. Мы захотели посмотреть на других футболистов. Я бы предпочел, чтоб Фабрегас получал несколько больше игрового времени в „Челси“. Но есть много футболистов, которые нам нравятся. Я не могу вызвать всех. Возвращение Иньесты — прекрасная новость. Это главный игрок. А нам потребуется все лучшее в предстоящих матчах. Я полностью доверяю Коке. Это неполный текст новости", "external_links": [], "published": "2016-10-01T11:21:00.000+03:00", "crawled": "2016-10-01T08:17:47.563+03:00", "highlightTitle": ""}