{"organizations": [], "uuid": "153b1c5252ba7078fb12e4b70e207629fb43b86e", "thread": {"social": {"gplus": {"shares": 0}, "pinterest": {"shares": 0}, "vk": {"shares": 0}, "linkedin": {"shares": 0}, "facebook": {"likes": 0, "shares": 0, "comments": 0}, "stumbledupon": {"shares": 0}}, "site_full": "www.championat.com", "main_image": "https://img.championat.com/news2/social/4/df/2595174.jpg", "site_section": "http://www.championat.com/xml/rss.xml", "section_title": "Чемпионат.com  (новости)", "url": "https://www.championat.com/football/news-2595174-konte-igroki-chelsi-horosho-otvetili-na-dva-poslednih-porazhenija-v-apl.html", "country": "RU", "domain_rank": 1710, "title": "Конте: игроки «Челси» хорошо ответили на два последних поражения в АПЛ", "performance_score": 0, "site": "championat.com", "participants_count": 0, "title_full": "Конте: игроки «Челси» хорошо ответили на два последних поражения в АПЛ", "spam_score": 0.0, "site_type": "news", "published": "2016-10-02T01:49:00.000+03:00", "replies_count": 0, "uuid": "153b1c5252ba7078fb12e4b70e207629fb43b86e"}, "author": "", "url": "https://www.championat.com/football/news-2595174-konte-igroki-chelsi-horosho-otvetili-na-dva-poslednih-porazhenija-v-apl.html", "ord_in_thread": 0, "title": "Конте: игроки «Челси» хорошо ответили на два последних поражения в АПЛ", "locations": [], "entities": {"persons": [], "locations": [], "organizations": []}, "highlightText": "", "language": "russian", "persons": [], "text": "Конте: игроки «Челси» хорошо ответили на два последних поражения в АПЛ  49. Футбол Главный тренер «Челси» Антонио Конте прокомментировал победу над «Халл Сити» (2:0) в 7-м туре чемпионата Англии. «Это важная победа после двух подряд поражений. Сегодня мы показали интенсивную игру с упором на давление. Я доволен тем, как игроки отреагировали на наши неудачи, они хотят изменить ситуацию. Мы упорно работаем. Уверен, что мы сможем многое улучшить, если будем продолжать в том же духе. Закончить матч без пропущенных голов было очень важно для нас, в прошлых играх мы пропускали слишком много. Футболисты „Челси“ хорошо ответили на два последних поражения», — цитирует Конте BBC Sport.", "external_links": [], "published": "2016-10-02T01:49:00.000+03:00", "crawled": "2016-10-01T20:59:41.612+03:00", "highlightTitle": ""}