{"organizations": [], "uuid": "f694f986c23110f1d735edd19fb40b4f593845d1", "thread": {"social": {"gplus": {"shares": 0}, "pinterest": {"shares": 0}, "vk": {"shares": 0}, "linkedin": {"shares": 0}, "facebook": {"likes": 0, "shares": 0, "comments": 0}, "stumbledupon": {"shares": 0}}, "site_full": "regnum.ru", "main_image": "//regnum.ru/assets/img/default/no-pic-16.jpg", "site_section": "https://regnum.ru/rss/news", "section_title": "Новости России, СНГ и мира - ИА REGNUM", "url": "https://regnum.ru/news/cultura/2187664.html", "country": "RU", "domain_rank": 3772, "title": "Минобрнауки ставит цель вернуть международное значение образованию", "performance_score": 0, "site": "regnum.ru", "participants_count": 1, "title_full": "Минобрнауки ставит цель вернуть международное значение образованию", "spam_score": 0.0, "site_type": "news", "published": "2016-10-03T16:27:00.000+03:00", "replies_count": 0, "uuid": "f694f986c23110f1d735edd19fb40b4f593845d1"}, "author": "ИА REGNUM", "url": "https://regnum.ru/news/cultura/2187664.html", "ord_in_thread": 0, "title": "Минобрнауки ставит цель вернуть международное значение образованию", "locations": [], "entities": {"persons": [], "locations": [], "organizations": []}, "highlightText": "", "language": "russian", "persons": [], "text": "Культура Отечественное образование не теряет конкурентоспособности, уверена глава Минобрнауки \nМосква , 3 Октября 2016 , 11:27 — REGNUM Российское образование должно и дальше наращивать свою конкурентоспособность, заявила глава Минобрнауки Ольга Васильева на финальном этапе конкурса «Учитель года России»—«Круглом столе образовательных политиков». \n«Оно всегда было конкурентоспособно, зачастую оно опережало время. Оно должно развиваться в этом направлении дальше», — сказала министр. \n«Мы обязаны, и мы уже много делаем в этом направлении, вернуть международное значение нашего образования», — отметила Васильева. \nЧитайте также: Четыре вуза РФ включены в топ-100 тематических рейтингов THE \nКак сообщало ранее ИА REGNUM , четыре российских вуза вошли в сотню лучших учебных заведений мира по версии британского журнала Times Higher Education, который каждый год публикует рейтинги вузов по различным образовательным дисциплинам. Тематические рейтинги THE 2016−2017 годов опубликованы на сайте издания.", "external_links": [], "published": "2016-10-03T16:27:00.000+03:00", "crawled": "2016-10-03T11:38:11.288+03:00", "highlightTitle": ""}