{"organizations": [], "uuid": "7c81fc6fff8d7055a8c1acd60123965fb636ae49", "thread": {"social": {"gplus": {"shares": 0}, "pinterest": {"shares": 0}, "vk": {"shares": 0}, "linkedin": {"shares": 0}, "facebook": {"likes": 0, "shares": 0, "comments": 0}, "stumbledupon": {"shares": 0}}, "site_full": "vladimir.mk.ru", "main_image": "http://vladimir.mk.ru/media/img/mk.ru/mkru_og.jpg", "site_section": "http://mk.ru/rss/news/index.xml", "section_title": "Новостная лента - Московский Комсомолец", "url": "http://vladimir.mk.ru/articles/2016/10/03/v-melenkovskom-rayone-zaderzhali-pyanogo-motociklista.html", "country": "RU", "domain_rank": 3246, "title": "В Меленковском районе задержали пьяного мотоциклиста", "performance_score": 0, "site": "mk.ru", "participants_count": 0, "title_full": "В Меленковском районе задержали пьяного мотоциклиста", "spam_score": 0.0, "site_type": "news", "published": "2016-10-03T20:25:00.000+03:00", "replies_count": 0, "uuid": "7c81fc6fff8d7055a8c1acd60123965fb636ae49"}, "author": "", "url": "http://vladimir.mk.ru/articles/2016/10/03/v-melenkovskom-rayone-zaderzhali-pyanogo-motociklista.html", "ord_in_thread": 0, "title": "В Меленковском районе задержали пьяного мотоциклиста", "locations": [], "entities": {"persons": [], "locations": [], "organizations": []}, "highlightText": "", "language": "russian", "persons": [], "text": "В Меленковском районе задержали пьяного мотоциклиста Сегодня в 15:25, просмотров: 11 Инспекторами дорожно-патрульной службы на автодороге в районе села Бутылицы Меленковского района был остановлен мотоцикл «Восход», которым управлял 56-летний мужчина. Полицейским показалось, что водитель находился за рулем транспортного средства в состоянии алкогольного опьянения. Проведенный экспресс-анализ подтвердил эти предположения. Выяснилось, что мотоциклист уже привлекался к административной ответственности за аналогичное правонарушение. Мотоцикл был изъят и помещен на штрафную стоянку. А в отношении нарушителя было возбуждено уголовное дело, ему грозит наказание до двух лет лишения свободы. \nСетевое издание «МК во Владимире» vladimir.mk.ru \nЗарегистрировано Федеральной службой по надзору в сфере связи, информационных технологий и массовых коммуникаций (Роскомнадзор). \nСвидетельство о регистрации СМИ Эл № ФС 77-57443 \nУчредитель СМИ – ЗАО «Редакция газеты «Московский Комсомолец» \nРедакция СМИ – ООО РКФ «Перископ» \nАдрес редакции: 600015, г. Владимир, ул. Даргомыжского, дом 6. \nТелефон: +7(4922) 34-91-14. \nВсе права на материалы, опубликованные на сайте vladimir.mk.ru, принадлежат редакции и охраняются в соответствии с законодательством РФ. \nИспользование материалов, опубликованных на сайте vladimir.mk.ru допускается только с письменного разрешения правообладателя и с обязательной прямой гиперссылкой на страницу, с которой материал заимствован. Гиперссылка должна размещаться непосредственно в тексте, воспроизводящем оригинальный материал mk.ru, до или после цитируемого блока.", "external_links": [], "published": "2016-10-03T20:25:00.000+03:00", "crawled": "2016-10-03T15:32:43.440+03:00", "highlightTitle": ""}