{"organizations": [], "uuid": "59da0d7dab9a4a38e8ee448cb9a85ddd8d1444dd", "thread": {"social": {"gplus": {"shares": 0}, "pinterest": {"shares": 0}, "vk": {"shares": 0}, "linkedin": {"shares": 0}, "facebook": {"likes": 0, "shares": 0, "comments": 0}, "stumbledupon": {"shares": 0}}, "site_full": "rus.tvnet.lv", "main_image": "http://rus.uk.itvnet.lv/article/wo_men/339901_506x285.jpg", "site_section": "http://feeds.tvnet.lv/rustvnet/all/latest", "section_title": "TVNET Самые новые статьи", "url": "http://rus.tvnet.lv/wo_men/zdorovje/339901-chto_djelajet_otkaz_ot_kurjenija_s_organizmom_ot_30_minut_do_15_ljet", "country": "LV", "domain_rank": 3861, "title": "Что делает отказ от курения с организмом: от 30 минут до 15 лет", "performance_score": 0, "site": "tvnet.lv", "participants_count": 0, "title_full": "Что делает отказ от курения с организмом: от 30 минут до 15 лет", "spam_score": 0.0, "site_type": "news", "published": "2016-10-03T18:05:00.000+03:00", "replies_count": 0, "uuid": "59da0d7dab9a4a38e8ee448cb9a85ddd8d1444dd"}, "author": "", "url": "http://rus.tvnet.lv/wo_men/zdorovje/339901-chto_djelajet_otkaz_ot_kurjenija_s_organizmom_ot_30_minut_do_15_ljet", "ord_in_thread": 0, "title": "Что делает отказ от курения с организмом: от 30 минут до 15 лет", "locations": [], "entities": {"persons": [], "locations": [], "organizations": []}, "highlightText": "", "language": "russian", "persons": [], "text": "Что происходит с организмом, когда ты бросаешь пить \nЕсли вы сможете продержаться два-три месяца без сигарет, то это положительно повлияет на кровообращение и функции легких. Они смогут еще более эффективно прочищаться от слизи. \nЧерез 9 месяца легкие начнут работать настолько хорошо, что это поможет снизить риск инфекций. Именно в этот период бывшие курильщики ощутят приток энергии. Но важно подождать год после отказа от курения, чтобы получить серьезные преимущества. В этом случае риск болезней сердца снижается уже наполовину. \nЧерез 5 лет опасность возникновения инсульта у бывшего курильщика не будет превышать аналогичной опасности у некурящих. Наполовину снизится риск рака полости рта и пищевода, а также опухолей шейки матки. Через 10 лет после отказа от курения риск рака легких по сравнению с действующими курильщиками снижается наполовину. А вероятность возникновения опухолей поджелудочной железы также не отличается от аналогичного показателя среди некурящих. \nНаконец, через 15 лет после отказа от курения риск болезней сердца также соответствует аналогичному показателю у некурящих. В этот же период падает и опасность преждевременной смерти. \nЭто ли не мотивация?", "external_links": [], "published": "2016-10-03T18:05:00.000+03:00", "crawled": "2016-10-03T13:35:00.816+03:00", "highlightTitle": ""}