{"organizations": [], "uuid": "8a2102cf9999663e31278c44b55aab988437ff2f", "thread": {"social": {"gplus": {"shares": 0}, "pinterest": {"shares": 0}, "vk": {"shares": 0}, "linkedin": {"shares": 1}, "facebook": {"likes": 1, "shares": 1, "comments": 0}, "stumbledupon": {"shares": 0}}, "site_full": "www.vesti.ru", "main_image": "//cdn-st1.rtr-vesti.ru/p/xw_1313863.jpg", "site_section": "http://www.vesti.ru/vesti.rss", "section_title": "ВЕСТИ", "url": "http://www.vesti.ru/doc.html?id=2805400", "country": "RU", "domain_rank": 1536, "title": "Ули Хенесс вернется на пост президента \"Баварии\"", "performance_score": 0, "site": "vesti.ru", "participants_count": 0, "title_full": "Ули Хенесс вернется на пост президента \"Баварии\"", "spam_score": 0.0, "site_type": "news", "published": "2016-10-02T15:58:00.000+03:00", "replies_count": 0, "uuid": "8a2102cf9999663e31278c44b55aab988437ff2f"}, "author": "", "url": "http://www.vesti.ru/doc.html?id=2805400", "ord_in_thread": 0, "title": "Ули Хенесс вернется на пост президента \"Баварии\"", "locations": [], "entities": {"persons": [], "locations": [], "organizations": []}, "highlightText": "", "language": "russian", "persons": [], "text": "EPA Известный немецкий функционер, а в прошлом знаменитый футболист Ули Хенесс, недавно вышедший из тюрьмы, в скором времени снова займет пост президента \"Баварии\". 64-летний Хенесс является единственным кандидатом на выборах президента, которые пройдут 25 ноября. В марте 2014 года президент \"Баварии\", в прошлом знаменитый футболист Ули Хенесс был осужден на три с половиной года за неуплату налогов. В феврале Хенесс был освобожден досрочно. В ближайшее время он намерен вернуть себе должность президента клуба, которую во время его заключения занимал Карл Хопфнер. Ули Хенесс в составе \"Баварии\" трижды становился чемпионом ФРГ, завоевал Кубок Германии, стал трехкратным обладателем Кубка европейских чемпионов и обладателем Межконтинентального кубка. ЗВ качестве игрока сборной ФРГ Хенесс в 1972 году стал чемпионом Европы, а через два года — чемпионом мира. Он завершил карьеру в 27 лет и с тех пор работал в руководстве клуба, пройдя путь от менеджера до президента.", "external_links": [], "published": "2016-10-02T15:58:00.000+03:00", "crawled": "2016-10-02T14:16:03.685+03:00", "highlightTitle": ""}