{"organizations": [], "uuid": "bb97a230e4e6c8b3c7789c4fbfc4aaa1671fdde5", "thread": {"social": {"gplus": {"shares": 0}, "pinterest": {"shares": 0}, "vk": {"shares": 0}, "linkedin": {"shares": 0}, "facebook": {"likes": 0, "shares": 0, "comments": 0}, "stumbledupon": {"shares": 0}}, "site_full": "www.championat.com", "main_image": "https://img.championat.com/news2/social/5/2d/2594384.jpg", "site_section": "http://www.championat.com/xml/rss.xml", "section_title": "Чемпионат.com  (новости)", "url": "https://www.championat.com/hockey/news-2594384-vudkroft-minskoe-dinamo-provelo-otlichnyj-vyezd.html", "country": "RU", "domain_rank": 1710, "title": "Вудкрофт: минское «Динамо» провело отличный выезд", "performance_score": 0, "site": "championat.com", "participants_count": 0, "title_full": "Вудкрофт: минское «Динамо» провело отличный выезд", "spam_score": 0.0, "site_type": "news", "published": "2016-10-01T05:08:00.000+03:00", "replies_count": 0, "uuid": "bb97a230e4e6c8b3c7789c4fbfc4aaa1671fdde5"}, "author": "", "url": "https://www.championat.com/hockey/news-2594384-vudkroft-minskoe-dinamo-provelo-otlichnyj-vyezd.html", "ord_in_thread": 0, "title": "Вудкрофт: минское «Динамо» провело отличный выезд", "locations": [], "entities": {"persons": [], "locations": [], "organizations": []}, "highlightText": "", "language": "russian", "persons": [], "text": "Вудкрофт: минское «Динамо» провело отличный выезд  08. Хоккей Главный тренер минского «Динамо» Крэйг Вудкрофт подвёл итоги выездного матча с «Нефтехимиком» (4:2). «Приезжая в Нижнекамск, мы знали, что столкнёмся с хорошей командой, которая отлично провела несколько последних матчей. «Нефтехимик» – опасная команда для оппонентов. Сегодня нам было необходимо отработать все 60 минут. Мы предполагали, что будет много борьбы в углах площадки и перед воротами. И если мы хотели победить сегодня, нам нужно было просто показать сильную игру именно в этих зонах, и нашей команде это удалось. Мы здорово начали игру, мне понравился такой старт, но я не совсем доволен, как мы действовали позже. Мы позволили сопернику забросить несколько шайб и вернуться в игру. «Нефтехимик» давил на наши ворота какое-то время, но мы смогли отбиться. Поздравляю игроков с отличным выездом и с отличной игрой против сильного оппонента. КХЛ – сильная лига, в которой ты должен быть готов играть в энергозатратный хоккей на протяжении всего матча. Мы тратим много времени на физическую подготовку игроков, стараемся играть и тренироваться в том стиле, в котором хотим играть. Поэтому мы всегда ждём от игроков усердной игры от матча у матчу, тогда у нас будет шанс победить», — цитирует Вудкрофта пресс-служба клуба.", "external_links": [], "published": "2016-10-01T05:08:00.000+03:00", "crawled": "2016-10-01T00:22:30.898+03:00", "highlightTitle": ""}