{"organizations": [], "uuid": "7e90c34fe23460f8282d9bf0faafa7e0a913e296", "thread": {"social": {"gplus": {"shares": 0}, "pinterest": {"shares": 0}, "vk": {"shares": 0}, "linkedin": {"shares": 0}, "facebook": {"likes": 9, "shares": 9, "comments": 0}, "stumbledupon": {"shares": 0}}, "site_full": "echo.msk.ru", "main_image": "http://echo.msk.ru/i/big_logo.png", "site_section": "http://echo.msk.ru/news/", "section_title": "Эхо Москвы :: Новости ", "url": "http://echo.msk.ru/news/1848380-echo.html", "country": "BZ", "domain_rank": 1609, "title": "Глава Минздрава Вероника Скворцова поддержала идею о налоге для неработающих граждан", "performance_score": 0, "site": "echo.msk.ru", "participants_count": 49, "title_full": "Эхо Москвы :: Новости / Глава Минздрава Вероника Скворцова поддержала идею о налоге для неработающих граждан", "spam_score": 0.066, "site_type": "news", "published": "2016-10-02T05:30:00.000+03:00", "replies_count": 78, "uuid": "7e90c34fe23460f8282d9bf0faafa7e0a913e296"}, "author": "echo.msk.ru", "url": "http://echo.msk.ru/news/1848380-echo.html", "ord_in_thread": 0, "title": "Глава Минздрава Вероника Скворцова поддержала идею о налоге для неработающих граждан", "locations": [], "entities": {"persons": [], "locations": [], "organizations": []}, "highlightText": "", "language": "russian", "persons": [], "text": "Она подчеркнула, что выводить их из системы ОМС было бы нарушением Конституции. Однако, по словам Скворцовой, когда взрослые здоровые люди не платят налоги и пользуются бесплатно тем, что дает государство – это абсолютно несправедливо, передает ТАСС .\nМинистр сказала, что регионы должны иметь право взимать с неработающего населения налог, который компенсирует траты на здравоохранение.\nРанее министерство труда и соцзащиты разработало законопроект, согласно которому неработающие россияне будут обязаны оплачивать посещение поликлиник и больниц.", "external_links": ["http://www.itar-tass.com/"], "published": "2016-10-02T05:30:00.000+03:00", "crawled": "2016-10-02T03:04:45.143+03:00", "highlightTitle": ""}