{"organizations": [], "uuid": "05c8edce042a5f9951bf0be37008186a01996129", "thread": {"social": {"gplus": {"shares": 0}, "pinterest": {"shares": 0}, "vk": {"shares": 0}, "linkedin": {"shares": 0}, "facebook": {"likes": 0, "shares": 0, "comments": 0}, "stumbledupon": {"shares": 0}}, "site_full": "vz.ru", "main_image": "http://vz.ru/images/600x400_vz.jpg", "site_section": "http://vz.ru/tags/economic_war/", "section_title": "ВЗГЛЯД / Экономическая война", "url": "http://vz.ru/news/2016/10/3/835914.html", "country": "RU", "domain_rank": 3116, "title": "Грузия начала строительство нового глубоководного порта в Черном море", "performance_score": 0, "site": "vz.ru", "participants_count": 13, "title_full": "ВЗГЛЯД / Грузия начала строительство нового глубоководного порта в Черном море", "spam_score": 0.499, "site_type": "news", "published": "2016-10-03T09:59:00.000+03:00", "replies_count": 14, "uuid": "05c8edce042a5f9951bf0be37008186a01996129"}, "author": "vz.ru", "url": "http://vz.ru/news/2016/10/3/835914.html", "ord_in_thread": 0, "title": "Грузия начала строительство нового глубоководного порта в Черном море", "locations": [], "entities": {"persons": [], "locations": [], "organizations": []}, "highlightText": "", "language": "russian", "persons": [], "text": "Правительство Грузии и «Консорциум развития Анаклии» в понедельник подписали соглашение о строительстве и оперировании глубоководного порта на Черном море, стоимость проекта оценена в 2,5 млрд долларов, передает корреспондент газеты ВЗГЛЯД в Тбилиси.\nВ церемонии принял участие премьер-министр Грузии Георгий Квирикашвили.\nПопулярные материалы Суд признал блогера Носика виновным в экстремизме Успех российской операции в Сирии оказался неожиданным даже внутри России Россия приостановила соглашение с США об утилизации плутония Нидерланды выбрали самый безопасный режим расследования катастрофы «Боинга» ФСБ заявила о поимке в Москве украинского шпиона", "external_links": [], "published": "2016-10-03T09:59:00.000+03:00", "crawled": "2016-10-03T16:10:30.139+03:00", "highlightTitle": ""}