{"organizations": [], "uuid": "e59e088171ae670a6ae663e76b01e709c575e21a", "thread": {"social": {"gplus": {"shares": 0}, "pinterest": {"shares": 0}, "vk": {"shares": 0}, "linkedin": {"shares": 0}, "facebook": {"likes": 0, "shares": 0, "comments": 0}, "stumbledupon": {"shares": 0}}, "site_full": "www.championat.com", "main_image": "https://img.championat.com/news2/social/3/dd/2594852.jpg", "site_section": "http://www.championat.com/xml/rss.xml", "section_title": "Чемпионат.com  (новости)", "url": "https://www.championat.com/tennis/news-2594852-kravchuk-vyshel-v-final-kvalifikacii-turnira-v-pekine.html", "country": "RU", "domain_rank": 1710, "title": "Кравчук вышел в финал квалификации турнира в Пекине", "performance_score": 0, "site": "championat.com", "participants_count": 0, "title_full": "Кравчук вышел в финал квалификации турнира в Пекине", "spam_score": 0.0, "site_type": "news", "published": "2016-10-01T20:02:00.000+03:00", "replies_count": 0, "uuid": "e59e088171ae670a6ae663e76b01e709c575e21a"}, "author": "", "url": "https://www.championat.com/tennis/news-2594852-kravchuk-vyshel-v-final-kvalifikacii-turnira-v-pekine.html", "ord_in_thread": 0, "title": "Кравчук вышел в финал квалификации турнира в Пекине", "locations": [], "entities": {"persons": [], "locations": [], "organizations": []}, "highlightText": "", "language": "russian", "persons": [], "text": "Кравчук вышел в финал квалификации турнира в Пекине   15:02. Теннис Россиянин Константин Кравчук в первом раунде квалификации турнира в Пекине одолел аргентинца Диего Шварцмана (4) со счётом 6:4, 2:6, 7:6 (7:3). Поединок продолжался 2 часа 18 минут. 31-летний москвич, занимающий 96-е место в рейтинге АТР, сделал 6 эйсов, 2 двойные ошибки и 5 брейков, проиграв 6 геймов на своей подаче. За выход в основную сетку соревнований Кравчук поспорит с испанцем Иньиго Сервантесом (6).", "external_links": [], "published": "2016-10-01T20:02:00.000+03:00", "crawled": "2016-10-01T15:09:32.194+03:00", "highlightTitle": ""}