{"organizations": [], "uuid": "ded1c1b407ca5b98751abe75a1b98e6e877f2d37", "thread": {"social": {"gplus": {"shares": 0}, "pinterest": {"shares": 0}, "vk": {"shares": 0}, "linkedin": {"shares": 0}, "facebook": {"likes": 8, "shares": 8, "comments": 0}, "stumbledupon": {"shares": 0}}, "site_full": "news.mail.ru", "main_image": "https://news.mail.ru/social_preview/27317873/?time=82b0d4d1cdb1702f9b238015bd5d1db7", "site_section": "http://news.mail.ru//rss/economics/", "section_title": "Новости Mail.Ru: Экономика", "url": "https://news.mail.ru/economics/27317873/", "country": "RU", "domain_rank": 27, "title": "Полисы автострахования могут стать дороже", "performance_score": 0, "site": "mail.ru", "participants_count": 0, "title_full": "Полисы автострахования могут стать дороже", "spam_score": 0.0, "site_type": "news", "published": "2016-10-03T17:09:00.000+03:00", "replies_count": 0, "uuid": "ded1c1b407ca5b98751abe75a1b98e6e877f2d37"}, "author": "", "url": "https://news.mail.ru/economics/27317873/", "ord_in_thread": 0, "title": "Полисы автострахования могут стать дороже", "locations": [], "entities": {"persons": [], "locations": [], "organizations": []}, "highlightText": "", "language": "russian", "persons": [], "text": "  \nТеперь вы можете обсуждать последние новости и высказывать свое отношение к происходящему. 12:09 (мск) , источник: Kapital.kz Полисы автострахования могут стать дороже \nПо мнению первого заместителя председателя правления СК «Коммеск-Омiр» Владимира Акентьева, если преимущественное право оценивать ущерб при ДТП перейдет к оценочным компаниям, то стоимость полиса по страхованию гражданско-правовой ответственности автовладельцев может вырасти, такое заявление страховщик сделал на пресс-конференции", "external_links": [], "published": "2016-10-03T17:09:00.000+03:00", "crawled": "2016-10-03T13:00:20.200+03:00", "highlightTitle": ""}