{"organizations": [], "uuid": "71d22399ed591c6d1e60ebf1c14a0cfc15453745", "thread": {"social": {"gplus": {"shares": 0}, "pinterest": {"shares": 0}, "vk": {"shares": 0}, "linkedin": {"shares": 0}, "facebook": {"likes": 0, "shares": 0, "comments": 0}, "stumbledupon": {"shares": 0}}, "site_full": "www.championat.com", "main_image": "https://img.championat.com/news2/social/8/11/2594660.jpg", "site_section": "http://www.championat.com/xml/rss.xml", "section_title": "Чемпионат.com  (новости)", "url": "https://www.championat.com/football/news-2594660-fa-rassleduet-zajavlenija-rednappa-o-tom-chto-ego-igroki-stavili-na-svoj-match.html", "country": "RU", "domain_rank": 1710, "title": "FA расследует заявления Реднаппа о том, что его игроки ставили на свой матч", "performance_score": 0, "site": "championat.com", "participants_count": 0, "title_full": "FA расследует заявления Реднаппа о том, что его игроки ставили на свой матч", "spam_score": 0.0, "site_type": "news", "published": "2016-10-01T16:56:00.000+03:00", "replies_count": 0, "uuid": "71d22399ed591c6d1e60ebf1c14a0cfc15453745"}, "author": "", "url": "https://www.championat.com/football/news-2594660-fa-rassleduet-zajavlenija-rednappa-o-tom-chto-ego-igroki-stavili-na-svoj-match.html", "ord_in_thread": 0, "title": "FA расследует заявления Реднаппа о том, что его игроки ставили на свой матч", "locations": [], "entities": {"persons": [], "locations": [], "organizations": []}, "highlightText": "", "language": "russian", "persons": [], "text": "FA расследует заявления Реднаппа о том, что его игроки ставили на свой матч   11:56. Футбол Футбольная ассоциация Англии расследует заявления экс-главного тренера ряда английских клубов Гарри Реднаппа , который в разговоре с журналистами под прикрытием на камеру сообщил, что игроки в одном из его клубов делали ставки на собственный матч. FA ожидает полную стенограмму разговора и планирует встретиться с лондонской полицией на следующей неделе, информирует Sky Sports. Правила Футбольной ассоциации Англии запрещают игрокам делать ставки на матчи, в которых они участвуют. Тренеры же должны сообщать FA, если располагают подобной информацией. Реднапп утверждает, что узнал о том, что игроки сделали ставку на матч, после игры, в которой его команда победила", "external_links": [], "published": "2016-10-01T16:56:00.000+03:00", "crawled": "2016-10-01T12:03:58.706+03:00", "highlightTitle": ""}