{"organizations": [], "uuid": "1b5e421e28c08b677019e2a3156293daf3a44292", "thread": {"social": {"gplus": {"shares": 0}, "pinterest": {"shares": 0}, "vk": {"shares": 0}, "linkedin": {"shares": 0}, "facebook": {"likes": 0, "shares": 0, "comments": 0}, "stumbledupon": {"shares": 0}}, "site_full": "news.mail.ru", "main_image": "https://news.mail.ru/social_preview/27302946/?time=0ccd835f173e8792ba288748b256390a", "site_section": "http://news.mail.ru//rss/society/", "section_title": "Новости Mail.Ru: Общество", "url": "https://news.mail.ru/society/27302946/", "country": "RU", "domain_rank": 27, "title": "Из-за сильного тумана два самолета не долетели до Краснодара", "performance_score": 0, "site": "mail.ru", "participants_count": 0, "title_full": "Из-за сильного тумана два самолета не долетели до Краснодара", "spam_score": 0.0, "site_type": "news", "published": "2016-10-01T20:52:00.000+03:00", "replies_count": 0, "uuid": "1b5e421e28c08b677019e2a3156293daf3a44292"}, "author": "", "url": "https://news.mail.ru/society/27302946/", "ord_in_thread": 0, "title": "Из-за сильного тумана два самолета не долетели до Краснодара", "locations": [], "entities": {"persons": [], "locations": [], "organizations": []}, "highlightText": "", "language": "russian", "persons": [], "text": "  15:52 (мск) , источник: ГТРК «Кубань» Из-за сильного тумана два самолета не долетели до Краснодара \nРейсы, направлявшиеся в краевую столицу из Внуково, совершили посадку на запасных аэродромах в Сочи и Ростове-на-Дону.", "external_links": [], "published": "2016-10-01T20:52:00.000+03:00", "crawled": "2016-10-01T18:05:57.611+03:00", "highlightTitle": ""}