{"organizations": [], "uuid": "ebf86dc53f04d3303bbebbf568ddc20c10c8b957", "thread": {"social": {"gplus": {"shares": 0}, "pinterest": {"shares": 0}, "vk": {"shares": 0}, "linkedin": {"shares": 0}, "facebook": {"likes": 1, "shares": 1, "comments": 0}, "stumbledupon": {"shares": 0}}, "site_full": "rg.ru", "main_image": "https://rg.ru/res/images/logo/rg-600x600.jpg", "site_section": "http://www.rg.ru/xml/index.xml", "section_title": "Российская Газета", "url": "https://rg.ru/2016/10/03/putin-naznachil-novogo-posla-rossii-v-irake.html", "country": "RU", "domain_rank": 3002, "title": "Путин назначил нового посла России в Ираке", "performance_score": 0, "site": "rg.ru", "participants_count": 0, "title_full": "Путин назначил нового посла России в Ираке", "spam_score": 0.0, "site_type": "news", "published": "2016-10-03T23:52:00.000+03:00", "replies_count": 0, "uuid": "ebf86dc53f04d3303bbebbf568ddc20c10c8b957"}, "author": "", "url": "https://rg.ru/2016/10/03/putin-naznachil-novogo-posla-rossii-v-irake.html", "ord_in_thread": 0, "title": "Путин назначил нового посла России в Ираке", "locations": [], "entities": {"persons": [], "locations": [], "organizations": []}, "highlightText": "", "language": "russian", "persons": [], "text": "Рубрика: Власть Путин назначил нового посла России в Ираке \nПрезидент России Владимир Путин сменил российского посла в Ираке. На должность, ранее занимаемую Ильей Моргуновым, назначен Максим Максимов. Соответсвующий указ 3 октября опубликовали на официальном интернет-портале правовой информации. читайте также Посла Нидерландов вызовут в МИД РФ по крушению \"Боинга\" MH-17 \n\"Назначить Максимова Максима Константиновича чрезвычайным и полномочным послом Российской Федерации в Республике Ирак\", - отмечается в тексе президентского указа. \nПомимо этого, Путин назначил нового посла РФ в Уганде и в Южном Судане . Им стал Александр Поляков. В Республике Фиджи интересы России теперь будет представлять Григорий Логвинов. Читайте в рубрике Власть", "external_links": [], "published": "2016-10-03T23:52:00.000+03:00", "crawled": "2016-10-03T19:06:10.370+03:00", "highlightTitle": ""}