{"organizations": [], "uuid": "5fb82848b9d2f48b7b4e1d41aa3404663e0647db", "thread": {"social": {"gplus": {"shares": 0}, "pinterest": {"shares": 0}, "vk": {"shares": 0}, "linkedin": {"shares": 0}, "facebook": {"likes": 0, "shares": 0, "comments": 0}, "stumbledupon": {"shares": 0}}, "site_full": "echo.msk.ru", "main_image": "http://echo.msk.ru/i/big_logo.png", "site_section": "http://echo.msk.ru/news/", "section_title": "Эхо Москвы :: Новости ", "url": "http://echo.msk.ru/news/1848456-echo.html", "country": "BZ", "domain_rank": 1609, "title": "Контракт со старшим тренером сборной России по мини-футболу Сергеем Скоровичем будет продлен", "performance_score": 0, "site": "echo.msk.ru", "participants_count": 1, "title_full": "Эхо Москвы :: Новости / Контракт со старшим тренером сборной России по мини-футболу Сергеем Скоровичем будет продлен", "spam_score": 0.017, "site_type": "news", "published": "2016-10-02T12:09:00.000+03:00", "replies_count": 0, "uuid": "5fb82848b9d2f48b7b4e1d41aa3404663e0647db"}, "author": "echo.msk.ru", "url": "http://echo.msk.ru/news/1848456-echo.html", "ord_in_thread": 0, "title": "Контракт со старшим тренером сборной России по мини-футболу Сергеем Скоровичем будет продлен", "locations": [], "entities": {"persons": [], "locations": [], "organizations": []}, "highlightText": "", "language": "russian", "persons": [], "text": "Минувшим вечером наша команда впервые в истории завоевала серебро чемпионатов мира, проиграв аргентинцам со счетом 4:5. Ранее лучшим результатом россиян на мундиалях была бронза 1996 года. Скорович возглавляет сборную России с 2009 года, с которой трижды становился серебряным призером чемпионатов Европы.", "external_links": [], "published": "2016-10-02T12:09:00.000+03:00", "crawled": "2016-10-02T10:47:38.923+03:00", "highlightTitle": ""}