{"organizations": [], "uuid": "1047c87b864ee7f123251dd7bc231f6a0b14524d", "thread": {"social": {"gplus": {"shares": 0}, "pinterest": {"shares": 0}, "vk": {"shares": 0}, "linkedin": {"shares": 0}, "facebook": {"likes": 0, "shares": 0, "comments": 0}, "stumbledupon": {"shares": 0}}, "site_full": "www.sports.ru", "main_image": "https://s5o.ru/common/images/i/logo/300x300_sports.png", "site_section": "http://www.sports.ru/rss/all_news.xml", "section_title": "Новости - Футбол, хоккей, баскетбол, теннис, бокс, Формула-1 – все новости спорта на Sports.ru", "url": "http://www.sports.ru/football/1044444883.html", "country": "RU", "domain_rank": 2139, "title": "Гаджи Гаджиев: «Хотел бы, чтобы игра протекала с нашей стороны более динамично, быстро и организованно»", "performance_score": 0, "site": "sports.ru", "participants_count": 0, "title_full": "Гаджи Гаджиев: «Хотел бы, чтобы игра протекала с нашей стороны более динамично, быстро и организованно»", "spam_score": 0.0, "site_type": "news", "published": "2016-10-02T22:12:00.000+03:00", "replies_count": 0, "uuid": "1047c87b864ee7f123251dd7bc231f6a0b14524d"}, "author": "", "url": "http://www.sports.ru/football/1044444883.html", "ord_in_thread": 0, "title": "Гаджи Гаджиев: «Хотел бы, чтобы игра протекала с нашей стороны более динамично, быстро и организованно»", "locations": [], "entities": {"persons": [], "locations": [], "organizations": []}, "highlightText": "", "language": "russian", "persons": [], "text": "Теги Амкар Премьер-лига Россия Гаджи Муслимович Гаджиев Уфа \nГлавный тренер «Амкара» Гаджи Гаджиев дал комментарий по итогам матча 9-го тура чемпионата России против «Уфы» (1:1). \n«Я хотел бы, чтобы игра протекала с нашей стороны более динамично, более быстро и более организованно. Мы действовали в целом ряде игровых ситуациях, когда у нас мяч, и когда мяч у соперника. \nЗамены? У нас в составе сейчас игроки примерно одного уровня, и тот же Салугин вполне мог выйти в стартовом составе», — сказал Гаджиев в эфире телеканала «Наш футбол».", "external_links": [], "published": "2016-10-02T22:12:00.000+03:00", "crawled": "2016-10-02T17:18:15.483+03:00", "highlightTitle": ""}