{"organizations": [], "uuid": "84be635e6c279bbaafe5b687c9847deca9934783", "thread": {"social": {"gplus": {"shares": 0}, "pinterest": {"shares": 0}, "vk": {"shares": 0}, "linkedin": {"shares": 0}, "facebook": {"likes": 0, "shares": 0, "comments": 0}, "stumbledupon": {"shares": 0}}, "site_full": "regnum.ru", "main_image": "https://regnum.ru/uploads/pictures/news/2016/10/03/regnum_picture_147547789034749_big.jpg", "site_section": "https://regnum.ru/rss/news", "section_title": "Новости России, СНГ и мира - ИА REGNUM", "url": "https://regnum.ru/news/accidents/2187590.html", "country": "RU", "domain_rank": 3772, "title": "Видео ДТП с тремя погибшими в Москве появилось в Сети", "performance_score": 0, "site": "regnum.ru", "participants_count": 1, "title_full": "Видео ДТП с тремя погибшими в Москве появилось в Сети", "spam_score": 0.0, "site_type": "news", "published": "2016-10-03T14:39:00.000+03:00", "replies_count": 0, "uuid": "84be635e6c279bbaafe5b687c9847deca9934783"}, "author": "ИА REGNUM", "url": "https://regnum.ru/news/accidents/2187590.html", "ord_in_thread": 0, "title": "Видео ДТП с тремя погибшими в Москве появилось в Сети", "locations": [], "entities": {"persons": [], "locations": [], "organizations": []}, "highlightText": "", "language": "russian", "persons": [], "text": "Москва , 3 Октября 2016 , 09:39 — REGNUM \nВидеозапись, сделанная камерой наблюдения на перекрёстке Зелёного проспекта и 1-й Владимирской улицы в Москве, где произошло ДТП с тремя жертвами, опубликовано на сайте YouTube. \nHyundai Solaris пересёк перекрёсток, не столкнувшись с выехавшим легковым автомобилем, но избежать аварии ему не удалось — машина перевернулась. \nРанее сообщалось, что автомобиль на большой скорости въехал в группу пешеходов на тротуаре. Водитель не справился с управлением. Погибли три человека. Если Вы заметите ошибку в тексте, выделите её и нажмите Ctrl+Enter, чтобы отослать информацию редактору.", "external_links": [], "published": "2016-10-03T14:39:00.000+03:00", "crawled": "2016-10-03T11:29:52.655+03:00", "highlightTitle": ""}