{"organizations": [], "uuid": "2ad37451c8e92345c52095d05fa945f14030a252", "thread": {"social": {"gplus": {"shares": 0}, "pinterest": {"shares": 0}, "vk": {"shares": 0}, "linkedin": {"shares": 0}, "facebook": {"likes": 0, "shares": 0, "comments": 0}, "stumbledupon": {"shares": 0}}, "site_full": "rus.postimees.ee", "main_image": "http://f1.pmo.ee/f/2011/10/11/788274t100h97a7.jpg", "site_section": "http://rus.postimees.ee/rss", "section_title": "Новости Эстонии - Postimees", "url": "http://rus.postimees.ee/3858651/mest-v-detskih-sadah-i-jasljah-hvataet-vsem-malenkim-tallinncam", "country": "EE", "domain_rank": 3976, "title": "Мест в детских садах и яслях хватает всем маленьким таллиннцам", "performance_score": 0, "site": "postimees.ee", "participants_count": 1, "title_full": "Мест в детских садах и яслях хватает всем маленьким таллиннцам", "spam_score": 0.0, "site_type": "news", "published": "2016-10-03T17:39:00.000+03:00", "replies_count": 0, "uuid": "2ad37451c8e92345c52095d05fa945f14030a252"}, "author": "rus.postimees.ee", "url": "http://rus.postimees.ee/3858651/mest-v-detskih-sadah-i-jasljah-hvataet-vsem-malenkim-tallinncam", "ord_in_thread": 0, "title": "Мест в детских садах и яслях хватает всем маленьким таллиннцам", "locations": [], "entities": {"persons": [], "locations": [], "organizations": []}, "highlightText": "", "language": "russian", "persons": [], "text": "Больше всего свободных мест в Мустамяэ и Ласнамяэ Мест в детских садах и яслях хватает всем маленьким таллиннцам 3. Октябрь 2016 12:39 / : \nВ Таллинне не только удовлетворены запросы всех родителей, желавших отдать детей в детские сады и ясли, но есть и 50 свободных мест в детсадовских и 260 - в ясельных группах, сообщает Раэпресс. \nБольше всего свободных мест в Мустамяэ и Ласнамяэ, где можно без задержки получить место для ребенка, начиная с полуторагодовалого возраста. \nВице-мэр Таллинна Михаил Кылварт отметил, что достижение такого результата стоило немалых усилий: \"Мы строили новые детские сады, стали использовать модульные корпуса и все свободные помещения. За несколько лет нам удалось создать тысячи новых мест, но и число детей росло очень быстро. Особенно не хватало ясельных мест. Но вот, нынешней осенью мы можем констатировать, что и эта нехватка ликвидирована\". \nТем не менее, работа продолжается, поскольку удовлетворенность местами для детей по городу в целом не означает их достаток в таких районах, как Кесклинн и Нымме. Поэтому, подчеркивает Кылварт, начато создание нового детского сада в Кадриорге и реконструируется под детский сад здание в Нымме. Это даст еще почти 210 дополнительных мест, чтобы покрыть потребность и по районам. Информацию о свободных местах можно найти на сайте www.haridus.ee или обратившись к специалистам Таллинского департамента образования.", "external_links": [], "published": "2016-10-03T17:39:00.000+03:00", "crawled": "2016-10-03T13:09:51.009+03:00", "highlightTitle": ""}