{"organizations": [], "uuid": "e33d161d7f3cd7082b98dea513f73400e702ff8c", "thread": {"social": {"gplus": {"shares": 0}, "pinterest": {"shares": 0}, "vk": {"shares": 0}, "linkedin": {"shares": 0}, "facebook": {"likes": 0, "shares": 0, "comments": 0}, "stumbledupon": {"shares": 0}}, "site_full": "news.rambler.ru", "main_image": "https://news.rambler.ru/share/snippets/34868080/ebd8a60f853868483dec4373b5c9823d.png", "site_section": "http://news.rambler.ru/rss/Buriatia/", "section_title": "Улан-Удэ — Рамблер/новости", "url": "https://news.rambler.ru/politics/34868080-o-praktike-provedeniya-prokurorami-antikorruptsionnoy-ekspertizy-normativnyh-pravovyh-aktov/", "country": "RU", "domain_rank": 289, "title": "О практике проведения прокурорами антикоррупционной экспертизы нормативных правовых актов", "performance_score": 0, "site": "rambler.ru", "participants_count": 1, "title_full": "О практике проведения прокурорами антикоррупционной экспертизы нормативных правовых актов", "spam_score": 0.0, "site_type": "news", "published": "2016-09-30T21:17:00.000+03:00", "replies_count": 0, "uuid": "e33d161d7f3cd7082b98dea513f73400e702ff8c"}, "author": "Генеральная прокуратура Российской Федерации", "url": "https://news.rambler.ru/politics/34868080-o-praktike-provedeniya-prokurorami-antikorruptsionnoy-ekspertizy-normativnyh-pravovyh-aktov/", "ord_in_thread": 0, "title": "О практике проведения прокурорами антикоррупционной экспертизы нормативных правовых актов", "locations": [], "entities": {"persons": [], "locations": [], "organizations": []}, "highlightText": "", "language": "russian", "persons": [], "text": "  Только в первом полугодии 2016 г. изучено свыше 500 тыс. нормативных правовых актов, из которых 33,5 тыс. содержали коррупциогенные факторы. Эти цифры значительно превышают показатели аналогичного периода прошлого года. При этом свыше 90% нормативных правовых актов, в которых были выявлены коррупциогенные факторы, одновременно противоречили действующему законодательству. Для устранения указанных нарушений прокуроры внесли 2,3 тыс. требований, принесли более 30 тыс. протестов, направили 129 исковых заявлений в суды, внесли 852 представлений, направили 185 информаций. После вмешательства прокуратуры коррупциогенные факторы исключены уже из 25,6 тыс. нормативных правовых актов. Это свидетельствует о высокой эффективности принимаемых прокурорами мер. Это неполный текст новости", "external_links": [], "published": "2016-09-30T21:17:00.000+03:00", "crawled": "2016-10-01T00:12:27.062+03:00", "highlightTitle": ""}