{"organizations": [], "uuid": "08781268aafa12545c67500377392082fcbe857d", "thread": {"social": {"gplus": {"shares": 0}, "pinterest": {"shares": 0}, "vk": {"shares": 0}, "linkedin": {"shares": 0}, "facebook": {"likes": 0, "shares": 0, "comments": 0}, "stumbledupon": {"shares": 0}}, "site_full": "tass.ru", "main_image": "https://cdn4.tass.ru/width/400_9a7ae713/tass/m2/uploads/i/20161002/4344543.jpg", "site_section": "http://tass.ru//rss/v2.xml", "section_title": "ТАСС", "url": "http://tass.ru/ekonomika/3671383", "country": "RU", "domain_rank": 2671, "title": "Белоруссия повысила тарифы на транспортировку российской нефти", "performance_score": 0, "site": "tass.ru", "participants_count": 0, "title_full": "Белоруссия повысила тарифы на транспортировку российской нефти", "spam_score": 0.0, "site_type": "news", "published": "2016-10-02T06:28:00.000+03:00", "replies_count": 0, "uuid": "08781268aafa12545c67500377392082fcbe857d"}, "author": "", "url": "http://tass.ru/ekonomika/3671383", "ord_in_thread": 0, "title": "Белоруссия повысила тарифы на транспортировку российской нефти", "locations": [], "entities": {"persons": [], "locations": [], "organizations": []}, "highlightText": "", "language": "russian", "persons": [], "text": "2 октября, 1:28 UTC+3 МИНСК МИНСК 2, октября. /ТАСС Новые тарифы вступят в силу через 10 дней после официального опубликования Поделиться Материал из 1 страницы © ИТАР-ТАСС/ Александр Саверкин, архив \nМИНСК, 2 октября. /ТАСС/. Министерство антимонопольного регулирования и торговли Белоруссии приняло постановление о повышении тарифов на транспортировку российской нефти по трубопроводам на своей территории. Соответствующий документ размещен на сайте министерства 1 октября. \n\"Установить тарифы на услуги по транспортировке нефти по магистральным трубопроводам открытых акционерных обществ \"Гомельтранснефть Дружба\" и \"Полоцктранснефть Дружба\", расположенным на территории Республики Беларусь, согласно приложению\", - говорится в документе. \nВ приложении к постановлению транспортировка нефти по трубопроводу Унеча (Высокое) - Адамова Застава устанавливается на уровне 400 российских рублей 98 копеек за тонну без учета НДС, ранее тариф по данному направлению составлял 267,32 рубля. Транспортировка тонны нефти по маршруту Унеча (Высокое) - Броды составит 172,23 рубля вместо 114,82 рубля. Стоимость транспортировки нефти на направлении Невель (Великие Луки) - Полоцк возрастет с 32,31 до 48,47 рубля за тонну. \nВ постановлении отмечается, что новые тарифы вступят в силу через 10 дней после официального опубликования. {{item.group_date}}", "external_links": [], "published": "2016-10-02T06:28:00.000+03:00", "crawled": "2016-10-02T01:40:19.142+03:00", "highlightTitle": ""}