{"organizations": [], "uuid": "2d41d667f414da293159ecdbc8f518b928b29ac6", "thread": {"social": {"gplus": {"shares": 0}, "pinterest": {"shares": 0}, "vk": {"shares": 0}, "linkedin": {"shares": 0}, "facebook": {"likes": 0, "shares": 0, "comments": 0}, "stumbledupon": {"shares": 0}}, "site_full": "charter97.org", "main_image": "https://www.charter97.org/photos/articles/ai-159622-aux-head-denis_poliakov_360.jpg", "site_section": "http://www.charter97.org/rss.php", "section_title": "Хартия'97 :: Новости из Беларуси - Белорусские новости - Республика Беларусь - Минск", "url": "https://charter97.org/ru/news/2016/10/2/225375/", "country": "CR", "domain_rank": 6528, "title": "Защитник БАТЭ: Станем чемпионами в следующем туре", "performance_score": 0, "site": "charter97.org", "participants_count": 0, "title_full": "Защитник БАТЭ: Станем чемпионами в следующем туре", "spam_score": 0.0, "site_type": "news", "published": "2016-10-03T03:50:00.000+03:00", "replies_count": 0, "uuid": "2d41d667f414da293159ecdbc8f518b928b29ac6"}, "author": "", "url": "https://charter97.org/ru/news/2016/10/2/225375/", "ord_in_thread": 0, "title": "Защитник БАТЭ: Станем чемпионами в следующем туре", "locations": [], "entities": {"persons": [], "locations": [], "organizations": []}, "highlightText": "", "language": "russian", "persons": [], "text": "Защитник БАТЭ: Станем чемпионами в следующем туре 2.10.2016, 22:50 Денис Поляков уверен, что чемпионство от борисовчан никуда не уйдет. <> \nЗащитник БАТЭ Денис Поляков после отметил, что концовка чемпионата проходит не так интересно, как хотелось бы, передает «Прессбол» . \n– Игра давалась тяжело. До первого гола мы, наверное, не проснулись... Потом начали хорошо атаковать, создавали много моментов. \n- Матч теоретически мог стать чемпионским. Следили за событиями в Витебске? \n– Не обращали внимания. Никуда чемпионство от нас не уйдет. Не стали чемпионами в этом туре – станем в следующем. \n- Сделаете подарок Александру Владимировичу на его родине? \n– Да, будем праздновать. Может, столик нам накроет. \n- Насколько легко сейчас играть в чемпионате? \n– Скоро матчи сборной, нужно максимально усердно готовиться к ним. Я не скажу, что сейчас интересно играть в чемпионате. Ведь, по сути, уже в чемпионате все решено, поэтому выходим на матчи более расслабленными. \n- На матчи БАТЭ ходит не так много зрителей… \n– Думаю, все болельщики команды были сегодня на стадионе, болели. Повлиять на количество мы никак не можем, – сказал Поляков. <>", "external_links": [], "published": "2016-10-03T03:50:00.000+03:00", "crawled": "2016-10-02T23:11:43.859+03:00", "highlightTitle": ""}