{"organizations": [], "uuid": "b3dd68d5cb39610fccfc6e79ee5f670e4403606a", "thread": {"social": {"gplus": {"shares": 0}, "pinterest": {"shares": 0}, "vk": {"shares": 0}, "linkedin": {"shares": 0}, "facebook": {"likes": 0, "shares": 0, "comments": 0}, "stumbledupon": {"shares": 0}}, "site_full": "www.zakon.kz", "main_image": "https://static.zakon.kz/uploads/posts/2016-10/2016100115253218154_stop_halal1.jpg", "site_section": "http://auto.zakon.kz/rss.xml", "section_title": "Казахстанский информационный портал zakon.kz", "url": "http://www.zakon.kz/4820552-khalal-industrija-biznes-s-dushojj-ili.html", "country": "KZ", "domain_rank": 5135, "title": "Халал-индустрия – бизнес с душой или обманный заработок на святом?", "performance_score": 0, "site": "zakon.kz", "participants_count": 0, "title_full": "Халал-индустрия – бизнес с душой или обманный заработок на святом?", "spam_score": 0.0, "site_type": "news", "published": "2016-10-01T17:26:00.000+03:00", "replies_count": 0, "uuid": "b3dd68d5cb39610fccfc6e79ee5f670e4403606a"}, "author": "", "url": "http://www.zakon.kz/4820552-khalal-industrija-biznes-s-dushojj-ili.html", "ord_in_thread": 0, "title": "Халал-индустрия – бизнес с душой или обманный заработок на святом?", "locations": [], "entities": {"persons": [], "locations": [], "organizations": []}, "highlightText": "", "language": "russian", "persons": [], "text": "1 октября 2016, \nЯйца, крабовые палочки, жевательная резинка, вода и даже СТО или гостинца со знаком «халал». Сегодня наличие этого знака – не просто подтверждение допустимости использования товара или, теперь уже, и услуги, но и хорошо работающий рекламный ход. \nСоциологические исследования показывают, что вне зависимости от религии, люди воспринимают его как знак качества. Но оказалось, что надпись на вывеске или этикетке может быть обманчивой. Более того, в Казахстане даже нет закона о специальной маркировке продукции. \n«Мы отправились в мясоперерабатывающий цех, чтобы посмотреть, чем же изготовление тех же колбас «халал» отличается от обычных, прошлись с рейдом по магазинам, чтобы проверить - а следит ли кто-нибудь там за соответствием написанного на упаковке её содержимому. Там, где есть религия - очень много тонкостей, и поверьте – даже я, не будучи мусульманином, оказался не удовлетворён их соблюдением», - рассказал корреспондент Первого в Казахстане Алексей Мыкитюк. \nСовместный рейд с главными специалистами Халал Индустрии Казахстана научил всю съемочную группу Первого в Казахстане отличать псевдо-халал от настоящего. сообщить об ошибке . х ы видите данное сообщение, значит возникли проблемы с работой системы комментариев. Возможно у вас отключен JavaScript или заблокирован сайт http://hypercomments.com Добавить комментарий Введите имя Чтобы увидеть код начните набирать сообщение Введите код из 3 сим", "external_links": [], "published": "2016-10-01T17:26:00.000+03:00", "crawled": "2016-10-01T16:40:19.688+03:00", "highlightTitle": ""}