{"organizations": [], "uuid": "6d4ef18934ece1cdb168c333a5e6ca19cf6828c8", "thread": {"social": {"gplus": {"shares": 0}, "pinterest": {"shares": 0}, "vk": {"shares": 0}, "linkedin": {"shares": 0}, "facebook": {"likes": 0, "shares": 0, "comments": 0}, "stumbledupon": {"shares": 0}}, "site_full": "vz.ru", "main_image": "http://vz.ru/images/600x400_vz.jpg", "site_section": "http://vz.ru/society", "section_title": "ВЗГЛЯД / Общество", "url": "http://vz.ru/news/2016/10/1/835627.html", "country": "RU", "domain_rank": 3116, "title": "Минобороны: Сухопутные войска получат более 2 тыс. новинок вооружений", "performance_score": 0, "site": "vz.ru", "participants_count": 2, "title_full": "ВЗГЛЯД / Минобороны: Сухопутные войска получат более 2 тыс. новинок вооружений", "spam_score": 0.396, "site_type": "news", "published": "2016-09-30T20:43:00.000+03:00", "replies_count": 1, "uuid": "6d4ef18934ece1cdb168c333a5e6ca19cf6828c8"}, "author": "vz.ru", "url": "http://vz.ru/news/2016/10/1/835627.html", "ord_in_thread": 0, "title": "Минобороны: Сухопутные войска получат более 2 тыс. новинок вооружений", "locations": [], "entities": {"persons": [], "locations": [], "organizations": []}, "highlightText": "", "language": "russian", "persons": [], "text": "Свыше 2 тыс. современных образцов вооружений, в том числе бронетехника и ракетные комплексы, поступят на вооружение сухопутных войск России до конца 2016 года, заявил главнокомандующий войсками генерал-полковник Олег Салюков.\n«Продолжается планомерное комплектное переоснащение Сухопутных войск современными образцами вооружения в рамках реализации Государственной программы вооружения с учетом решения Верховного главнокомандующего о доведении доли современных образцов к исходу 2020 года до 70%. В 2016 году спланировано к поставке в Сухопутные войска более 2000 современных образцов ВВТ, в том числе более 500 единиц БТВТ, 800 единиц ракетно-артиллерийского вооружения и 700 единиц ВВТ боевого обеспечения», - приводит его слова РИА «Новости» .\nСалюков отметил, что параллельно ведется комплекс научно-исследовательских и опытно-конструкторских работ по созданию перспективных образцов ВВТ и модернизации уже существующих.", "external_links": ["http://www.rian.ru/", "http://geroy.ru/js/persons.js", "http://adv.russia.ru/adv?id=3&c=2&n=4&css=/css/vz.css"], "published": "2016-09-30T20:43:00.000+03:00", "crawled": "2016-10-01T06:46:28.538+03:00", "highlightTitle": ""}