{"organizations": [], "uuid": "d165f8003f46bb34b480924d3d58ee4bee9dde79", "thread": {"social": {"gplus": {"shares": 0}, "pinterest": {"shares": 0}, "vk": {"shares": 0}, "linkedin": {"shares": 0}, "facebook": {"likes": 0, "shares": 0, "comments": 0}, "stumbledupon": {"shares": 0}}, "site_full": "news.bigmir.net", "main_image": "http://bm.img.com.ua/berlin/storage/news/orig/5/ee/50580b9e3974c8314969a1d9c7c3fee5.jpg", "site_section": "http://news.bigmir.net/?_ctr=rss", "section_title": "Новости - Главная", "url": "http://news.bigmir.net/world/1029156-Evreiskii-kongress-trebyet-izvinenii-y-prezidenta-Filippin", "country": "UA", "domain_rank": 3864, "title": "Еврейский конгресс требует извинений у президента Филиппин", "performance_score": 0, "site": "bigmir.net", "participants_count": 0, "title_full": "Еврейский конгресс требует извинений у президента Филиппин", "spam_score": 0.0, "site_type": "news", "published": "2016-10-01T17:25:00.000+03:00", "replies_count": 0, "uuid": "d165f8003f46bb34b480924d3d58ee4bee9dde79"}, "author": "", "url": "http://news.bigmir.net/world/1029156-Evreiskii-kongress-trebyet-izvinenii-y-prezidenta-Filippin", "ord_in_thread": 0, "title": "Еврейский конгресс требует извинений у президента Филиппин", "locations": [], "entities": {"persons": [], "locations": [], "organizations": []}, "highlightText": "", "language": "russian", "persons": [], "text": "Еврейский конгресс требует извинений у президента Филиппин Сегодня, 12:25 Комментариев: 0 Президент Дутерте провел параллель между Германией времен Адольфа Гитлера и современными Филиппинами, что вызвало жесткую реакцию . \nГлава Всемирного еврейского конгресса Рональд Лаудер потребовал извинений от президента Филиппин Родриго Дутерте за сравнение борьбы с наркоторговцами и уничтожения нацистами евреев. Об этом сообщает Deutsche Welle . \n\"То, что сказал Дутерте, не только бесчеловечно, но это также и страшное пренебрежение человеческой жизнью\", - сказал Лаудер. \nВо время выступления 30 сентября Дутерте провел параллель между Германией времен Адольфа Гитлера и современными Филиппинами. \n\"Гитлер уничтожил три миллиона евреев. Сейчас (на Филиппинах) три миллиона наркозависимых. Я был бы счастлив их уничтожить\", - сказал президент. \nНа заявление жестко отреагировала Германия, которая обратила внимание на недопустимость сравнения Холокоста с чем-либо другим. Liga.net В мире", "external_links": [], "published": "2016-10-01T17:25:00.000+03:00", "crawled": "2016-10-01T13:37:20.619+03:00", "highlightTitle": ""}