{"organizations": [], "uuid": "fd0b0b0f623144041dea273d24272d47be49b734", "thread": {"social": {"gplus": {"shares": 0}, "pinterest": {"shares": 0}, "vk": {"shares": 0}, "linkedin": {"shares": 0}, "facebook": {"likes": 9, "shares": 9, "comments": 0}, "stumbledupon": {"shares": 0}}, "site_full": "sport.bigmir.net", "main_image": "http://sport.img.com.ua/b/orig/a/04/da86f814a06836f5324b7ba5790f204a.jpg", "site_section": "http://sport.bigmir.net/sport.bigmir.net?_ctr=rss", "section_title": "СПОРТ", "url": "http://sport.bigmir.net/tenis/wta/1777981-Svitolina-startovala-s-pobedy-na-turnire-v-Pekine", "country": "UA", "domain_rank": 3864, "title": "Свитолина стартовала с победы на турнире в Пекине", "performance_score": 0, "site": "bigmir.net", "participants_count": 0, "title_full": "Свитолина стартовала с победы на турнире в Пекине", "spam_score": 0.0, "site_type": "news", "published": "2016-10-03T16:14:00.000+03:00", "replies_count": 0, "uuid": "fd0b0b0f623144041dea273d24272d47be49b734"}, "author": "", "url": "http://sport.bigmir.net/tenis/wta/1777981-Svitolina-startovala-s-pobedy-na-turnire-v-Pekine", "ord_in_thread": 0, "title": "Свитолина стартовала с победы на турнире в Пекине", "locations": [], "entities": {"persons": [], "locations": [], "organizations": []}, "highlightText": "", "language": "russian", "persons": [], "text": "Свитолина стартовала с победы на турнире в Пекине 5 мин назад Украинская теннисистка успешно начала турнир серии WTA Premier. Элина Свитолина instagram.com/elisvitolina \nПервая ракетка украинского тенниса Элина Свитолина начала с победы на турнире серии WTA Premier, который в нынешнее время проходит в Пекине, обыграв представительницу Германии Татьяну Марию. \nНа счету Свитолиной пять брейков и один проигранный гейм на своей подаче. Элина также допустила на своей подаче единственный брейк-поинт. \nВ следующем раунде украинка встретиться с Сабиной Лисицки. \nЭлина Свитолина (Украина) – Татьяна Мария (Германия) 6:2, 6:2 \nСмотри также видео с участием Элины Свитолиной: Элина Свитолина", "external_links": [], "published": "2016-10-03T16:14:00.000+03:00", "crawled": "2016-10-03T11:18:46.398+03:00", "highlightTitle": ""}