{"organizations": [], "uuid": "d7a2dcca77bbfdcdacc5ead43fbe43d577fa3620", "thread": {"social": {"gplus": {"shares": 0}, "pinterest": {"shares": 0}, "vk": {"shares": 0}, "linkedin": {"shares": 0}, "facebook": {"likes": 0, "shares": 0, "comments": 0}, "stumbledupon": {"shares": 0}}, "site_full": "ivona.bigmir.net", "main_image": "http://v.img.com.ua/b/orig/5/56/8e6fb1307e96cd19304b54cc268c8565.jpg", "site_section": "http://news.bigmir.net/?_ctr=rss", "section_title": "Новости - Главная", "url": "http://ivona.bigmir.net/showbiz/439449-Kim-Kardashjan-proshlas-po-magazinam-v-sportivnyh-shtanah-i-kruzhevnom-korsete", "country": "UA", "domain_rank": 3864, "title": "Ким Кардашян прошлась по магазинам в спортивных штанах и кружевном корсете", "performance_score": 0, "site": "bigmir.net", "participants_count": 0, "title_full": "Ким Кардашян прошлась по магазинам в спортивных штанах и кружевном корсете", "spam_score": 0.0, "site_type": "news", "published": "2016-10-01T00:00:00.000+03:00", "replies_count": 0, "uuid": "d7a2dcca77bbfdcdacc5ead43fbe43d577fa3620"}, "author": "", "url": "http://ivona.bigmir.net/showbiz/439449-Kim-Kardashjan-proshlas-po-magazinam-v-sportivnyh-shtanah-i-kruzhevnom-korsete", "ord_in_thread": 0, "title": "Ким Кардашян прошлась по магазинам в спортивных штанах и кружевном корсете", "locations": [], "entities": {"persons": [], "locations": [], "organizations": []}, "highlightText": "", "language": "russian", "persons": [], "text": "Ким Кардашян прошлась по магазинам в спортивных штанах и кружевном корсете Вчера, 19:00 Звезда реалити-шоу Ким Кардашян наслаждается показами на Неделе моды в Париже, но успевает и сама пройтись по магазинам. Ким Кардашян dailymail.co.uk \n35-летняя Ким Кардашян и ее муж Канье Уэст были замечены на шоппинге в Париже, Франция. Женщина удивила своим странным нарядом: для выхода в свет она выбрала черное кружевное боди и спортивные штаны, которые дополнила босоножками на каблуке.", "external_links": [], "published": "2016-10-01T00:00:00.000+03:00", "crawled": "2016-10-01T02:18:29.451+03:00", "highlightTitle": ""}