{"organizations": [], "uuid": "5fbc4d31c70dfa2a8666cb70f2c3058339df8fcc", "thread": {"social": {"gplus": {"shares": 0}, "pinterest": {"shares": 0}, "vk": {"shares": 0}, "linkedin": {"shares": 0}, "facebook": {"likes": 0, "shares": 0, "comments": 0}, "stumbledupon": {"shares": 0}}, "site_full": "112.ua", "main_image": "http://img.112.agency/original/2015/08/10/176228.jpg", "site_section": "http://112.ua/rss/index.rss", "section_title": "Новости 112.ua", "url": "http://112.ua/kiev/v-kieve-neizvestnye-napali-na-policeyskogo-zabrali-u-nego-oruzhie-i-dokument-istochnik-343164.html", "country": "UA", "domain_rank": 8311, "title": "В Киеве неизвестные напали на полицейского, забрали у него оружие и документ, - источник", "performance_score": 0, "site": "112.ua", "participants_count": 0, "title_full": "В Киеве неизвестные напали на полицейского, забрали у него оружие и документ, - источник", "spam_score": 0.0, "site_type": "news", "published": "2016-10-03T20:20:00.000+03:00", "replies_count": 0, "uuid": "5fbc4d31c70dfa2a8666cb70f2c3058339df8fcc"}, "author": "", "url": "http://112.ua/kiev/v-kieve-neizvestnye-napali-na-policeyskogo-zabrali-u-nego-oruzhie-i-dokument-istochnik-343164.html", "ord_in_thread": 0, "title": "В Киеве неизвестные напали на полицейского, забрали у него оружие и документ, - источник", "locations": [], "entities": {"persons": [], "locations": [], "organizations": []}, "highlightText": "", "language": "russian", "persons": [], "text": "МВД Украины \nВ понедельник около 14:00 в Соломенском районе Киева неизвестные в масках на лице напали на сотрудника полиции и, угрожая предметом, похожим на пистолет Макарова, отобрали у него табельное оружие, спецсредства и служебное удостоверение. Об этом сообщает \" Левый берег \". \nПосле этого они скрылись на автомобиле Volkswagen Golf 3 черного цвета с регистрационными номерами Киевской области. По автомобилю в Киеве введен план \"Перехват\". \nПроводятся оперативно-розыскные мероприятия по задержанию злоумышленников. \nРанее сообщалось, что в Соломенском районе Киева водитель \"MITSUBISHI Pajero\" напал на полицейского и отобрал у него табельное оружие . Патрульного госпитализировали в больницу. <>", "external_links": [], "published": "2016-10-03T20:20:00.000+03:00", "crawled": "2016-10-03T15:21:26.890+03:00", "highlightTitle": ""}