{"organizations": [], "uuid": "4247753c91e67d50247e9b4e6a782b6b1cc95330", "thread": {"social": {"gplus": {"shares": 0}, "pinterest": {"shares": 0}, "vk": {"shares": 0}, "linkedin": {"shares": 0}, "facebook": {"likes": 0, "shares": 0, "comments": 0}, "stumbledupon": {"shares": 0}}, "site_full": "www.kp.ru", "main_image": "http://kp.ru/share/i/fill/FFFFFF/cr-458x185.t-10-2527235-osb-18-7-000-375-l-30-m-0.b-FFF-0-0-0-49.b-0083cd-6.t-4-1045972-osr-14-5-565656-480-l-100-b-40.wm-rm-100-bl-24-24.png", "site_section": "http://www.kp.ru/rss/allsections.xml", "section_title": "KP.RU :: Комсомольская правда", "url": "http://www.kp.ru/online/news/2527235/", "country": "RU", "domain_rank": 1696, "title": "В Шотландии в ДТП погиб болельщик футбольного клуба «Рейнджерс»", "performance_score": 0, "site": "kp.ru", "participants_count": 0, "title_full": "В Шотландии в ДТП погиб болельщик футбольного клуба «Рейнджерс»", "spam_score": 0.0, "site_type": "news", "published": "2016-10-02T03:43:00.000+03:00", "replies_count": 0, "uuid": "4247753c91e67d50247e9b4e6a782b6b1cc95330"}, "author": "", "url": "http://www.kp.ru/online/news/2527235/", "ord_in_thread": 0, "title": "В Шотландии в ДТП погиб болельщик футбольного клуба «Рейнджерс»", "locations": [], "entities": {"persons": [], "locations": [], "organizations": []}, "highlightText": "", "language": "russian", "persons": [], "text": "В Шотландии в ДТП погиб болельщик футбольного клуба «Рейнджерс» Еще 18 фанатов госпитализированы \nВ Шотландии болельщик местного футбольного клуба «Рейнджерс» погиб в результате ДТП . \n«Мы можем подтвердить, что 39-летний мужчина погиб после серьезной аварии автобуса. Кроме того, 18 человек получают первую помощь в больнице, трое из них в тяжелом состоянии», - заявили BBC в шотландской полиции. \nУточняется, что инцидент произошел в области Восточный Эйршир. Всего в автобусе находились 37 человек вместе с водителем.   Подписка \nУЧРЕДИТЕЛЬ И РЕДАКЦИЯ: АО ИД «Комсомольская правда». \nСетевое издание (сайт) зарегистрировано Роскомнадзором, свидетельство Эл № ФC77-50166 от 15 июня 2012.Главный редактор — Сунгоркин В. Н. Шеф-редактор сайта — Носова О.В. \nСообщения и комментарии читателей сайта размещаются без предварительного редактирования. Редакция оставляет за собой право удалить их с сайта или отредактировать, если указанные сообщения и комментарии являются злоупотреблением свободой массовой информации или нарушением иных требований закона. ВОЗРАСТНАЯ КАТЕГОРИЯ САЙТА: 12+ \n127287, Москва, Старый Петровско-Разумовский проезд, 1/23, стр. 1. Тел. +7 (495) 777-02-82. \nИсключительные права на материалы, размещённые на интернет-сайте www.kp.ru, в соответствии с законодательством Российской Федерации об охране результатов интеллектуальной деятельности принадлежат АО «Издательский дом «Комсомольская правда», и не подлежат использованию другими лицами в какой бы то ни было форме без письменного разрешения правообладателя. \nПриобретение авторских прав:", "external_links": [], "published": "2016-10-02T03:43:00.000+03:00", "crawled": "2016-10-01T23:31:27.298+03:00", "highlightTitle": ""}