{"organizations": [], "uuid": "d63e0a9485687f4e5e77e8b5f462e3ce6ada48e6", "thread": {"social": {"gplus": {"shares": 0}, "pinterest": {"shares": 0}, "vk": {"shares": 0}, "linkedin": {"shares": 0}, "facebook": {"likes": 0, "shares": 0, "comments": 0}, "stumbledupon": {"shares": 0}}, "site_full": "www.ss.lv", "main_image": "", "site_section": "http://ss.lv//lv/for-children/a-feed/rss/", "section_title": "Sludinājumi - SS.LV - RSS. Bērniem : Aksesuāri, ēdiens, Cenas", "url": "https://www.ss.lv/msg/lv/for-children/a-feed/milk-pumps/bfnckb.html", "country": "LV", "domain_rank": 3405, "title": "Manuālāis krūts pumpis Canpol Babies, var ātri un viegli atsūkt lieko pienu, nodrošina arī masāžu un tādējādi aizsargās jūs n ...", "performance_score": 0, "site": "ss.lv", "participants_count": 0, "title_full": "Manuālāis krūts pumpis Canpol Babies, var ātri un viegli atsūkt lieko pienu, nodrošina arī masāžu un tādējādi aizsargās jūs n ...", "spam_score": 0.0, "site_type": "news", "published": "2016-10-01T21:33:00.000+03:00", "replies_count": 0, "uuid": "d63e0a9485687f4e5e77e8b5f462e3ce6ada48e6"}, "author": "", "url": "https://www.ss.lv/msg/lv/for-children/a-feed/milk-pumps/bfnckb.html", "ord_in_thread": 0, "title": "Manuālāis krūts pumpis Canpol Babies, var ātri un viegli atsūkt lieko pienu, nodrošina arī masāžu un tādējādi aizsargās jūs n ...", "locations": [], "entities": {"persons": [], "locations": [], "organizations": []}, "highlightText": "", "language": "russian", "persons": [], "text": "Manuālāis krūts pumpis Canpol Babies, var ātri un viegli atsūkt lieko pienu, nodrošina arī masāžu un tādējādi aizsargās jūs no sāpīga iekaisuma krūtī. Mazlietots, viss strādā cieši pieguļ higiēnisks - piens tiek nosūkts tieši pudelītē mīksta piltuvīte vienlaicīgi nodrošina arī masāžu var lietot kopā ar visām standart pudelītēm Canpol Babies vienkārši lietojams Rīga, tc Azur, iespējama piegāde Ручной молокоотсос малопользованый в упаковке, все работает. Canpol Babies поможет быстро и легко сцедить излишки молока в то время, когда лактация ещё не налажена, поможет также предотвратить застой молока и тем самым защитить вас от болезненного воспаления груди. герметично прилегает мягкая накладка обеспечивает массаж груди легко складывается Рига, район Азура, возможна доставка Marka:", "external_links": [], "published": "2016-10-01T21:33:00.000+03:00", "crawled": "2016-10-02T02:21:26.301+03:00", "highlightTitle": ""}