{"organizations": [], "uuid": "045a6cf7764a5a8a30805e394a895110f00294b3", "thread": {"social": {"gplus": {"shares": 0}, "pinterest": {"shares": 0}, "vk": {"shares": 0}, "linkedin": {"shares": 0}, "facebook": {"likes": 0, "shares": 0, "comments": 0}, "stumbledupon": {"shares": 0}}, "site_full": "www.vesti.ru", "main_image": "//cdn-st1.rtr-vesti.ru/p/xw_1314177.jpg", "site_section": "http://www.vesti.ru/vesti.rss", "section_title": "ВЕСТИ", "url": "http://www.vesti.ru/doc.html?id=2805671", "country": "RU", "domain_rank": 1536, "title": "Теннисистка Кузнецова поднялась на седьмое место в мировом рейтинге", "performance_score": 0, "site": "vesti.ru", "participants_count": 0, "title_full": "Теннисистка Кузнецова поднялась на седьмое место в мировом рейтинге", "spam_score": 0.0, "site_type": "news", "published": "2016-10-03T15:30:00.000+03:00", "replies_count": 0, "uuid": "045a6cf7764a5a8a30805e394a895110f00294b3"}, "author": "", "url": "http://www.vesti.ru/doc.html?id=2805671", "ord_in_thread": 0, "title": "Теннисистка Кузнецова поднялась на седьмое место в мировом рейтинге", "locations": [], "entities": {"persons": [], "locations": [], "organizations": []}, "highlightText": "", "language": "russian", "persons": [], "text": "EPA Женская теннисная ассоциация (ВТА) опубликовала новый рейтинг. Сильнейшая на данный момент российская теннисистка Светлана Кузнецова поднялась с десятого места на седьмое. Столь стремительным возвышением Кузнецова обязана выходом в полуфинал турнира в китайском Ухане. По ходу соревнований Светлана обыграла польку Агнешку Радваньскую и американку Винус Уильямс. На четыре позиции поднялась еще одна наша спортменка – Дарья Касаткина теперь занимает 24-ю позицию. Сохранили свои места Анастасия Павлюченкова и Елена Веснина – соответственно 17-е и 20-е места. Екатерина Макарова переместилась с 37 на 35-е место. Маргарита Гаспарян, напротив, отступила на две ступеньки с 92 на 94-е место. На 95-м Мария Шарапова, которая поднялась на одно место, несмотря на отбывание дисквалификации. На первом месте в рейтинге ВТА немка Ангелика Кербер. Вслед за ней расположились американка Серена Уильямс, полька Агнешка Радваньская, испанка Гарбинье Мугуруса, румынка Симона Халеп и чешка Каролиа Плишкова. У мужчин самого большого прогресса в рейтинге АТП добился наш Карен Хачанов, переместившийся с 101 на 55-е места благодаря своему первому выигранному турниру. Андрей Кузнецов отступил с 45-й позиции на 46-ю, а Михаил Южный остался на 51-м месте.", "external_links": [], "published": "2016-10-03T15:30:00.000+03:00", "crawled": "2016-10-03T12:40:14.218+03:00", "highlightTitle": ""}