{"organizations": [], "uuid": "f349033b9f001ffab991c2f26a63f122ed5f09ce", "thread": {"social": {"gplus": {"shares": 0}, "pinterest": {"shares": 0}, "vk": {"shares": 0}, "linkedin": {"shares": 0}, "facebook": {"likes": 0, "shares": 0, "comments": 0}, "stumbledupon": {"shares": 0}}, "site_full": "prosport-ru.tsn.ua", "main_image": "http://image.tsn.ua/media/images4/608xX/Sep2016/385788568.jpg", "site_section": "http://ru.tsn.ua/rss", "section_title": "Новости на tsn.ua", "url": "http://prosport-ru.tsn.ua/sport/manchester-yunayted-zarya-1-0-video-luchshih-momentov-matcha-720569.html", "country": "UA", "domain_rank": 6707, "title": "Манчестер Юнайтед - Заря - 1:0. Видео лучших моментов матча", "performance_score": 0, "site": "tsn.ua", "participants_count": 0, "title_full": "Манчестер Юнайтед - Заря - 1:0. Видео лучших моментов матча", "spam_score": 0.0, "site_type": "news", "published": "2016-09-30T16:23:00.000+03:00", "replies_count": 0, "uuid": "f349033b9f001ffab991c2f26a63f122ed5f09ce"}, "author": "", "url": "http://prosport-ru.tsn.ua/sport/manchester-yunayted-zarya-1-0-video-luchshih-momentov-matcha-720569.html", "ord_in_thread": 0, "title": "Манчестер Юнайтед - Заря - 1:0. Видео лучших моментов матча", "locations": [], "entities": {"persons": [], "locations": [], "organizations": []}, "highlightText": "", "language": "russian", "persons": [], "text": "29 сентября \"Заря\" провела матч 2-го тура Лиги Европы . Соперником украинской команды стал \"Манчестер Юнайтед\". \nЛуганчане блестяще проявили себя на \"Олд Траффорд\" и имели классные моменты для взятия ворот. Где-то не повезло. \nЗлым гением для нашей команды стал Златан Ибрагимович, который забил на 69-й минуте . \n\"Заря\" с одним баллом занимает последнее место в турнирной таблице Группы В, лидирует \"Фенербахче\". \n20 октября подопечные Юрия Вернидуба встретятся с \"Фейеноордом\" . Английское разочарование. Как Ибрагимович не дал \"Заре\" взять очки в Манчестере Спорт Вчера, 00:30 1 из 14 © Reuters", "external_links": [], "published": "2016-09-30T16:23:00.000+03:00", "crawled": "2016-10-01T06:30:44.666+03:00", "highlightTitle": ""}