{"organizations": [], "uuid": "5987d029c6ba509c8ffdcf9d64f2b181c30e0f2b", "thread": {"social": {"gplus": {"shares": 0}, "pinterest": {"shares": 0}, "vk": {"shares": 0}, "linkedin": {"shares": 0}, "facebook": {"likes": 1, "shares": 1, "comments": 0}, "stumbledupon": {"shares": 0}}, "site_full": "news.mail.ru", "main_image": "https://news.mail.ru/social_preview/27302357/?time=96a5ab46db5c976ac452be52517ac632", "site_section": "http://news.mail.ru//rss/", "section_title": "Новости Mail.Ru", "url": "https://news.mail.ru/society/27302357/", "country": "RU", "domain_rank": 27, "title": "Известный московский режиссер откроет новый сезон в Хабаровском краевом театре драмы", "performance_score": 0, "site": "mail.ru", "participants_count": 0, "title_full": "Известный московский режиссер откроет новый сезон в Хабаровском краевом театре драмы", "spam_score": 0.0, "site_type": "news", "published": "2016-10-01T14:35:00.000+03:00", "replies_count": 0, "uuid": "5987d029c6ba509c8ffdcf9d64f2b181c30e0f2b"}, "author": "", "url": "https://news.mail.ru/society/27302357/", "ord_in_thread": 0, "title": "Известный московский режиссер откроет новый сезон в Хабаровском краевом театре драмы", "locations": [], "entities": {"persons": [], "locations": [], "organizations": []}, "highlightText": "", "language": "russian", "persons": [], "text": "<!-- rb: 6032?_SITEZONE=11 --><!-- /rb: 6032?_SITEZONE=11 --> <!-- rb: 6030?_SITEZONE=11 --><!-- /rb: 6030?_SITEZONE=11 --> <!-- rb: 6029?_SITEZONE=11 --><!-- /rb: 6029?_SITEZONE=11   \nТеперь вы можете обсуждать последние новости и высказывать свое отношение к происходящему. 09:35 (мск) , источник: AmurMedia.ru Известный московский режиссер откроет новый сезон в Хабаровском краевом театре драмы \nК обязанностям главного режиссера театра Роберт Манукян приступит уже с 4 октября.", "external_links": [], "published": "2016-10-01T14:35:00.000+03:00", "crawled": "2016-10-01T09:45:35.946+03:00", "highlightTitle": ""}