{"organizations": [], "uuid": "a9c190b163d3fe728422b1f92a3ee13910769c66", "thread": {"social": {"gplus": {"shares": 4}, "pinterest": {"shares": 0}, "vk": {"shares": 0}, "linkedin": {"shares": 0}, "facebook": {"likes": 494, "shares": 494, "comments": 0}, "stumbledupon": {"shares": 0}}, "site_full": "news.mail.ru", "main_image": "https://news.mail.ru/social_preview/27307418/?time=2e6301c15771ee57a0ab6effa72fd004", "site_section": "http://news.mail.ru//rss/", "section_title": "Новости Mail.Ru", "url": "https://news.mail.ru/society/27307418/", "country": "RU", "domain_rank": 27, "title": "СМИ сообщили о призыве Кадырова \"расстреливать нарушителей покоя\"", "performance_score": 4, "site": "mail.ru", "participants_count": 0, "title_full": "СМИ сообщили о призыве Кадырова \"расстреливать нарушителей покоя\"", "spam_score": 0.0, "site_type": "news", "published": "2016-10-02T02:43:00.000+03:00", "replies_count": 0, "uuid": "a9c190b163d3fe728422b1f92a3ee13910769c66"}, "author": "", "url": "https://news.mail.ru/society/27307418/", "ord_in_thread": 0, "title": "СМИ сообщили о призыве Кадырова \"расстреливать нарушителей покоя\"", "locations": [], "entities": {"persons": [], "locations": [], "organizations": []}, "highlightText": "", "language": "russian", "persons": [], "text": "<!-- rb: 6032?_SITEZONE=11 --><!-- /rb: 6032?_SITEZONE=11 --> <!-- rb: 6030?_SITEZONE=11 --><!-- /rb: 6030?_SITEZONE=11 --> <!-- rb: 6029?_SITEZONE=11 --><!-- /rb: 6029?_SITEZONE=11   \nТеперь вы можете обсуждать последние новости и высказывать свое отношение к происходящему. 21:43 (мск) , источник: РБК СМИ сообщили о призыве Кадырова «расстреливать нарушителей покоя» \nГлава Чечни Рамзан Кадыров призвал «расстреливать нарушителей покоя» в республике, сообщила «Новая газета», ссылаясь на сюжет в эфире телекомпании «Грозный». Издание попросило генпрокуратуру и СКР оценить высказывание Кадырова.", "external_links": [], "published": "2016-10-02T02:43:00.000+03:00", "crawled": "2016-10-01T22:12:45.881+03:00", "highlightTitle": ""}