{"organizations": [], "uuid": "4f7edaa261062db827c71a347d8f1645d825d4af", "thread": {"social": {"gplus": {"shares": 1}, "pinterest": {"shares": 0}, "vk": {"shares": 0}, "linkedin": {"shares": 0}, "facebook": {"likes": 0, "shares": 0, "comments": 0}, "stumbledupon": {"shares": 0}}, "site_full": "www.vesti.ru", "main_image": "//cdn-st1.rtr-vesti.ru/p/xw_1313676.jpg", "site_section": "http://www.vesti.ru/vesti.rss", "section_title": "ВЕСТИ", "url": "http://www.vesti.ru/doc.html?id=2805229", "country": "RU", "domain_rank": 1536, "title": "Игроку сборной Хорватии Класничу требуется новая почка", "performance_score": 0, "site": "vesti.ru", "participants_count": 0, "title_full": "Игроку сборной Хорватии Класничу требуется новая почка", "spam_score": 0.0, "site_type": "news", "published": "2016-10-01T21:15:00.000+03:00", "replies_count": 0, "uuid": "4f7edaa261062db827c71a347d8f1645d825d4af"}, "author": "", "url": "http://www.vesti.ru/doc.html?id=2805229", "ord_in_thread": 0, "title": "Игроку сборной Хорватии Класничу требуется новая почка", "locations": [], "entities": {"persons": [], "locations": [], "organizations": []}, "highlightText": "", "language": "russian", "persons": [], "text": "EPA Известный хорватский футболист Иван Класнич в очередной раз стал жертвой почечной недостаточности. Игроку снова требуется пересадка почки. Ранее спортсмен дважды подвергался подобной операции, получив органы от матери и отца. Впервые почечная недостаточность у Класнича была найдена 10 лет назад, еще в бытность действующим игроком. Донорами последовательно стали мать футболиста, почка которой была отторгнута, и отец Ивана, с органом которого игрок живет сейчас. В 2008 году он стал первым в истории игроком с пересаженной почкой, сыгравшем в матче финальной части чемпионата Европы. 36-летний Класнич, который повесил бутсы на гвоздь три года назад, нынче должен каждые два дня проходить процедуру диализа, которые ему проводят в Гамбурге, сообщает ТАСС . Игрок ожидает возможность новой пересадки почки, срок подбора которой, по статистике, занимает около семи лет.", "external_links": [], "published": "2016-10-01T21:15:00.000+03:00", "crawled": "2016-10-01T16:24:22.755+03:00", "highlightTitle": ""}