{"organizations": [], "uuid": "644f0ae521abc0a2b2ec3b815d8a5ad6bdd67edb", "thread": {"social": {"gplus": {"shares": 0}, "pinterest": {"shares": 0}, "vk": {"shares": 0}, "linkedin": {"shares": 0}, "facebook": {"likes": 0, "shares": 0, "comments": 0}, "stumbledupon": {"shares": 0}}, "site_full": "news.rambler.ru", "main_image": "https://news.rambler.ru/share/snippets/34882185/b7590beac00db08ed9aaa6c393885c25.png", "site_section": "http://news.rambler.ru/rss/travel/", "section_title": "Путешествия — Рамблер/новости", "url": "https://news.rambler.ru/travel/34882185-ledokol-kapitan-hlebnikov-vernulsya-v-primore/", "country": "RU", "domain_rank": 289, "title": "Ледокол «Капитан Хлебников» вернулся в Приморье", "performance_score": 0, "site": "rambler.ru", "participants_count": 1, "title_full": "Ледокол «Капитан Хлебников» вернулся в Приморье", "spam_score": 0.0, "site_type": "news", "published": "2016-10-03T15:33:00.000+03:00", "replies_count": 0, "uuid": "644f0ae521abc0a2b2ec3b815d8a5ad6bdd67edb"}, "author": "РИА Новости", "url": "https://news.rambler.ru/travel/34882185-ledokol-kapitan-hlebnikov-vernulsya-v-primore/", "ord_in_thread": 0, "title": "Ледокол «Капитан Хлебников» вернулся в Приморье", "locations": [], "entities": {"persons": [], "locations": [], "organizations": []}, "highlightText": "", "language": "russian", "persons": [], "text": "Фото: РИА Новости Ледокол FESCO \"Капитан Хлебников\" вернулся в порт Владивосток из экспедиционного круиза в Арктику, который продолжался 71 день, сообщает Транспортная группа FESCO. \"Впервые за 25 лет сотрудничества с американской туристической компанией Quark Expeditions, которая арендовала ледокол, рейс проходил по уникальному маршруту – по Северному морскому пути, вокруг Гренландии и через Канадскую Арктику\", — сообщает транспортная группа. Первых туристов и обслуживающий персонал ледокол принял на борт 8 июля в порту Владивосток. Большая часть иностранных туристов поднялась на судно 14 июля в чукотском порту Анадырь. Из Анадыря \"Капитан Хлебников\" прошел по российскому сектору Арктики в Мурманск. На этом маршруте туристы посетили острова Колючин, Врангеля, Айон, Новосибирские и Медвежьи острова, архипелаг Новая земля. В Норвегии в порту Лонгйир произошла смена пассажиров, и \"Капитан Хлебников\" взял курс на Гренландию. Сначала ледокол обошел Гренландию по северо-восточному побережью, далее спустился на юг острова, а затем посетил столицу острова – Нуук. \"Экспедиция в Гренландию прошла по плану с единственным отклонением — тяжелые ледовые условия не позволили подойти к самой северной точке Земли – полярный массив льда в районе мыса Норд не дал ледоколу подняться выше. \"Капитан Хлебников\" обошел западное побережье Гренландии, перешел в канадский порт Грис-Фьорд и посетил фьорды и арктические станции. В порту Анадырь пассажиры были высажены 23 сентября, тогда же вертолетами МИ-8 доставлены в аэропорт\", — говорится в сообщении. По словам капитана ледокола Владимира Болдакова, 12 пассажиров сделали полный круг вокруг полярной шапки. \"На подходе в Анадырь им разрешили управлять ледоколом и доверили постоять на руле. Они были в восторге не только от того, что стояли на руле, но и от того, какой кривой кильватерный след после этого получался\", — рассказал капитан. Во время круиза туристы наблюдали за белыми медведями, арктическими птицами, моржами, тюленями. Пассажиров высаживали на ледники на вертолетах или моторных резиновых лодках. Ледокол FESCO \"Капитан Хлебников\" выполняет туристические рейсы с 1992 года: в зимний период осуществляет экскурсии в Антарктиду с заходами в Аргентину и Новую Зеландию, летом – в Арктику.", "external_links": [], "published": "2016-10-03T15:33:00.000+03:00", "crawled": "2016-10-03T14:11:19.742+03:00", "highlightTitle": ""}