{"organizations": [], "uuid": "91cdfb06c5cc6cc42ff95c33b4c7ab418d4c7f12", "thread": {"social": {"gplus": {"shares": 0}, "pinterest": {"shares": 0}, "vk": {"shares": 0}, "linkedin": {"shares": 0}, "facebook": {"likes": 0, "shares": 0, "comments": 0}, "stumbledupon": {"shares": 0}}, "site_full": "vz.ru", "main_image": "http://img.vz.ru/upimg/soc/soc_835599.jpg", "site_section": "http://vz.ru/society", "section_title": "ВЗГЛЯД / Общество", "url": "http://vz.ru/news/2016/9/30/835599.html", "country": "RU", "domain_rank": 3116, "title": "Минтранс анонсировал создание авиакомпании для перевозок на юге России", "performance_score": 0, "site": "vz.ru", "participants_count": 10, "title_full": "ВЗГЛЯД / Минтранс анонсировал создание авиакомпании для перевозок на юге России", "spam_score": 0.239, "site_type": "news", "published": "2016-09-30T15:43:00.000+03:00", "replies_count": 10, "uuid": "91cdfb06c5cc6cc42ff95c33b4c7ab418d4c7f12"}, "author": "vz.ru", "url": "http://vz.ru/news/2016/9/30/835599.html", "ord_in_thread": 0, "title": "Минтранс анонсировал создание авиакомпании для перевозок на юге России", "locations": [], "entities": {"persons": [], "locations": [], "organizations": []}, "highlightText": "", "language": "russian", "persons": [], "text": "Новая авиакомпания будет создана под кодовым названием «Азимут» для перевозок на юге России, ее парк планируется сформировать из самолетов Sukhoi Superjet-100, сообщил глава Минтранса Максим Соколов.\nПо его словам, новая авиакомпания для перевозок на юге России может быть создана в течение 2017 года. При этом есть еще ряд проектов по созданию авиакомпаний для внутрироссийских перевозок, передает РИА «Новости» .", "external_links": ["http://geroy.ru/js/persons.js", "http://ria.ru/", "http://adv.russia.ru/adv?id=3&c=2&n=4&css=/css/vz.css"], "published": "2016-09-30T15:43:00.000+03:00", "crawled": "2016-10-01T06:40:34.846+03:00", "highlightTitle": ""}