{"organizations": [], "uuid": "f9d968d93a0279e2942c094343e67b2ae5a1b9b2", "thread": {"social": {"gplus": {"shares": 1}, "pinterest": {"shares": 0}, "vk": {"shares": 0}, "linkedin": {"shares": 0}, "facebook": {"likes": 7, "shares": 7, "comments": 0}, "stumbledupon": {"shares": 0}}, "site_full": "fishki.net", "main_image": "http://cdn.fishki.net/upload/post/2016/10/03/2093371/tn/ctollybvmaebcg5.jpg", "site_section": "http://fishki.net//rss/", "section_title": "Fishki.net - Сайт хорошего настроения", "url": "http://fishki.net/2093371-jetot-den-nastupil-umnyj-holodilnik-samostojatelno-zashel-na-pornhub.html", "country": "RU", "domain_rank": 1178, "title": "Этот день наступил. Умный холодильник самостоятельно зашел на PornHub", "performance_score": 0, "site": "fishki.net", "participants_count": 0, "title_full": "Этот день наступил. Умный холодильник самостоятельно зашел на PornHub", "spam_score": 0.0, "site_type": "news", "published": "2016-10-03T19:52:00.000+03:00", "replies_count": 0, "uuid": "f9d968d93a0279e2942c094343e67b2ae5a1b9b2"}, "author": "", "url": "http://fishki.net/2093371-jetot-den-nastupil-umnyj-holodilnik-samostojatelno-zashel-na-pornhub.html", "ord_in_thread": 0, "title": "Этот день наступил. Умный холодильник самостоятельно зашел на PornHub", "locations": [], "entities": {"persons": [], "locations": [], "organizations": []}, "highlightText": "", "language": "russian", "persons": [], "text": "4380 1 \nУмный холодильник в магазине электроники Home Depot самостоятельно зашел на сайт для взрослых PornHub. Фото с открытым порносайтом на его сенсорной панели в своем Twitter опубликовал эксперт по безопасности и глава компании McAfee Джон Макафи. 0 \n«\"Интернет вещей\"... Вы мне верите? Pornhub в холодильнике. Ну и какие теперь идеи по обеспечению информационной безопасности?» — отметил Макафи. Фотография быстро стала хитом в сообществе 9gag и на портале Reddit. В комментариях пользователи отметили, что смотреть порно на холодильнике неудобно, и приобретать умное устройство для этих целей не имеет смысла. В августе специалисты по безопасности из британской компании Pen Test Partners Эндрю Тирни (Andrew Tierney) и Кен Манро (Ken Munro) создали вирус-вымогатель, способный взламывать умные термостаты. Устройство начинало менять температуру в помещении от минимальной до максимальной, а затем выводило на дисплее требование перечислить деньги на счет взломщиков.   51", "external_links": [], "published": "2016-10-03T19:52:00.000+03:00", "crawled": "2016-10-04T02:58:45.061+03:00", "highlightTitle": ""}