{"organizations": [], "uuid": "291a37f1352faa02d2147ce0ef8b985b1173d475", "thread": {"social": {"gplus": {"shares": 0}, "pinterest": {"shares": 0}, "vk": {"shares": 0}, "linkedin": {"shares": 0}, "facebook": {"likes": 0, "shares": 0, "comments": 0}, "stumbledupon": {"shares": 0}}, "site_full": "regnum.ru", "main_image": "https://regnum.ru/uploads/pictures/news/2016/09/30/regnum_picture_147525275391715_big.jpg", "site_section": "https://regnum.ru/rss/news", "section_title": "Новости России, СНГ и мира - ИА REGNUM", "url": "https://regnum.ru/news/polit/2187243.html", "country": "RU", "domain_rank": 3772, "title": "Немецкий дипломат устроил ДТП в Калининграде и сбежал", "performance_score": 0, "site": "regnum.ru", "participants_count": 1, "title_full": "Немецкий дипломат устроил ДТП в Калининграде и сбежал", "spam_score": 0.0, "site_type": "news", "published": "2016-10-01T00:27:00.000+03:00", "replies_count": 0, "uuid": "291a37f1352faa02d2147ce0ef8b985b1173d475"}, "author": "ИА REGNUM", "url": "https://regnum.ru/news/polit/2187243.html", "ord_in_thread": 0, "title": "Немецкий дипломат устроил ДТП в Калининграде и сбежал", "locations": [], "entities": {"persons": [], "locations": [], "organizations": []}, "highlightText": "", "language": "russian", "persons": [], "text": "Генконсульство Германии в Калининграде \nКалининград , 30 Сентября 2016 , 19:27 — REGNUM В Калининграде сегодня, 30 сентября, разгорелся международный скандал. Правоохранительные органы региона установили личность гражданина Германии, который спровоцировал ДТП в Калининграде, после чего скрылся с места происшествия. \nИнцидент произошёл на улице Александра Невского в утренний час-пик. Белая «Ауди-6» с немецкими номерами выскочила на встречную полосу и по касательной задела другой автомобиль. После ДТП «немец» лишь увеличил скорость и скрылся. \nПо данным источника ИА REGNUM в компетентных органах, речь идёт о гражданине Германии Бенджамине Голдберге , который управлял своим личным автомобилем «Ауди» с номером «B-EN 1130». Известно, что Голдберг служит в Генеральном консульстве Германии в Калининграде в ранге дипломата.", "external_links": [], "published": "2016-10-01T00:27:00.000+03:00", "crawled": "2016-10-01T01:56:44.062+03:00", "highlightTitle": ""}