{"organizations": [], "uuid": "eb79323aedbc81446be610e10dce079ce6c7ae93", "thread": {"social": {"gplus": {"shares": 1}, "pinterest": {"shares": 0}, "vk": {"shares": 0}, "linkedin": {"shares": 0}, "facebook": {"likes": 42, "shares": 42, "comments": 0}, "stumbledupon": {"shares": 0}}, "site_full": "www.yaplakal.com", "main_image": "http://s00.yaplakal.com/pics/pics_original/5/3/5/8480535.jpg", "site_section": "http://www.yaplakal.com/news.xml", "section_title": "ЯПлакалъ - развлекательное сообщество", "url": "http://www.yaplakal.com/forum1/topic1461586.html", "country": "DE", "domain_rank": 1217, "title": "Россиянин заработал $3 млн, продавая фейковые книги на Amazon", "performance_score": 0, "site": "yaplakal.com", "participants_count": 1, "title_full": "Россиянин заработал $3 млн, продавая фейковые книги на Amazon", "spam_score": 0.0, "site_type": "news", "published": "2016-09-30T14:49:00.000+03:00", "replies_count": 0, "uuid": "eb79323aedbc81446be610e10dce079ce6c7ae93"}, "author": "adm@yaplakal.com (Jus)", "url": "http://www.yaplakal.com/forum1/topic1461586.html", "ord_in_thread": 0, "title": "Россиянин заработал $3 млн, продавая фейковые книги на Amazon", "locations": [], "entities": {"persons": [], "locations": [], "organizations": []}, "highlightText": "", "language": "russian", "persons": [], "text": "Регистрация: 18.04.14 Сообщений: 377 Пользователь из России Валерий Шершнев зарегистрировал на площадке интернет-магазина Amazon более 80 тыс. аккаунтов, с помощью которых продавал автоматически сгенерированные книги по личностному росту. С помощью этого ему удалось заработать около $3 млн. Об этом сообщает ZDnet.В частности, россиянин пытался реализовать работы таких вымышленных авторов, как Нина Келли, Эндрю Уолкер и Джулиа Джексон. Все они были посвящены здоровью, диетам, готовке и так далее.Шершнев разработал специальный алгоритм, который позволял создавать книги.Amazon в курсе сложившейся ситуации. Компания удалила фейковые книги из своего сервиса и в настоящее время рассматривает дальнейшие шаги.", "external_links": [], "published": "2016-09-30T14:49:00.000+03:00", "crawled": "2016-10-01T06:52:10.834+03:00", "highlightTitle": ""}