{"organizations": [], "uuid": "7baf4496cb0737a1317ff0dcff43eca371059bea", "thread": {"social": {"gplus": {"shares": 0}, "pinterest": {"shares": 0}, "vk": {"shares": 0}, "linkedin": {"shares": 0}, "facebook": {"likes": 0, "shares": 0, "comments": 0}, "stumbledupon": {"shares": 0}}, "site_full": "www.kp.ru", "main_image": "http://kp.ru/share/i/fill/FFFFFF/cr-458x185.t-10-2526770-osb-18-7-000-375-l-30-m-0.b-FFF-0-0-0-49.b-0083cd-6.t-4-1045972-osr-14-5-565656-480-l-100-b-40.wm-rm-100-bl-24-24.png", "site_section": "http://www.kp.ru/rss/allsections.xml", "section_title": "KP.RU :: Комсомольская правда", "url": "http://www.kp.ru/online/news/2526770/", "country": "RU", "domain_rank": 1696, "title": "Госдепартамент США: Мы помогаем сирийской оппозиции", "performance_score": 0, "site": "kp.ru", "participants_count": 0, "title_full": "Госдепартамент США: Мы помогаем сирийской оппозиции", "spam_score": 0.0, "site_type": "news", "published": "2016-10-01T06:21:00.000+03:00", "replies_count": 0, "uuid": "7baf4496cb0737a1317ff0dcff43eca371059bea"}, "author": "", "url": "http://www.kp.ru/online/news/2526770/", "ord_in_thread": 0, "title": "Госдепартамент США: Мы помогаем сирийской оппозиции", "locations": [], "entities": {"persons": [], "locations": [], "organizations": []}, "highlightText": "", "language": "russian", "persons": [], "text": "Госдепартамент США: Мы помогаем сирийской оппозиции Однако рассказать, поставляют ли Штаты повстанцам оружие, представитель ведомства отказался \nПресс-секретарь американского госдепартамента Марк Тонер на брифинге в пятницу заявил, что США помогают так называемой «умеренной» сирийской оппозиции. А вот отвечать на вопросы, поставляют ли Штаты повстанцам оружие и какие именно группировки поддерживают, отказался. \n«Мы предоставляем им некоторую поддержку и некоторое руководство. Я не могу вдаваться в детали», — приводит его слова РИА Новости . \nМежду тем, замглавы МИД России Михаил Богданов, комментируя сообщения о возможных поставках оружия сирийской оппозиции со стороны США, отметил, что это было бы «абсолютно контрпродуктивным подходом». \n«Потому что в конечном итоге эти люди, которых подготовили и вооружили американцы, они сделают то же самое, что сделали 11 сентября в Нью- Йорке », — сказал он в интервью RT . \nЕще больше материалов по теме: «Гражданская война в Сирии»  ", "external_links": [], "published": "2016-10-01T06:21:00.000+03:00", "crawled": "2016-10-01T02:02:10.817+03:00", "highlightTitle": ""}