{"organizations": [], "uuid": "afee7ac42f20b675845d86d9bf5465965b1c3f9c", "thread": {"social": {"gplus": {"shares": 0}, "pinterest": {"shares": 0}, "vk": {"shares": 0}, "linkedin": {"shares": 0}, "facebook": {"likes": 0, "shares": 0, "comments": 0}, "stumbledupon": {"shares": 0}}, "site_full": "www.segodnya.ua", "main_image": "http://kiev.segodnya.ua/img/article/7568/99_main.jpg", "site_section": "http://www.segodnya.ua/xml/rss/specials.html", "section_title": "СЕГОДНЯ | Самые актуальные новости, мнения, комментарии", "url": "http://www.segodnya.ua/kaccidents/podrobnosti-zhutkoy-avarii-pod-kievom-pogibshim-parnyam-bylo-po-24-goda-756899.html", "country": "UA", "domain_rank": 5884, "title": "Подробности жуткой аварии под Киевом: погибшим парням было по 24 года", "performance_score": 0, "site": "segodnya.ua", "participants_count": 0, "title_full": "Подробности жуткой аварии под Киевом: погибшим парням было по 24 года", "spam_score": 0.0, "site_type": "news", "published": "2016-10-03T15:51:00.000+03:00", "replies_count": 0, "uuid": "afee7ac42f20b675845d86d9bf5465965b1c3f9c"}, "author": "", "url": "http://www.segodnya.ua/kaccidents/podrobnosti-zhutkoy-avarii-pod-kievom-pogibshim-parnyam-bylo-po-24-goda-756899.html", "ord_in_thread": 0, "title": "Подробности жуткой аварии под Киевом: погибшим парням было по 24 года", "locations": [], "entities": {"persons": [], "locations": [], "organizations": []}, "highlightText": "", "language": "russian", "persons": [], "text": "Фото: А. Ракитин Фото: А. Ракитин Жуткая авария, в которой погибло четверо молодых парней , произошла в воскресенье ночью на Брест-Литовском шоссе на выезде из Киева. \"Деу Ланос\" двигался по трассе в сторону Житомира. В какой-то момент водитель не справился с управлением, авто вылетело с дороги и боком врезалось в электроопору. Удар был настолько сильным, что машину разорвало на несколько частей. Некоторые из них отбросило в глубокий кювет. Водитель и трое пассажиров в момент ДТП вылетели из автомобиля, все погибли на месте. \"Тела направлены в морг для проведения судмедэкспертизы. Личности погибших установлены: все они 1992 года рождения, двое парней были киевлянами\", — рассказали в ГУ НП Киева. Полиция открыла уголовное производство, опрашивают очевидцев. Не исключено, что причиной аварии могла стать очень большая скорость, с которой ехал \"Деу\". Стрелка спидометра авто после ДТП застыла на отметке свыше 200 км/ч. Все обстоятельства предстоит выяснить следствию. Еще одно смертельное ДТП произошло днем ранее на пр. Победы: \"Шевроле\" сбил пешехода, перебегавшего проезжую часть. Мужчину отбросило на 30 метров, он погиб на месте. Читайте также:", "external_links": [], "published": "2016-10-03T15:51:00.000+03:00", "crawled": "2016-10-03T10:56:30.364+03:00", "highlightTitle": ""}