{"organizations": [], "uuid": "6b164c76f84ba62593928c82c82f06ec6925cb28", "thread": {"social": {"gplus": {"shares": 0}, "pinterest": {"shares": 0}, "vk": {"shares": 0}, "linkedin": {"shares": 0}, "facebook": {"likes": 0, "shares": 0, "comments": 0}, "stumbledupon": {"shares": 0}}, "site_full": "www.aif.ru", "main_image": "http://images.aif.ru/010/130/032bff1f959ef31ce18c2a459199f4e6.jpg", "site_section": "http://www.aif.ru/rss/all.php", "section_title": "Аргументы и Факты", "url": "http://www.aif.ru/incidents/na_severo-zapade_moskvy_naydeno_telo_devushki_s_nozhevymi_raneniyami", "country": "RU", "domain_rank": 3127, "title": "На северо-западе Москвы найдено тело девушки с ножевыми ранениями", "performance_score": 0, "site": "aif.ru", "participants_count": 0, "title_full": "На северо-западе Москвы найдено тело девушки с ножевыми ранениями", "spam_score": 0.0, "site_type": "news", "published": "2016-10-02T19:02:00.000+03:00", "replies_count": 0, "uuid": "6b164c76f84ba62593928c82c82f06ec6925cb28"}, "author": "", "url": "http://www.aif.ru/incidents/na_severo-zapade_moskvy_naydeno_telo_devushki_s_nozhevymi_raneniyami", "ord_in_thread": 0, "title": "На северо-западе Москвы найдено тело девушки с ножевыми ранениями", "locations": [], "entities": {"persons": [], "locations": [], "organizations": []}, "highlightText": "", "language": "russian", "persons": [], "text": "На северо-западе Москвы найдено тело девушки с ножевыми ранениями По факту убийства возбуждено уголовное дело Пресс-служба МВД России Москва,   \nТело 16-летней девушки с ножевым ранением в шею было обнаружено в воскресенье в парке около улицы Маршала Катукова в Москве, передает Интерфакс. \nСтарший помощник руководителя столичного главка СКР Юлия Иванова сообщила, что по факту убийства девушки возбуждено уголовное дело. \n«В настоящее время на месте происшествия работают следователи, криминалисты ГСУ СКР по Москве. Проводится комплекс первоначальных следственных действий, направленных на установление всех обстоятельств произошедшего. Расследование по уголовному делу продолжается», — уточнила Иванова. \nСогласно предварительной версии, погибшая стала жертвой грабителя.", "external_links": [], "published": "2016-10-02T19:02:00.000+03:00", "crawled": "2016-10-02T14:48:33.921+03:00", "highlightTitle": ""}