{"organizations": [], "uuid": "ebe1e95469b260bcdfe2fbaf7f095d41d3760816", "thread": {"social": {"gplus": {"shares": 0}, "pinterest": {"shares": 0}, "vk": {"shares": 0}, "linkedin": {"shares": 0}, "facebook": {"likes": 0, "shares": 0, "comments": 0}, "stumbledupon": {"shares": 0}}, "site_full": "telegraf.com.ua", "main_image": "http://telegraf.com.ua/files/2016/10/U5KJrgSmRs-567x309.jpg", "site_section": "http://telegraf.com.ua/sport-cat/feed/", "section_title": "ТЕЛЕГРАФ - последние новости Украины и мира", "url": "http://telegraf.com.ua/sport-cat/video-sport/video-basketball/2868695-molodoy-forvard-nba-spel-pesnyu-riannyi-video.html", "country": "UA", "domain_rank": 1750, "title": "Молодой форвард НБА спел песню Рианны (Видео)", "performance_score": 0, "site": "telegraf.com.ua", "participants_count": 0, "title_full": "Молодой форвард НБА спел песню Рианны (Видео)", "spam_score": 0.0, "site_type": "news", "published": "2016-10-02T00:46:00.000+03:00", "replies_count": 0, "uuid": "ebe1e95469b260bcdfe2fbaf7f095d41d3760816"}, "author": "", "url": "http://telegraf.com.ua/sport-cat/video-sport/video-basketball/2868695-molodoy-forvard-nba-spel-pesnyu-riannyi-video.html", "ord_in_thread": 0, "title": "Молодой форвард НБА спел песню Рианны (Видео)", "locations": [], "entities": {"persons": [], "locations": [], "organizations": []}, "highlightText": "", "language": "russian", "persons": [], "text": "Технологии Молодой форвард НБА спел песню Рианны (Видео) Форвард «Лос-Анджелес Лейкерс» Брэндон Ингрэм спел песню Рианны Diamonds во время традиционного шоу талантов, в котором принимают участия новички калифорнийской команды. Стоит отметить, что 19-летний баскетболист был одет в костюм собаки.", "external_links": [], "published": "2016-10-02T00:46:00.000+03:00", "crawled": "2016-10-01T19:53:10.258+03:00", "highlightTitle": ""}