{"organizations": [], "uuid": "7ef49db6711db22b6fa6a7ec6a3ea20d6aa122b8", "thread": {"social": {"gplus": {"shares": 0}, "pinterest": {"shares": 0}, "vk": {"shares": 0}, "linkedin": {"shares": 0}, "facebook": {"likes": 0, "shares": 0, "comments": 0}, "stumbledupon": {"shares": 0}}, "site_full": "news.mail.ru", "main_image": "https://news.mail.ru/social_preview/27310948/?time=6b928e45ef2fc3d14b135d3c626a8529", "site_section": "http://news.mail.ru//rss/incident/", "section_title": "Новости Mail.Ru: События", "url": "https://news.mail.ru/incident/27310948/", "country": "RU", "domain_rank": 27, "title": "Тройная авария с участием Lexus произошла в Уфе", "performance_score": 0, "site": "mail.ru", "participants_count": 0, "title_full": "Тройная авария с участием Lexus произошла в Уфе", "spam_score": 0.0, "site_type": "news", "published": "2016-10-02T20:15:00.000+03:00", "replies_count": 0, "uuid": "7ef49db6711db22b6fa6a7ec6a3ea20d6aa122b8"}, "author": "", "url": "https://news.mail.ru/incident/27310948/", "ord_in_thread": 0, "title": "Тройная авария с участием Lexus произошла в Уфе", "locations": [], "entities": {"persons": [], "locations": [], "organizations": []}, "highlightText": "", "language": "russian", "persons": [], "text": "  \nТеперь вы можете обсуждать последние новости и высказывать свое отношение к происходящему. 15:15 (мск) , источник: PROUFU.ru Тройная авария с участием Lexus произошла в Уфе \nАвария произошла примерно в 15.40 на дороге в Демский район. Во время движения из центра в Дему, не доезжая поворота на кафе «Лель», столкнулись три легковых автомобиля.", "external_links": [], "published": "2016-10-02T20:15:00.000+03:00", "crawled": "2016-10-02T15:28:48.173+03:00", "highlightTitle": ""}