{"organizations": [], "uuid": "01ba118d738ff4b61b2df60ceb2a4c30bc8fa119", "thread": {"social": {"gplus": {"shares": 0}, "pinterest": {"shares": 0}, "vk": {"shares": 0}, "linkedin": {"shares": 0}, "facebook": {"likes": 0, "shares": 0, "comments": 0}, "stumbledupon": {"shares": 0}}, "site_full": "news.bigmir.net", "main_image": "http://bm.img.com.ua/berlin/storage/news/orig/b/77/1dfc82c6101f54a123055547847d577b.jpg", "site_section": "http://news.bigmir.net/?_ctr=rss", "section_title": "Новости - Главная", "url": "http://news.bigmir.net/ukraine/1029404-Verhovnyj-Sud-ozvuchit-svoju-poziciju-po-sudebnoj-reforme", "country": "UA", "domain_rank": 3864, "title": "Верховный Суд озвучит свою позицию по судебной реформе", "performance_score": 0, "site": "bigmir.net", "participants_count": 0, "title_full": "Верховный Суд озвучит свою позицию по судебной реформе", "spam_score": 0.0, "site_type": "news", "published": "2016-10-03T18:15:00.000+03:00", "replies_count": 0, "uuid": "01ba118d738ff4b61b2df60ceb2a4c30bc8fa119"}, "author": "", "url": "http://news.bigmir.net/ukraine/1029404-Verhovnyj-Sud-ozvuchit-svoju-poziciju-po-sudebnoj-reforme", "ord_in_thread": 0, "title": "Верховный Суд озвучит свою позицию по судебной реформе", "locations": [], "entities": {"persons": [], "locations": [], "organizations": []}, "highlightText": "", "language": "russian", "persons": [], "text": "Верховный Суд озвучит свою позицию по судебной реформе 12 мин назад Комментариев: 0 В пресс-службе Верховного Суда назвали некорректной формулировку о том, что они якобы просят КС признать неконституционным ликвидацию судов. \nВерховный Суд просит Конституционный Суд проверить на соответствие Основному Закону отдельные статьи закона о судоустройстве и статусе судей. Об этом ЛІГА.net сообщили в пресс-службе Верховного Суда \n\"Здесь не идет о том, что Верховный Суд просит Конституционный Суд признать неконституционным ликвидацию высших специализированных судов и конкурсный отбор суде. Это некорректная формулировка. Суть в том, что пленум Верховного Суда поддержал представление в Конституционный Суд\", - заявили в ВС. \nПо данным пресс-службы, речь идет о том, что Верховный Суд просит Конституционный Суд проверить на соответствие Конституции отдельные статьи закона о судоустройстве и статусе судей. \nПодробная информация о сложившейся ситуации будет озвучена сегодня на брифинге ВС в 15:00. \nВ СМИ появилась информация о том, что ВС якобы оспаривает в КС судебную реформу. 30 сентября 2016 года стартовала судебная реформа в Украине, поскольку вступает в силу Закон Украины О внесении изменений в Конституцию Украины (в части правосудия) № 1401-VIII и Закон Украины О судоустройстве и статусе судей № 1402-VIII. \n2 июня Верховная Рада 335 голосами приняла изменения в Конституцию в части правосудия. Изменения в Основной Закон деполитизируют и обеспечивают независимость судов и перезагрузку судейского корпуса. \nВ Администрации президента ЛІГА.net заметили, что другого пути для преодоления коррупции в судах, кроме как радикальное повышение оплаты труда судей - нет. Liga.net Украина", "external_links": [], "published": "2016-10-03T18:15:00.000+03:00", "crawled": "2016-10-03T13:32:33.976+03:00", "highlightTitle": ""}