{"organizations": [], "uuid": "331c66edbaf57c41cc3f9b1cfb1b803bbd0c2739", "thread": {"social": {"gplus": {"shares": 0}, "pinterest": {"shares": 0}, "vk": {"shares": 0}, "linkedin": {"shares": 0}, "facebook": {"likes": 0, "shares": 0, "comments": 0}, "stumbledupon": {"shares": 0}}, "site_full": "ria.ru", "main_image": "https://cdn5.img.ria.ru/images/147819/39/1478193965.jpg", "site_section": "https://ria.ru/", "section_title": "РИА Новости", "url": "http://ria.ru/world/20160930/1478187882.html", "country": "RU", "domain_rank": 868, "title": "У берегов Японии тонет танкер с едкой щелочью", "performance_score": 0, "site": "ria.ru", "participants_count": 17, "title_full": "У берегов Японии тонет танкер с едкой щелочью | РИА Новости", "spam_score": 0.156, "site_type": "news", "published": "2016-09-30T02:42:00.000+03:00", "replies_count": 22, "uuid": "331c66edbaf57c41cc3f9b1cfb1b803bbd0c2739"}, "author": "ria.ru", "url": "http://ria.ru/world/20160930/1478187882.html", "ord_in_thread": 0, "title": "У берегов Японии тонет танкер с едкой щелочью", "locations": [], "entities": {"persons": [], "locations": [], "organizations": []}, "highlightText": "", "language": "russian", "persons": [], "text": "ТОКИО, 30 сен — РИА Новости, Ксения Нака. В порту Токуямакудамацу японской префектуры Ямагути тонет танкер, перевозивший гидроксид натрия, сообщила телекомпания NHK со ссылкой на службу безопасности на море.\n© REUTERS/ Alkis Konstantinidis СМИ: в греческом порту Пирей тонет пассажирское судно На борту танкера \"Ёвамару\", длина которого составляет 50 метров, находятся 400 тонн гидроксида натрия. Судно сильно накренено, есть опасность его затопления. Четыре человека экипажа спаслись и находятся в безопасности.\nГидроксид натрия при попадании в воду дает сильную химическую реакцию, выделяя большое количество тепла. При попадании на кожу может вызвать ожоги, в глаза — слепоту. Использование этого химиката в концентрации выше пяти процентов в Японии регламентировано по закону.\nСлужба безопасности на море направила в район бедствия патрульный корабль.\nПредставитель Тихоокеанского института биоорганической химии им. Г.Б. Елякова рассказал РИА Новости, что гидроксид натрия, который находится на борту танкера, представляет опасность лишь для местной акватории.\n\"Это не радиация, не топливо, поэтому сильно не навредит\", — пояснил специалист.", "external_links": ["http://www.nhk.or.jp/"], "published": "2016-09-30T02:42:00.000+03:00", "crawled": "2016-10-01T06:36:19.127+03:00", "highlightTitle": ""}