{"organizations": [], "uuid": "9bcae85db078ebaab80651aa7e6fa8d370036c6f", "thread": {"social": {"gplus": {"shares": 0}, "pinterest": {"shares": 0}, "vk": {"shares": 0}, "linkedin": {"shares": 0}, "facebook": {"likes": 10, "shares": 10, "comments": 0}, "stumbledupon": {"shares": 0}}, "site_full": "news.mail.ru", "main_image": "https://news.mail.ru/social_preview/27302968/?time=11be1dd12725310dc8df43559fb5a897", "site_section": "http://news.mail.ru//rss/", "section_title": "Новости Mail.Ru", "url": "https://news.mail.ru/incident/27302968/", "country": "RU", "domain_rank": 27, "title": "В Киеве охранники СТО избили популярного блогера", "performance_score": 0, "site": "mail.ru", "participants_count": 0, "title_full": "В Киеве охранники СТО избили популярного блогера", "spam_score": 0.0, "site_type": "news", "published": "2016-10-01T14:06:00.000+03:00", "replies_count": 0, "uuid": "9bcae85db078ebaab80651aa7e6fa8d370036c6f"}, "author": "", "url": "https://news.mail.ru/incident/27302968/", "ord_in_thread": 0, "title": "В Киеве охранники СТО избили популярного блогера", "locations": [], "entities": {"persons": [], "locations": [], "organizations": []}, "highlightText": "", "language": "russian", "persons": [], "text": "<!-- rb: 6032?_SITEZONE=4 --><!-- /rb: 6032?_SITEZONE=4 --> <!-- rb: 6030?_SITEZONE=4 --><!-- /rb: 6030?_SITEZONE=4 --> <!-- rb: 6029?_SITEZONE=4 --><!-- /rb: 6029?_SITEZONE=4   \nТеперь вы можете обсуждать последние новости и высказывать свое отношение к происходящему. 09:06 (мск) , источник: Обозреватель В Киеве охранники СТО избили популярного блогера \nНардеп рассказал подробности происшествия.", "external_links": [], "published": "2016-10-01T14:06:00.000+03:00", "crawled": "2016-10-01T09:15:47.765+03:00", "highlightTitle": ""}