{"organizations": [], "uuid": "d7acfc38af45dafdfb24ecdb0ef47191fb4e2836", "thread": {"social": {"gplus": {"shares": 0}, "pinterest": {"shares": 0}, "vk": {"shares": 0}, "linkedin": {"shares": 0}, "facebook": {"likes": 0, "shares": 0, "comments": 0}, "stumbledupon": {"shares": 0}}, "site_full": "limon.postimees.ee", "main_image": "http://f4.pmo.ee/f/2016/08/22/5747355t100h5301.jpg", "site_section": "http://rus.postimees.ee/rss", "section_title": "Новости Эстонии - Postimees", "url": "http://limon.postimees.ee/3857197/vera-brezhneva-o-beremennosti-pora-priznatsja", "country": "EE", "domain_rank": 3976, "title": "Вера Брежнева о беременности: пора признаться", "performance_score": 0, "site": "postimees.ee", "participants_count": 1, "title_full": "Вера Брежнева о беременности: пора признаться", "spam_score": 0.0, "site_type": "news", "published": "2016-10-01T14:51:00.000+03:00", "replies_count": 0, "uuid": "d7acfc38af45dafdfb24ecdb0ef47191fb4e2836"}, "author": "Limon.ee", "url": "http://limon.postimees.ee/3857197/vera-brezhneva-o-beremennosti-pora-priznatsja", "ord_in_thread": 0, "title": "Вера Брежнева о беременности: пора признаться", "locations": [], "entities": {"persons": [], "locations": [], "organizations": []}, "highlightText": "", "language": "russian", "persons": [], "text": "Вера Брежнева о беременности: пора признаться 1. Октябрь 2016 09:51 / : \nВ последнее время все чаще появляются слухи о беременности певицы Веры Брежневой. До недавнего времени певица никак не реагировала на все эти разговоры, передает 7d.org.ua . \nОднако недавно Вера решила дать небольшое интервью, в котором затронула и тему своей беременности: «Да, это правда, обо мне постоянно пишут, что я жду ребенка. Да за это время уже слоненок родился бы! И самое интересное, я вижу эти взгляды каждый раз, когда выхожу в свет. Если вдруг выбрала свободное платье, пишут – беременная! Надела платье по талии, значит, ждала до этого ребенка и уже не ждет. Все так много говорят о моей беременности, что пора признаться: я действительно вынашивала... песню».", "external_links": [], "published": "2016-10-01T14:51:00.000+03:00", "crawled": "2016-10-01T15:15:26.658+03:00", "highlightTitle": ""}