{"organizations": [], "uuid": "05a8aac4a3c5f24ce6a843eb9d439b54fbcb0e41", "thread": {"social": {"gplus": {"shares": 0}, "pinterest": {"shares": 0}, "vk": {"shares": 0}, "linkedin": {"shares": 0}, "facebook": {"likes": 0, "shares": 0, "comments": 0}, "stumbledupon": {"shares": 0}}, "site_full": "rus.delfi.ee", "main_image": "http://g4.nh.ee/images/pix/putin-75789453.jpg", "site_section": "http://feeds2.feedburner.com/rusdelfinews", "section_title": "DELFI Новости", "url": "http://rus.delfi.ee/daily/abroad/zamerzayuschie-zhiteli-doma-v-irkutske-napisali-na-kryshe-sos-putin-pomogi?id=75789443", "country": "EE", "domain_rank": 5049, "title": "Замерзающие жители дома в Иркутске написали на крыше ”SOS, Путин, помоги”", "performance_score": 0, "site": "delfi.ee", "participants_count": 0, "title_full": "Замерзающие жители дома в Иркутске написали на крыше ”SOS, Путин, помоги”", "spam_score": 0.0, "site_type": "news", "published": "2016-10-03T14:15:00.000+03:00", "replies_count": 0, "uuid": "05a8aac4a3c5f24ce6a843eb9d439b54fbcb0e41"}, "author": "", "url": "http://rus.delfi.ee/daily/abroad/zamerzayuschie-zhiteli-doma-v-irkutske-napisali-na-kryshe-sos-putin-pomogi?id=75789443", "ord_in_thread": 0, "title": "Замерзающие жители дома в Иркутске написали на крыше ”SOS, Путин, помоги”", "locations": [], "entities": {"persons": [], "locations": [], "organizations": []}, "highlightText": "", "language": "russian", "persons": [], "text": "Замерзающие жители дома в Иркутске написали на крыше ”SOS, Путин, помоги” 03 октября 2016 09:15 Gazeta.ru RUSSIA-FINLAND/ Foto: Pool, REUTERS Жители общежития на территории бывшего Иркутского высшего военного авиационного инженерного училища написали на крыше дома ”SOS, Путин , помоги”. Об этом сообщает gazeta.ru со ссылкой на FlashSiberia. \nОтмечается, что жители решили обратиться за помощью после того, как компания ”Оборонэнерго” отключила здание от электричества. Тем не менее компания заявляет, что не имеет договорных отношений с жильцами. Дом признан аварийным, однако в нем проживает несколько семей. \nПо данным агентства, к решению вопроса с отоплением дома подключились местные власти. Они займутся расселением жильцов в маневренный фонд. \nРанее сообщалось, что в Белгородской области водители выложили из автобусов надпись ”Путин, помоги!”.", "external_links": [], "published": "2016-10-03T14:15:00.000+03:00", "crawled": "2016-10-03T09:34:23.340+03:00", "highlightTitle": ""}