{"organizations": [], "uuid": "7501f0d6a0a243d15461b8dcd111f83e52683d5d", "thread": {"social": {"gplus": {"shares": 0}, "pinterest": {"shares": 0}, "vk": {"shares": 0}, "linkedin": {"shares": 0}, "facebook": {"likes": 0, "shares": 0, "comments": 0}, "stumbledupon": {"shares": 0}}, "site_full": "www.kp.ru", "main_image": "http://kp.ru/share/i/fill/FFFFFF/cr-458x185.t-10-2527108-osb-18-7-000-375-l-30-m-0.b-FFF-0-0-0-49.b-0083cd-6.t-4-1045972-osr-14-5-565656-480-l-100-b-40.wm-rm-100-bl-24-24.png", "site_section": "http://www.kp.ru/rss/allsections.xml", "section_title": "KP.RU :: Комсомольская правда", "url": "http://www.kp.ru/online/news/2527108/", "country": "RU", "domain_rank": 1696, "title": "В Тульской области построят комплекс по производству шампиньонов", "performance_score": 0, "site": "kp.ru", "participants_count": 0, "title_full": "В Тульской области построят комплекс по производству шампиньонов", "spam_score": 0.0, "site_type": "news", "published": "2016-10-01T20:42:00.000+03:00", "replies_count": 0, "uuid": "7501f0d6a0a243d15461b8dcd111f83e52683d5d"}, "author": "", "url": "http://www.kp.ru/online/news/2527108/", "ord_in_thread": 0, "title": "В Тульской области построят комплекс по производству шампиньонов", "locations": [], "entities": {"persons": [], "locations": [], "organizations": []}, "highlightText": "", "language": "russian", "persons": [], "text": "В Тульской области построят комплекс по производству шампиньонов И производству труб \n30 сентября на полях Международного инвестиционного форума « Сочи -2016» губернатор Тульской области Алексей Дюмин подписал несколько инвестиционных соглашений с деловыми партнерами. Первый документ - соглашение с компанией « Энгельсспецтрубмаш ». Речь идет о сотрудничестве при реализации на территории особой экономической зоны промышленно-производственного типа «Узловая» проекта создания производства гибких насосно-компрессорных труб. \nЕще один документ - соглашение о сотрудничестве с компанией «АгроГриб» по созданию комплекса для выращивания шампиньонов. Этот проект позволит создать в области более 900 рабочих мест. \nВ Тульской области также построят завод по производству жестяного аэрозольного баллона с перспективой создания производства косметических изделий и товаров бытовой химии. Соглашение с компанией «Арнест» позволит создать в области еще 400 новых рабочих мест.  ", "external_links": [], "published": "2016-10-01T20:42:00.000+03:00", "crawled": "2016-10-01T15:51:08.460+03:00", "highlightTitle": ""}