{"organizations": [], "uuid": "0c0bfa76c7d0f3050487a0eefbc0c04e2a1ce93d", "thread": {"social": {"gplus": {"shares": 1}, "pinterest": {"shares": 0}, "vk": {"shares": 0}, "linkedin": {"shares": 1}, "facebook": {"likes": 5, "shares": 5, "comments": 0}, "stumbledupon": {"shares": 0}}, "site_full": "rg.ru", "main_image": "https://cdnimg.rg.ru/img/content/131/44/55/1_52d002b5_850_t_650x433.jpg", "site_section": "http://www.rg.ru/xml/index.xml", "section_title": "Российская Газета", "url": "https://rg.ru/2016/10/03/nazvany-samye-populiarnye-evropejskie-avtomobili-v-rossii.html", "country": "RU", "domain_rank": 3002, "title": "Названы самые популярные европейские автомобили в России", "performance_score": 0, "site": "rg.ru", "participants_count": 0, "title_full": "Названы самые популярные европейские автомобили в России", "spam_score": 0.0, "site_type": "news", "published": "2016-10-03T17:31:00.000+03:00", "replies_count": 0, "uuid": "0c0bfa76c7d0f3050487a0eefbc0c04e2a1ce93d"}, "author": "", "url": "https://rg.ru/2016/10/03/nazvany-samye-populiarnye-evropejskie-avtomobili-v-rossii.html", "ord_in_thread": 0, "title": "Названы самые популярные европейские автомобили в России", "locations": [], "entities": {"persons": [], "locations": [], "organizations": []}, "highlightText": "", "language": "russian", "persons": [], "text": "Текст: Андрей Полухин \nКроссовер Renault Duster оказался самым популярным европейским автомобилем в России по итогам восьми месяцев 2016 года. Об этом свидетельствует статистика регистраций новых машин в органах ГИБДД, представленная агентством \" Автостат Инфо \". С января по август включительно на учет поставили 28 326 Duster - на 25,8 процента больше, чем годом ранее. читайте также Стало известно, когда в России появятся новые Kia Rio и Kia Soul \nС небольшим отставанием на втором месте идет седан Volkswagen Polo - 26 544 регистраций (плюс 14,3%). На третьем оказался еще один представитель Renault - седан Logan с показателем 20 294 (минус 14,3%). Отметим, что все лидеры - по сути, представляют отечественный автопром. Французские машины собирают в Москве, немецкую модель - в Калуге. \nВ топ-10 также вошли Skoda Rapid (15 631), Skoda Octavia (12 829), Volkswagen Tiguan (5 125), Volkswagen Jetta (5 125), Skoda Yeti (3 751), BMW X5 (3 089), Mercedes GLK-Klasse (3 041) и Audi Q7 (3 028). \nВ споре европейских брендов предсказуемо лидируют Renault (68 415 зарегистрированных автомобилей, плюс 4,8% относительно аналогичного периода 2015 года), Volkswagen (41 501, минус 1,7%) и Skoda (33 019, плюс 15,8%). Далее идут Mercedes (21 152, минус 6,0%) и BMW (16 721, плюс 5,6%). \nКстати, ранее \"РГ\" опубликовала аналогичные рейтинги популярности китайских и японских автомобилей в России. В обоих случаях лидерами также стали кроссоверы . Читайте в рубрике Экономика", "external_links": [], "published": "2016-10-03T17:31:00.000+03:00", "crawled": "2016-10-03T12:47:59.769+03:00", "highlightTitle": ""}