{"organizations": [], "uuid": "7bb43f527cda701bf733ce1ffab13c479c424e85", "thread": {"social": {"gplus": {"shares": 0}, "pinterest": {"shares": 0}, "vk": {"shares": 0}, "linkedin": {"shares": 0}, "facebook": {"likes": 10, "shares": 10, "comments": 0}, "stumbledupon": {"shares": 0}}, "site_full": "echo.msk.ru", "main_image": "http://echo.msk.ru/i/big_logo.png", "site_section": "http://echo.msk.ru/news/", "section_title": "Эхо Москвы :: Новости ", "url": "http://echo.msk.ru/news/1848228-echo.html", "country": "BZ", "domain_rank": 1609, "title": "Олимпийские чемпионы Дарья Домрачева и Уле-Эйнар Бьерндален стали родителями", "performance_score": 0, "site": "echo.msk.ru", "participants_count": 6, "title_full": "Эхо Москвы :: Новости / Олимпийские чемпионы Дарья Домрачева и Уле-Эйнар Бьерндален стали родителями", "spam_score": 0.007, "site_type": "news", "published": "2016-10-01T23:31:00.000+03:00", "replies_count": 6, "uuid": "7bb43f527cda701bf733ce1ffab13c479c424e85"}, "author": "echo.msk.ru", "url": "http://echo.msk.ru/news/1848228-echo.html", "ord_in_thread": 0, "title": "Олимпийские чемпионы Дарья Домрачева и Уле-Эйнар Бьерндален стали родителями", "locations": [], "entities": {"persons": [], "locations": [], "organizations": []}, "highlightText": "", "language": "russian", "persons": [], "text": "Как сообщает ТАСС со ссылкой на белорусскую прессу, у пары родилась дочь. Отмечается, что девочка и мама чувствуют себя хорошо. Белорусская биатлонистка познакомилась с норвежским чемпионом по биатлону на Олимпиаде в Ванкувере шесть лет назад. Долгое время пара скрывала свои отношения от публики. Весной этого года Домрачева и Бьерндален поженились.", "external_links": ["http://www.itar-tass.com/"], "published": "2016-10-01T23:31:00.000+03:00", "crawled": "2016-10-01T19:17:30.518+03:00", "highlightTitle": ""}