{"organizations": [], "uuid": "3defce58665d37fac23c602ad52395343d57eb6b", "thread": {"social": {"gplus": {"shares": 0}, "pinterest": {"shares": 0}, "vk": {"shares": 0}, "linkedin": {"shares": 0}, "facebook": {"likes": 0, "shares": 0, "comments": 0}, "stumbledupon": {"shares": 0}}, "site_full": "vologda.mk.ru", "main_image": "http://vologda.mk.ru/media/img/mk.ru/mkru_og.jpg", "site_section": "http://www.mk.ru/rss/news/index.xml", "section_title": "Новостная лента - Московский Комсомолец", "url": "http://vologda.mk.ru/articles/2016/10/03/sudebnyy-pristav-prishyol-na-pomoshh-zhenshhine-v-zale-suda.html", "country": "RU", "domain_rank": 3246, "title": "Судебный пристав пришёл на помощь женщине в зале суда", "performance_score": 0, "site": "mk.ru", "participants_count": 0, "title_full": "Судебный пристав пришёл на помощь женщине в зале суда", "spam_score": 0.0, "site_type": "news", "published": "2016-10-03T19:36:00.000+03:00", "replies_count": 0, "uuid": "3defce58665d37fac23c602ad52395343d57eb6b"}, "author": "", "url": "http://vologda.mk.ru/articles/2016/10/03/sudebnyy-pristav-prishyol-na-pomoshh-zhenshhine-v-zale-suda.html", "ord_in_thread": 0, "title": "Судебный пристав пришёл на помощь женщине в зале суда", "locations": [], "entities": {"persons": [], "locations": [], "organizations": []}, "highlightText": "", "language": "russian", "persons": [], "text": "Судебный пристав пришёл на помощь женщине в зале суда Сегодня в 14:36, просмотров: 77 \nВо время рассмотрения дела по ст. 12. 26 КоАП РФ «Невыполнение водителем транспортного средства требования о прохождении медицинского освидетельствования на состояние опьянения», свидетельница разволновалась и стала терять сознание. \nСудебный пристав по обеспечению установленного порядка деятельности судов отдела судебных приставов по Тарногскому и Нюксенскому районам Василий Чичерин вынес женщину из здания суда и оказал первую медицинскую помощь. После того, как свидетельнице стало лучше, заседание продолжилось, сообщает УФССП по Вологодской области. Сетевое издание «МК в Вологде» vologda.mk.ru Зарегистрировано Федеральной службой по надзору в сфере связи, информационных технологий и массовых коммуникаций (Роскомнадзор). Свидетельство о регистрации СМИ ЭЛ № ФС 77 - 57445 Учредитель СМИ – ЗАО «Редакция газеты «Московский Комсомолец» Редакция СМИ – ООО «Информационная группа «Наш регион» Адрес редакции: 160012, г. Вологда, Советский проспект, д. 80-Б, помещение 1 Телефон: +7(8172) 75 51 75 \nВсе права на материалы, опубликованные на сайте vologda.mk.ru, принадлежат редакции и охраняются в соответствии с законодательством РФ. \nИспользование материалов, опубликованных на сайте vologda.mk.ru допускается только с письменного разрешения правообладателя и с обязательной прямой гиперссылкой на страницу, с которой материал заимствован. Гиперссылка должна размещаться непосредственно в тексте, воспроизводящем оригинальный материал mk.ru, до или после цитируемого блока.", "external_links": [], "published": "2016-10-03T19:36:00.000+03:00", "crawled": "2016-10-03T14:53:18.659+03:00", "highlightTitle": ""}