{"organizations": [], "uuid": "f59356a4d3609e1b171c251816756028d3c99cfe", "thread": {"social": {"gplus": {"shares": 3}, "pinterest": {"shares": 0}, "vk": {"shares": 0}, "linkedin": {"shares": 0}, "facebook": {"likes": 5, "shares": 5, "comments": 0}, "stumbledupon": {"shares": 0}}, "site_full": "rusvesna.su", "main_image": "http://rusvesna.su/sites/default/files/styles/487_256/public/petrovskoe.jpg?itok=84QZEXYM", "site_section": "http://rusvesna.su/rss.xml", "section_title": "Русская весна", "url": "http://rusvesna.su/news/1475324479", "country": "US", "domain_rank": 4346, "title": "ВАЖНО: Украинская сторона сорвала разведение сил (ФОТО)", "performance_score": 0, "site": "rusvesna.su", "participants_count": 0, "title_full": "ВАЖНО: Украинская сторона сорвала разведение сил (ФОТО)", "spam_score": 0.0, "site_type": "news", "published": "2016-10-01T20:21:00.000+03:00", "replies_count": 0, "uuid": "f59356a4d3609e1b171c251816756028d3c99cfe"}, "author": "", "url": "http://rusvesna.su/news/1475324479", "ord_in_thread": 0, "title": "ВАЖНО: Украинская сторона сорвала разведение сил (ФОТО)", "locations": [], "entities": {"persons": [], "locations": [], "organizations": []}, "highlightText": "", "language": "russian", "persons": [], "text": "ВАЖНО: Украинская сторона сорвала разведение сил (ФОТО) 01.10.2016 - 15:21 \nУкраинская сторона сорвала запланированный на сегодня отвод сил в Петровском. \n«Генерал Кременецкий (глава украинской стороны в СЦКК) сообщил о готовности своих подразделений к отводу, однако сигнала, что ВСУ начали выдвигаться в тыловые районы, не последовало», — сообщил в беседе с командованием ДНР руководитель российской стороны в СЦКК генерал Сергей Медведский, передает корр. ДАН с места события. \nПо его словам, отвод перенесен на более поздний срок. Время второй попытки разведения сил Украины и ДНР будет известно ориентировочно через 8 часов. \nКак пояснили в командовании, на всю процедуру отвода дается три дня. Присоединяйтесь к «Русской Весне» в Одноклассниках , Facebook , ВКонтакте , Twitter , чтобы быть в курсе последних новостей. Читайте также", "external_links": [], "published": "2016-10-01T20:21:00.000+03:00", "crawled": "2016-10-01T18:26:10.788+03:00", "highlightTitle": ""}