{"organizations": [], "uuid": "a40c0a142ae44b8336ec7fd10e9c9c055e6b4d7b", "thread": {"social": {"gplus": {"shares": 1}, "pinterest": {"shares": 0}, "vk": {"shares": 0}, "linkedin": {"shares": 0}, "facebook": {"likes": 0, "shares": 0, "comments": 0}, "stumbledupon": {"shares": 0}}, "site_full": "rg.ru", "main_image": "https://rg.ru/res/images/logo/rg-600x600.jpg", "site_section": "http://rg.ru/xml/index.xml", "section_title": "Российская Газета", "url": "https://rg.ru/2016/10/01/reg-cfo/na-zapade-moskvy-stroitelnyj-avtokran-upal-v-kotlovan.html", "country": "RU", "domain_rank": 3002, "title": "На западе Москвы строительный автокран упал в котлован", "performance_score": 0, "site": "rg.ru", "participants_count": 0, "title_full": "На западе Москвы строительный автокран упал в котлован", "spam_score": 0.0, "site_type": "news", "published": "2016-10-01T18:31:00.000+03:00", "replies_count": 0, "uuid": "a40c0a142ae44b8336ec7fd10e9c9c055e6b4d7b"}, "author": "", "url": "https://rg.ru/2016/10/01/reg-cfo/na-zapade-moskvy-stroitelnyj-avtokran-upal-v-kotlovan.html", "ord_in_thread": 0, "title": "На западе Москвы строительный автокран упал в котлован", "locations": [], "entities": {"persons": [], "locations": [], "organizations": []}, "highlightText": "", "language": "russian", "persons": [], "text": "Проект: В регионах На западе Москвы строительный автокран упал в котлован \nНа западе столицы автокран упал в котлован на стройплощадке метрополитена. Об этом информирует ТАСС со ссылкой на правоохранительные органы Москвы \nИнцидент произошел в районе улицы Генерала Ермолова. В результате пострадавших нет. \nВ настоящее время на месте работают экстренные службы города. читайте также", "external_links": [], "published": "2016-10-01T18:31:00.000+03:00", "crawled": "2016-10-01T13:54:24.761+03:00", "highlightTitle": ""}