{"organizations": [], "uuid": "34a9754f2f9841ca50ac51df56837b25e2494ad6", "thread": {"social": {"gplus": {"shares": 0}, "pinterest": {"shares": 0}, "vk": {"shares": 0}, "linkedin": {"shares": 0}, "facebook": {"likes": 0, "shares": 0, "comments": 0}, "stumbledupon": {"shares": 0}}, "site_full": "rg.ru", "main_image": "https://rg.ru/res/images/logo/rg-600x600.jpg", "site_section": "http://rg.ru/xml/index.xml", "section_title": "Российская Газета", "url": "https://rg.ru/2016/10/01/salavat-iulaev-na-vyezde-pobedil-sibir.html", "country": "RU", "domain_rank": 3002, "title": "\"Салават Юлаев\" на выезде победил \"Сибирь\"", "performance_score": 0, "site": "rg.ru", "participants_count": 0, "title_full": "\"Салават Юлаев\" на выезде победил \"Сибирь\"", "spam_score": 0.0, "site_type": "news", "published": "2016-10-01T23:19:00.000+03:00", "replies_count": 0, "uuid": "34a9754f2f9841ca50ac51df56837b25e2494ad6"}, "author": "", "url": "https://rg.ru/2016/10/01/salavat-iulaev-na-vyezde-pobedil-sibir.html", "ord_in_thread": 0, "title": "\"Салават Юлаев\" на выезде победил \"Сибирь\"", "locations": [], "entities": {"persons": [], "locations": [], "organizations": []}, "highlightText": "", "language": "russian", "persons": [], "text": "В матче регулярного чемпионата КХЛ уфимский \"Салават Юлаев\" на выезде победил новосибирскую \"Сибирь\". Встреча завершилась со счетом 2:1 в пользу гостей.Победу \"Салавату\" принес дубль Теему Харткайнена. читайте также Мозякин признан лучшим нападающим сентября в КХЛ \nФинский форвард открыл счет на 25-й минуте, но очень быстро Евгений Артюхин восстановил равновесие. Точку в матче поставил гол Хартикайнена в третьем периоде. \nПосле игры главный тренер уфимцев Игорь Захаркин подчеркнул, что играть против \"Сибири\" было тяжело. Главное, что удалось его команде - выстоять в концовке матча. \n\"Игра была очень сложная, \"Сибирь\" - команда хорошо организованная, быстрая, жесткая. Мы пытались придерживаться нашего плана, играть строго в средней зоне, не пускать их на свободный лед, минимизировать броски с опасных позиций, - приводит слова Захаркина официальный сайт \"Салавата Юлаева\". - Хорошо, что нам удалось забить в численном неравенстве. Выстояли в трудные последние минуты\"", "external_links": [], "published": "2016-10-01T23:19:00.000+03:00", "crawled": "2016-10-01T18:29:55.083+03:00", "highlightTitle": ""}