{"organizations": [], "uuid": "dbc3ae1272fc2300c1bd1d4a2299acfdd48db37c", "thread": {"social": {"gplus": {"shares": 1}, "pinterest": {"shares": 0}, "vk": {"shares": 0}, "linkedin": {"shares": 0}, "facebook": {"likes": 11, "shares": 11, "comments": 0}, "stumbledupon": {"shares": 0}}, "site_full": "rusvesna.su", "main_image": "http://rusvesna.su/sites/default/files/styles/487_256/public/babiy_yar_venok_pamyat_kievlyan.jpg?itok=T5IyalJu", "site_section": "http://rusvesna.su/rss.xml", "section_title": "Русская весна", "url": "http://rusvesna.su/news/1475401706", "country": "US", "domain_rank": 4346, "title": "Киевляне «благодарны» за Бабий Яр (ФОТО)", "performance_score": 0, "site": "rusvesna.su", "participants_count": 0, "title_full": "Киевляне «благодарны» за Бабий Яр (ФОТО)", "spam_score": 0.0, "site_type": "news", "published": "2016-10-02T17:48:00.000+03:00", "replies_count": 0, "uuid": "dbc3ae1272fc2300c1bd1d4a2299acfdd48db37c"}, "author": "", "url": "http://rusvesna.su/news/1475401706", "ord_in_thread": 0, "title": "Киевляне «благодарны» за Бабий Яр (ФОТО)", "locations": [], "entities": {"persons": [], "locations": [], "organizations": []}, "highlightText": "", "language": "russian", "persons": [], "text": "Киевляне «благодарны» за Бабий Яр (ФОТО) 02.10.2016 - 12:48 \nВенок с надписью «Благодарны… киевляне помнят» возложил кто-то к памятнику жертвам Бабьего Яра. \nТо ли человек, сделавший надпись, плохо владеет «державной мовой», то ли относится к тем киевлянам, которые не знают, что именно происходило в Бабьем Яру, или считает, что украинцы там одержали очередную «перемогу». \nНаконец, прямой смысл надписи означает, что писавший благодарен тем, кто расстрелял здесь тысячи и тысячи людей. Ведь невозможно понять, что значит благодарность расстрелянным: они к подвигу не стремились, их «просто» убили духовные отцы тех, кто сегодня устраивает шабаш на Украине. \nЧитайте также: А вы будете праздновать Бабий Яр? — деградация украинцев в вопросах и ответах (ВИДЕО А. Шария) \nНе зря говорят, что тот, кто не знает своей истории, обречен на бесконечное её повторение. Новый Бабий Яр будет по-европейски тихим: люди будут погибать не в овраге от пули и сапога, но в собственных холодных квартирах от голода и отсутствия элементарных медикаментов. \nКому благодарны эти «киевляне» и о чем они «помнят», остается загадкой. Присоединяйтесь к «Русской Весне» в Одноклассниках , Facebook , ВКонтакте , Twitter , чтобы быть в курсе последних новостей. Читайте также", "external_links": [], "published": "2016-10-02T17:48:00.000+03:00", "crawled": "2016-10-02T13:44:44.670+03:00", "highlightTitle": ""}