{"organizations": [], "uuid": "55880cbd0449dd70bd734d6d076983341cf8c869", "thread": {"social": {"gplus": {"shares": 0}, "pinterest": {"shares": 0}, "vk": {"shares": 0}, "linkedin": {"shares": 0}, "facebook": {"likes": 6, "shares": 6, "comments": 0}, "stumbledupon": {"shares": 0}}, "site_full": "www.yaplakal.com", "main_image": "", "site_section": "http://www.yaplakal.com/news.xml", "section_title": "ЯПлакалъ - развлекательное сообщество", "url": "http://www.yaplakal.com/forum28/topic1461877.html", "country": "DE", "domain_rank": 1217, "title": "К-550 «Александр Невский» на рыбалке", "performance_score": 0, "site": "yaplakal.com", "participants_count": 1, "title_full": "К-550 «Александр Невский» на рыбалке", "spam_score": 0.0, "site_type": "news", "published": "2016-09-30T20:26:00.000+03:00", "replies_count": 0, "uuid": "55880cbd0449dd70bd734d6d076983341cf8c869"}, "author": "adm@yaplakal.com (avasya)", "url": "http://www.yaplakal.com/forum28/topic1461877.html", "ord_in_thread": 0, "title": "К-550 «Александр Невский» на рыбалке", "locations": [], "entities": {"persons": [], "locations": [], "organizations": []}, "highlightText": "", "language": "russian", "persons": [], "text": "Сообщений: 873 где всплыл то, всего лишь проплыл мимовот если б он рядом с ними экстренно всплыл бы, вот тогда бы да ребята б долго отходили и материться б начали только когда у них шум в ушах бы прошел....сам не был свидетелем экстренного всплытия, мне корешок рассказывалпо его словам ничего более громкого он в жизни не слышал", "external_links": [], "published": "2016-09-30T20:26:00.000+03:00", "crawled": "2016-10-01T06:50:37.128+03:00", "highlightTitle": ""}