{"organizations": [], "uuid": "88130256c2faaba8bf5307ac77d8aee43ff4ed13", "thread": {"social": {"gplus": {"shares": 0}, "pinterest": {"shares": 0}, "vk": {"shares": 0}, "linkedin": {"shares": 0}, "facebook": {"likes": 0, "shares": 0, "comments": 0}, "stumbledupon": {"shares": 0}}, "site_full": "www.vlad.aif.ru", "main_image": "http://images.aif.ru/010/138/d485efc68de555981321defd457446bd.jpg", "site_section": "http://www.vlad.aif.ru/rss/all.php", "section_title": "АиФ-Владимир", "url": "http://www.vlad.aif.ru/incidents/details/na_dorogah_vladimirskoy_oblasti_v_2016_godu_pogibli_54_peshehoda", "country": "RU", "domain_rank": 3127, "title": "На дорогах Владимирской области в 2016 году погибли 54 пешехода", "performance_score": 0, "site": "aif.ru", "participants_count": 0, "title_full": "На дорогах Владимирской области в 2016 году погибли 54 пешехода", "spam_score": 0.0, "site_type": "news", "published": "2016-10-03T23:08:00.000+03:00", "replies_count": 0, "uuid": "88130256c2faaba8bf5307ac77d8aee43ff4ed13"}, "author": "", "url": "http://www.vlad.aif.ru/incidents/details/na_dorogah_vladimirskoy_oblasti_v_2016_godu_pogibli_54_peshehoda", "ord_in_thread": 0, "title": "На дорогах Владимирской области в 2016 году погибли 54 пешехода", "locations": [], "entities": {"persons": [], "locations": [], "organizations": []}, "highlightText": "", "language": "russian", "persons": [], "text": "На дорогах Владимирской области в 2016 году погибли 54 пешехода 358 человек получили ранения различной степени тяжести С начала года во Владимирской области зарегистрировано 235 «пьяных» ДТП \nВладимир, 3 октября – АиФ-Владимир . 54 пешехода погибли и 358 – получили ранения различной степени тяжести в этом году во Владимирской области. \nТакую статистику озвучили в пресс-службе регионального УГИБДД. Здесь отметили, что за восемь месяцев текущего года количество ДТП с участием пешеходов уменьшилось на 6,8% по сравнению с аналогичным периодом 2015 года. \nТакже сократилось количество погибших и раненых по сравнению с прошлым годом. Ранее эти цифры составляли 73 и 376 соответственно (уменьшение составило 26% и 4,8%). За сутки во Владимирской области сбили трех пешеходов – один из них умер \n152 аварии в этом году случились по вине самих пешеходов – на 4,4% меньше, чем в прошлом году. При этом число погибших в таких ДТП составляет 24 человека, ранения получили 135 человек. \nОтмечается снижение количества наездов на пешеходов на «зебрах» , но все равно цифры еще высоки – на пешеходном переходе зарегистрировано каждое четвертое ДТП. \nДля профилактики аварий во владимирском регионе с 1 по 10 октября проходит акция «Пешеход». Сотрудники ГИБДД рекомендуют пешеходам при пересечении дороги не отвлекаться на посторонние вещи (сотовый телефон, плееры и т.д.), так же снимать капюшоны при переходе улицы для увеличения обзора видимости. В темное время суток и при условиях недостаточной видимости следует одеваться более контрастно и использовать на одежде и ручной клади светоотражающие элементы.", "external_links": [], "published": "2016-10-03T23:08:00.000+03:00", "crawled": "2016-10-04T03:18:15.333+03:00", "highlightTitle": ""}