{"organizations": [], "uuid": "3bb29d5b22a8602fe14c986875f385663b3b8b83", "thread": {"social": {"gplus": {"shares": 0}, "pinterest": {"shares": 0}, "vk": {"shares": 0}, "linkedin": {"shares": 0}, "facebook": {"likes": 0, "shares": 0, "comments": 0}, "stumbledupon": {"shares": 0}}, "site_full": "www.bbc.com", "main_image": "http://ichef.bbci.co.uk/news/ws/1024/amz/worldservice/live/assets/images/2016/09/06/160906060130__andriy_shevchenko_640x360_afp_nocredit.jpg", "site_section": "", "section_title": "", "url": "http://www.bbc.com/ukrainian/rolling_news_russian/2016/09/160930_ru_n_shevchenko_football", "country": "GB", "domain_rank": 130, "title": "Шевченко объявил состав сборной Украины - BBC Україна", "performance_score": 0, "site": "bbc.com", "participants_count": 0, "title_full": "Шевченко объявил состав сборной Украины - BBC Україна", "spam_score": 0.043, "site_type": "news", "published": "2016-10-01T01:28:00.000+03:00", "replies_count": 0, "uuid": "3bb29d5b22a8602fe14c986875f385663b3b8b83"}, "author": "", "url": "http://www.bbc.com/ukrainian/rolling_news_russian/2016/09/160930_ru_n_shevchenko_football", "ord_in_thread": 0, "title": "Шевченко объявил состав сборной Украины - BBC Україна", "locations": [], "entities": {"persons": [], "locations": [], "organizations": []}, "highlightText": "", "language": "russian", "persons": [], "text": "Шевченко объявил состав сборной Украины 30 вересня 2016 Поделиться Image copyright AFP Главный тренер национальной сборной по футболу Андрей Шевченко объявил список 25 игроков, которые будут готовиться к участию в отборочных матчах Чемпионата мира-2018 против сборных Турции и Косово. Об этом сообщает пресс-служба Федерации футбола Украины. \nСостав национальной команды выглядит таким образом: \nВратари : Андрей Пятов (\"Шахтер\" Донецк), Денис Бойко (\"Малага\", Испания), Алексей Шевченко (\"Заря\" Луганск). \nЗащитники : Александр Кучер, Ярослав Ракицкий, Богдан Бутко, Иван Ордец (все – \"Шахтер\"), Евгений Хачериди (\"Динамо\" Киев), Эдуард Соболь (\"Заря\" Луганск), Артем Федецкий (\"Дармштадт\", Германия). \nПолузащитники : Тарас Степаненко, Максим Малышев, Виктор Коваленко (все – \"Шахтер\"), Андрей Ярмоленко, Сергей Сидорчук, Сергей Рыбалка, Виктор Цыганков (все игроки \"Динамо\" Киев), Руслан Ротань (\"Днепр\"), Иван Петряк (\"Заря\" Луганск), Евгений Коноплянка (\"Шальке\", Германия), Александр Зинченко (\"ПСВ\", Нидерланды), Евгений Шахов (ПАОК, Греция) \nНападающие : Роман Зозуля (\"Бетис\", Испания), Артем Кравец (\"Гранада\", Испания), Денис Баланюк (\"Днепр\"). \nМатч против Турции состоится 6 октября, против Косово - 9 октября. ", "external_links": [], "published": "2016-10-01T01:28:00.000+03:00", "crawled": "2016-10-01T05:51:44.142+03:00", "highlightTitle": ""}