{"organizations": [], "uuid": "cfe683098d4b2589b2905717677ada71bc524a2f", "thread": {"social": {"gplus": {"shares": 0}, "pinterest": {"shares": 0}, "vk": {"shares": 0}, "linkedin": {"shares": 0}, "facebook": {"likes": 0, "shares": 0, "comments": 0}, "stumbledupon": {"shares": 0}}, "site_full": "news.liga.net", "main_image": "http://news.liga.net/upload/iblock/595/5955e044c101551cb079a7d54f488b3f.jpg", "site_section": "http://news.liga.net/politics/rss.xml", "section_title": "Новости Украины 24 часа в сутки : ЛІГАБізнесІнформ", "url": "http://news.liga.net/news/politics/12963532-za_mesyats_chinovniki_podali_bolee_2_3_tys_elektronnykh_deklaratsiy.htm", "country": "UA", "domain_rank": 6813, "title": "За месяц чиновники подали более 2,3 тыс электронных деклараций", "performance_score": 0, "site": "liga.net", "participants_count": 0, "title_full": "За месяц чиновники подали более 2,3 тыс электронных деклараций", "spam_score": 0.0, "site_type": "news", "published": "2016-10-04T01:50:00.000+03:00", "replies_count": 0, "uuid": "cfe683098d4b2589b2905717677ada71bc524a2f"}, "author": "", "url": "http://news.liga.net/news/politics/12963532-za_mesyats_chinovniki_podali_bolee_2_3_tys_elektronnykh_deklaratsiy.htm", "ord_in_thread": 0, "title": "За месяц чиновники подали более 2,3 тыс электронных деклараций", "locations": [], "entities": {"persons": [], "locations": [], "organizations": []}, "highlightText": "", "language": "russian", "persons": [], "text": "За месяц чиновники подали более 2,3 тыс электронных деклараций 03.10.2016 20:50 По данным Нацагентства по предотвращению коррупции, на сегодняшний день государственные служащие подали 2370 электронных деклараций Поделиться: \nЗа месяц работы системы электронного декларирования зарегистрировано 2370 деклараций. Об этом говорится в заявлении Нацагентства по предотвращению коррупции (НАПК), опубликованном в Facebook . \n\"По состоянию на 3 октября 2016 года в Едином государственном реестре деклараций лиц, уполномоченных на выполнение функций государства или местного самоуправления, насчитывается 2370 деклараций\", - говорится в сообщении. \nВ НАПК распределили зарегистрированные декларации по следующим признакам: \n- 1596 деклараций - ежегодные декларации 2015 года; \n- 94 декларации - сообщение об изменениях в имущественном состоянии; \n- 590 деклараций - поданные перед увольнением; \n- 51 - декларация - поданные декларантами - кандидатами на должность; \n- 40 деклараций - поданные после увольнения. \n31 августа НАПК запустило систему электронного декларирования, она заработала с 00:00 часов 1 сентября. \nРанее в интервью ЛІГА.net глава НАПК Наталья Корчак заявила, что ориентировочно в первую волну электронные декларации должны заполнить около 50 тыс государственных и муниципальных служащих.", "external_links": [], "published": "2016-10-04T01:50:00.000+03:00", "crawled": "2016-10-03T21:17:31.368+03:00", "highlightTitle": ""}