{"organizations": [], "uuid": "9e723885161e13b0b0d38f1071dddf6d148eaac7", "thread": {"social": {"gplus": {"shares": 0}, "pinterest": {"shares": 0}, "vk": {"shares": 0}, "linkedin": {"shares": 0}, "facebook": {"likes": 0, "shares": 0, "comments": 0}, "stumbledupon": {"shares": 0}}, "site_full": "112.ua", "main_image": "http://img.112.agency/original/2016/09/19/259952.jpg", "site_section": "http://112.ua/rss/index.rss", "section_title": "Новости 112.ua", "url": "http://112.ua/obshchestvo/kabmin-vnes-izmeneniya-v-sostav-pravleniya-pensionnogo-fonda-343010.html", "country": "UA", "domain_rank": 8311, "title": "Кабмин внес изменения в состав правления Пенсионного фонда", "performance_score": 0, "site": "112.ua", "participants_count": 0, "title_full": "Кабмин внес изменения в состав правления Пенсионного фонда", "spam_score": 0.0, "site_type": "news", "published": "2016-10-03T13:42:00.000+03:00", "replies_count": 0, "uuid": "9e723885161e13b0b0d38f1071dddf6d148eaac7"}, "author": "", "url": "http://112.ua/obshchestvo/kabmin-vnes-izmeneniya-v-sostav-pravleniya-pensionnogo-fonda-343010.html", "ord_in_thread": 0, "title": "Кабмин внес изменения в состав правления Пенсионного фонда", "locations": [], "entities": {"persons": [], "locations": [], "organizations": []}, "highlightText": "", "language": "russian", "persons": [], "text": "Кабмин внес изменения в состав правления Пенсионного фонда 08:42, 3 октября 2016 Новости по теме: Минфин будет искать возможности для сбалансирования пенсионной системы, - Данилюк \nВ частности, документ предусматривает введение в состав правления ПФУ Романа Чернеги - председателя Гоструда и выведение из его состава Ярослава Кашубы. Кроме того, указаны новые должности членов правления - Сергея Диденко - заместителя директора департамента расходов бюджета социальной сферы Минфина и Сергея Украинца - заместителя председателя профсоюза работников нефтяной и газовой промышленности (по согласованию). Если вы заметили ошибку, выделите необходимый текст и нажмите Ctrl+Enter, чтобы сообщить об этом редакции Аналитика по теме Powered by S-byte.com \nЛюбое использование материалов c сайта или программ телеканала 112 Украина разрешается при условии гиперссылки на www.112.ua в первом абзаце новости. Руководство сайта не несет ответственности за достоверность материалов, присланных нашими читателями. Администрация сайта, публикуя статьи наших читателей, предупреждает, что их мнения могут не совпадать с мнением редакции. Перепечатка, копирование или воспроизведение информации, содержащей ссылку на агентство “Интерфакс-Украина” и ИА “Українські Новини”, в каком-либо виде строго запрещены. \nИнформация в рубрике PR размещается на правах рекламы. Ответственность за информацию несет рекламодатель <>", "external_links": [], "published": "2016-10-03T13:42:00.000+03:00", "crawled": "2016-10-03T10:36:21.346+03:00", "highlightTitle": ""}