{"organizations": [], "uuid": "9ec5c8164a6542bd28c28c7e911adbb5edf58a83", "thread": {"social": {"gplus": {"shares": 0}, "pinterest": {"shares": 0}, "vk": {"shares": 0}, "linkedin": {"shares": 0}, "facebook": {"likes": 0, "shares": 0, "comments": 0}, "stumbledupon": {"shares": 0}}, "site_full": "news.meta.ua", "main_image": "http://picsnews.meta.ua/90x90/424/8/42408397-Terroristki-iz-gruppirovki-Angel-sdali-svoego-glavaria-Smirnov-brosal-ikh-na-peredovoi-i-ispolzoval.jpeg", "site_section": "http://news.meta.ua/rss/", "section_title": "МЕТА Новости", "url": "http://news.meta.ua/go.php?to=2016-10-50901222", "country": "UA", "domain_rank": 7703, "title": "Общество: Террористки из группировки «Ангел» сдали своего главаря: Смирнов бросал их на передовой и использовал", "performance_score": 0, "site": "meta.ua", "participants_count": 1, "title_full": "Общество: Террористки из группировки «Ангел» сдали своего главаря: Смирнов бросал их на передовой и использовал", "spam_score": 0.0, "site_type": "news", "published": "2016-10-03T14:23:00.000+03:00", "replies_count": 0, "uuid": "9ec5c8164a6542bd28c28c7e911adbb5edf58a83"}, "author": "Общество", "url": "http://news.meta.ua/go.php?to=2016-10-50901222", "ord_in_thread": 0, "title": "Общество: Террористки из группировки «Ангел» сдали своего главаря: Смирнов бросал их на передовой и использовал", "locations": [], "entities": {"persons": [], "locations": [], "organizations": []}, "highlightText": "", "language": "russian", "persons": [], "text": "Смирнов делал жалостливую картинку, чтобы получать деньги для своих целей. Chaspik >> сегодня, 09:23 \nБоевики из банды Ангел, главарей которой задержали в Донецке, заявили, что руководитель батальона Алексей Смирнов использовал их в своих корыстных целях. Об этом они рассказали на видео, которое было снято тайком, представители группировки не знали, что их слова записывают.Начинается видео со слов о том, что представители батальона целы, их никто не пытал. Будьте адекватными людьми, заявили они.По словам одной из представительниц Ангела, они стали заложниками ситуации, которую создал Смирнов. Поэтому состав батальона Ангел пострадал На данный момент Алексей Смирнов находится под следствием, заявила женщина.Батальон уверяет, что не переставал помогать людям, даже после ошибок Смирнова.Затем камера была выключена, и тут же одна из представительниц батальона заявила: Противно, что он (Смирнов, ред.) нас использовал в своих каких-то корыстных целях. И помимо того, что использовали, еще и хотели подставить с этим всем Он думал только о своей картинке и о своих фильмах, заявила она. По словам женщины, Смирнов делал жалостливую картинку, чтобы получать деньги для своих целей.И мы были на передовой, там где снайпера работают, а он на бульваре Пушкина на гироскутере катался, рассказала другая участница группировки.", "external_links": [], "published": "2016-10-03T14:23:00.000+03:00", "crawled": "2016-10-03T09:37:11.792+03:00", "highlightTitle": ""}