{"organizations": [], "uuid": "974cf5f4135d5d74c92ee44a354ec4bcffdead96", "thread": {"social": {"gplus": {"shares": 0}, "pinterest": {"shares": 0}, "vk": {"shares": 0}, "linkedin": {"shares": 0}, "facebook": {"likes": 0, "shares": 0, "comments": 0}, "stumbledupon": {"shares": 0}}, "site_full": "video.bigmir.net", "main_image": "http://bm.img.com.ua/berlin/storage/video/600x500/3/0e/1e6327b1c09aec27901ae59bdf1190e3.jpg", "site_section": "http://video.bigmir.net/?_ctr=rss", "section_title": "Video - Главная", "url": "http://video.bigmir.net/zik/vilnuy_mikrofon/591594-Vlniy-mkrofon-Shcho-b-vi-robili-yakbi-stali-olgarhom-na-odin-den/", "country": "UA", "domain_rank": 3864, "title": "Вільний мікрофон: Що б ви робили, якби стали олігархом на одинь день?", "performance_score": 0, "site": "bigmir.net", "participants_count": 0, "title_full": "Вільний мікрофон: Що б ви робили, якби стали олігархом на одинь день?", "spam_score": 0.0, "site_type": "news", "published": "2016-10-03T03:29:00.000+03:00", "replies_count": 0, "uuid": "974cf5f4135d5d74c92ee44a354ec4bcffdead96"}, "author": "", "url": "http://video.bigmir.net/zik/vilnuy_mikrofon/591594-Vlniy-mkrofon-Shcho-b-vi-robili-yakbi-stali-olgarhom-na-odin-den/", "ord_in_thread": 0, "title": "Вільний мікрофон: Що б ви робили, якби стали олігархом на одинь день?", "locations": [], "entities": {"persons": [], "locations": [], "organizations": []}, "highlightText": "", "language": "russian", "persons": [], "text": "Показать больше Комментариев (0) Оставляя комментарий, пожалуйста, помните о том, что содержание и тон Вашего сообщения могут задеть чувства реальных людей, непосредственно или косвенно имеющих отношение к данной новости. Пользователи, которые нарушают эти правила грубо или систематически, будут заблокированы.", "external_links": [], "published": "2016-10-03T03:29:00.000+03:00", "crawled": "2016-10-03T03:10:51.571+03:00", "highlightTitle": ""}