{"organizations": [], "uuid": "dffc5d9891f8493455db437eb38faced58419729", "thread": {"social": {"gplus": {"shares": 0}, "pinterest": {"shares": 0}, "vk": {"shares": 0}, "linkedin": {"shares": 0}, "facebook": {"likes": 0, "shares": 0, "comments": 0}, "stumbledupon": {"shares": 0}}, "site_full": "news.mail.ru", "main_image": "https://news.mail.ru/social_preview/27321465/?time=ffe8775217e1825e1cb8ce221d8fdabc", "site_section": "http://news.mail.ru//rss/economics/", "section_title": "Новости Mail.Ru: Экономика", "url": "https://news.mail.ru/economics/27321465/", "country": "RU", "domain_rank": 27, "title": "Авиакомпания \"РусЛайн\" осенью откроет 5 новых рейсов из Ростова-на-Дону", "performance_score": 0, "site": "mail.ru", "participants_count": 0, "title_full": "Авиакомпания \"РусЛайн\" осенью откроет 5 новых рейсов из Ростова-на-Дону", "spam_score": 0.0, "site_type": "news", "published": "2016-10-03T21:08:00.000+03:00", "replies_count": 0, "uuid": "dffc5d9891f8493455db437eb38faced58419729"}, "author": "", "url": "https://news.mail.ru/economics/27321465/", "ord_in_thread": 0, "title": "Авиакомпания \"РусЛайн\" осенью откроет 5 новых рейсов из Ростова-на-Дону", "locations": [], "entities": {"persons": [], "locations": [], "organizations": []}, "highlightText": "", "language": "russian", "persons": [], "text": "  16:08 (мск) , источник: ТАСС Авиакомпания «РусЛайн» осенью откроет 5 новых рейсов из Ростова-на-Дону \nВ частности, будут выполняться рейсы в Уфу, Красноярск, Томск, Новосибирск и Омск.", "external_links": [], "published": "2016-10-03T21:08:00.000+03:00", "crawled": "2016-10-03T16:26:24.816+03:00", "highlightTitle": ""}