{"organizations": [], "uuid": "02e6d3ec0988e47e3d2306d5f360c002c17bfd22", "thread": {"social": {"gplus": {"shares": 0}, "pinterest": {"shares": 0}, "vk": {"shares": 0}, "linkedin": {"shares": 0}, "facebook": {"likes": 0, "shares": 0, "comments": 0}, "stumbledupon": {"shares": 0}}, "site_full": "news.rambler.ru", "main_image": "https://news.rambler.ru/share/snippets/34881673/e3f95637b373cf9ed7860d1832d48fe8.png", "site_section": "http://news.rambler.ru/rss/Ukraine/feminine/", "section_title": "Женский клуб — Рамблер/новости", "url": "https://news.rambler.ru/economics/34881673-procter-gamble-prodala-svoy-kosmeticheskiy-biznes-coty-za-11-4-mlrd/", "country": "RU", "domain_rank": 289, "title": "Procter & Gamble продала свой косметический бизнес Coty за $11,4 млрд", "performance_score": 0, "site": "rambler.ru", "participants_count": 1, "title_full": "Procter & Gamble продала свой косметический бизнес Coty за $11,4 млрд", "spam_score": 0.0, "site_type": "news", "published": "2016-10-03T14:51:00.000+03:00", "replies_count": 0, "uuid": "02e6d3ec0988e47e3d2306d5f360c002c17bfd22"}, "author": "ПРАЙМ", "url": "https://news.rambler.ru/economics/34881673-procter-gamble-prodala-svoy-kosmeticheskiy-biznes-coty-za-11-4-mlrd/", "ord_in_thread": 0, "title": "Procter & Gamble продала свой косметический бизнес Coty за $11,4 млрд", "locations": [], "entities": {"persons": [], "locations": [], "organizations": []}, "highlightText": "", "language": "russian", "persons": [], "text": "Главные события у вас в почте Цена операции в Сирии Подписаться МОСКВА, 3 окт — ПРАЙМ. Американская компания Procter & Gamble (P&G), один из лидеров мирового рынка потребительских товаров, закрыла сделку по продаже своего косметического бизнеса компании-производителю косметических товаров Coty Inc примерно за 11,4 миллиарда долларов, следует из сообщения P&G. В июле 2015 года P&G сообщала, что продает свой косметический бизнес Coty Inc. Сделка включает в себя бренды отделов Salon Professional, Retail Hair Color, Cosmetics и Fine Fragrance, а также некоторые бренды товаров для укладки волос. Это неполный текст новости", "external_links": [], "published": "2016-10-03T14:51:00.000+03:00", "crawled": "2016-10-03T09:58:17.579+03:00", "highlightTitle": ""}