{"organizations": [], "uuid": "69631db98baf1ce8f99d5cb8208b703b9b577c78", "thread": {"social": {"gplus": {"shares": 0}, "pinterest": {"shares": 0}, "vk": {"shares": 0}, "linkedin": {"shares": 0}, "facebook": {"likes": 0, "shares": 0, "comments": 0}, "stumbledupon": {"shares": 0}}, "site_full": "www.zakon.kz", "main_image": "https://static.zakon.kz/uploads/posts/2016-10/2016100116070843636_14446163_801015923334812_910628591582826.jpg", "site_section": "http://auto.zakon.kz/rss.xml", "section_title": "Казахстанский информационный портал zakon.kz", "url": "http://www.zakon.kz/4820555-akimy-zhambylskojj-i-kyzylordinskojj.html", "country": "KZ", "domain_rank": 5135, "title": "Акимы Жамбылской и Кызылординской областей подписали Меморандум о сотрудничестве", "performance_score": 0, "site": "zakon.kz", "participants_count": 0, "title_full": "Акимы Жамбылской и Кызылординской областей подписали Меморандум о сотрудничестве", "spam_score": 0.0, "site_type": "news", "published": "2016-10-01T18:07:00.000+03:00", "replies_count": 0, "uuid": "69631db98baf1ce8f99d5cb8208b703b9b577c78"}, "author": "", "url": "http://www.zakon.kz/4820555-akimy-zhambylskojj-i-kyzylordinskojj.html", "ord_in_thread": 0, "title": "Акимы Жамбылской и Кызылординской областей подписали Меморандум о сотрудничестве", "locations": [], "entities": {"persons": [], "locations": [], "organizations": []}, "highlightText": "", "language": "russian", "persons": [], "text": "со ссылкой на пресс-службу акима Жамбылской области. Аким области Крымбек Кушербаев показал гостям недавно открытую Аллею государственных символов, посвященную 25-летию Независимости РК. Гостям также был презентован комбикормовый завод «Жан-Арай», который специализируется на выпуске рисовой крупы и гранулированного комбикорма. Делегация Жамбыской области ознакомилась с работой детской деревни семейного типа «Атамекен», побывали на стройплощадке стекольного завода, а также новом здании «Дома дружбы». Аким города Нурлыбек Налибаев рассказал о развитии города и презентовал проект застройки левобережной части Кызылорды. Также гости ознакомились работой ситуационного центра акимата области. В заключение в Кызылординском музыкально-драматическом театре имени Н.Бекежанова состоялся праздничный концерт деятелей искусства Жамбылской области. Сообщить об ошибке х 4820555-3fcf7630d8692fff8040280144ba1f3e Введите имя", "external_links": [], "published": "2016-10-01T18:07:00.000+03:00", "crawled": "2016-10-01T16:40:13.385+03:00", "highlightTitle": ""}