{"organizations": [], "uuid": "e3a76ae078d5fd0243e2a975a1aebec89b65447c", "thread": {"social": {"gplus": {"shares": 2}, "pinterest": {"shares": 0}, "vk": {"shares": 0}, "linkedin": {"shares": 0}, "facebook": {"likes": 152, "shares": 152, "comments": 0}, "stumbledupon": {"shares": 0}}, "site_full": "censor.net.ua", "main_image": "https://storage1a.censor.net.ua/images/4/1/7/3/4173f4d10c3dd6d7c06e1c050789110a/original.jpg", "site_section": "http://censor.net.ua//includes/news_ru.xml", "section_title": "Цензор.НЕТ - Новости", "url": "http://censor.net.ua/video_news/408641/den_gneva_za_aleppo_v_26_gorodah_mira_proshli_aktsii_protiv_deyistviyi_rossii_i_asada_v_sirii_fotoreportajvideo", "country": "US", "domain_rank": 3785, "title": "\"День гнева за Алеппо\": В 26 городах мира прошли акции против действий России и Асада в Сирии. ФОТОрепортаж+ВИДЕО", "performance_score": 1, "site": "censor.net.ua", "participants_count": 0, "title_full": "\"День гнева за Алеппо\": В 26 городах мира прошли акции против действий России и Асада в Сирии. ФОТОрепортаж+ВИДЕО", "spam_score": 0.0, "site_type": "news", "published": "2016-10-03T01:33:00.000+03:00", "replies_count": 0, "uuid": "e3a76ae078d5fd0243e2a975a1aebec89b65447c"}, "author": "", "url": "http://censor.net.ua/video_news/408641/den_gneva_za_aleppo_v_26_gorodah_mira_proshli_aktsii_protiv_deyistviyi_rossii_i_asada_v_sirii_fotoreportajvideo", "ord_in_thread": 0, "title": "\"День гнева за Алеппо\": В 26 городах мира прошли акции против действий России и Асада в Сирии. ФОТОрепортаж+ВИДЕО", "locations": [], "entities": {"persons": [], "locations": [], "organizations": []}, "highlightText": "", "language": "russian", "persons": [], "text": "02.10.16 20:33 02.10.16 20:34 \"День гнева за Алеппо\": В 26 городах мира прошли акции против действий России и Асада в Сирии. ФОТОрепортаж+ВИДЕО В 26 городах мира прошла акция \"День гнева за Алеппо\", участники которой выступали против военных действий России и сирийского президента Башара Асада. Как передает Цензор.НЕТ со ссылкой на Euronews , в частности, акции прошли в Дании, Германии, Англии, США, Австралии и в Южно-Африканской республике. \"В Берлине митингующие требовали от России прекратить поддерживать правительство Башара Ассада и остановить атаки, в которых ежедневно гибнут десятки мирных жителей. В Стамбуле протестующие просили прекратить обстрелы в Алеппо, где сотни тысяч людей остаются заблокированными внутри города, и сравнили ситуацию с Холокостом\", - сообщает Euronews. - Ameenah A. Sawwan (@AmeenahSawwan) 1 жовтня 2016 р. В Лондоне около 200 человек прошлись улицами города. Участник протеста, основатель кампании \"Сирийская солидарность\" Абделазиз Алмаши сравнил действия Путина и Асада с действиями Гитлера. Читайте на \"Цензор.НЕТ\": Турция обвинила режим поддерживаемого РФ Асада в военных преступлениях \"Мы обращаемся к международному сообществу, которое участвует в преступлениях против человечества. Потому что когда мы видим, как Башар Ассад, русские и иранцы совершают преступления против мирных жителей в Сирии, нарушая международное законодательство, оно (международное сообщество) не делает ничего, чтобы остановить их, и тогда оно становится частью преступления\", - добавил активист. Protesting outside the Russian Ambassador's residence in #DC . #RageForAleppo . His house's fence never looked so good. pic.twitter.com/JtcJsBiRSf", "external_links": [], "published": "2016-10-03T01:33:00.000+03:00", "crawled": "2016-10-02T20:49:11.044+03:00", "highlightTitle": ""}