{"organizations": [], "uuid": "80fab38e347e4c2def1367f19d67a9e5a3b48dc1", "thread": {"social": {"gplus": {"shares": 0}, "pinterest": {"shares": 0}, "vk": {"shares": 0}, "linkedin": {"shares": 0}, "facebook": {"likes": 0, "shares": 0, "comments": 0}, "stumbledupon": {"shares": 0}}, "site_full": "rus.delfi.ee", "main_image": "", "site_section": "", "section_title": "", "url": "http://rus.delfi.ee/daily/abroad/sergej-lavrov-otkazalsya-prinosit-izvineniya-za-mh17?id=75781017&com=1", "country": "EE", "domain_rank": 5049, "title": "Комментарии - Сергей Лавров отказался приносить извинения за MH17 - Delfi", "performance_score": 0, "site": "delfi.ee", "participants_count": 0, "title_full": "Комментарии - Сергей Лавров отказался приносить извинения за MH17 - Delfi", "spam_score": 0.057, "site_type": "news", "published": "2016-10-01T18:02:00.000+03:00", "replies_count": 0, "uuid": "80fab38e347e4c2def1367f19d67a9e5a3b48dc1"}, "author": "", "url": "http://rus.delfi.ee/daily/abroad/sergej-lavrov-otkazalsya-prinosit-izvineniya-za-mh17?id=75781017&com=1", "ord_in_thread": 0, "title": "Комментарии - Сергей Лавров отказался приносить извинения за MH17 - Delfi", "locations": [], "entities": {"persons": [], "locations": [], "organizations": []}, "highlightText": "", "language": "russian", "persons": [], "text": "Сергей Лавров отказался приносить извинения за MH17 - комментариев 1-5 Внимание! Комментарии пишут читатели. Комментарии не редактируются. Содержание комментариев может не совпадать с мнением редакции. DELFI не отвечает за содержание комментариев читателей и просит читателей, пишущих комментарии, соблюдать нормы морали, не разжигать национальную и расовую рознь и обходиться без грубости. В случае игнорирования просьбы DELFI оставляет за собой право лишить пользователя возможности оставлять комментарии. ", "external_links": [], "published": "2016-10-01T18:02:00.000+03:00", "crawled": "2016-10-01T11:18:52.929+03:00", "highlightTitle": ""}