{"organizations": [], "uuid": "c49687353c39c31573b2e8bcbe9210006b7f3a23", "thread": {"social": {"gplus": {"shares": 0}, "pinterest": {"shares": 0}, "vk": {"shares": 0}, "linkedin": {"shares": 0}, "facebook": {"likes": 0, "shares": 0, "comments": 0}, "stumbledupon": {"shares": 0}}, "site_full": "news.rambler.ru", "main_image": "https://news.rambler.ru/share/snippets/34871806/00e428b0747f833eba76911bc6261471.png", "site_section": "http://news.rambler.ru/rss/football/", "section_title": "Футбол — Рамблер/новости", "url": "https://news.rambler.ru/sport/34871806-zenit-spartak-prevyu/", "country": "RU", "domain_rank": 289, "title": "Зенит — Спартак: превью", "performance_score": 0, "site": "rambler.ru", "participants_count": 1, "title_full": "Зенит — Спартак: превью", "spam_score": 0.0, "site_type": "news", "published": "2016-10-01T09:20:00.000+03:00", "replies_count": 0, "uuid": "c49687353c39c31573b2e8bcbe9210006b7f3a23"}, "author": "Soccer365.ru", "url": "https://news.rambler.ru/sport/34871806-zenit-spartak-prevyu/", "ord_in_thread": 0, "title": "Зенит — Спартак: превью", "locations": [], "entities": {"persons": [], "locations": [], "organizations": []}, "highlightText": "", "language": "russian", "persons": [], "text": "Фото: Soccer365.ru Санкт-Петербург не успел отойти от потрясающего матча «Зенита» в Лиге Европы, как в выходные следует продолжение. В город на Неве приезжает лидер чемпионата, московский «Спартак» . Битва двух столиц, непростые отношения между болельщиками и яркая история противостояния — все это в главной вывеске тура. «Зенит» стал самой результативной команды в Европе по итогам сентября. Даже такие гранды, как «Бавария» и «Манчестер Сити» стоят в сторонке. Количество голов «Зенита» зашкаливает. Это видно не только по выступлениям в Лиге Европы, но и во внутреннем чемпионате. «Зенит» редко уходит с поля не то, чтобы без двух мячей. Это неполный текст новости", "external_links": [], "published": "2016-10-01T09:20:00.000+03:00", "crawled": "2016-10-01T04:50:46.175+03:00", "highlightTitle": ""}