{"organizations": [], "uuid": "936493d23d9137f43e91255599f267c9e4dd618a", "thread": {"social": {"gplus": {"shares": 0}, "pinterest": {"shares": 0}, "vk": {"shares": 0}, "linkedin": {"shares": 0}, "facebook": {"likes": 0, "shares": 0, "comments": 0}, "stumbledupon": {"shares": 0}}, "site_full": "ria.ru", "main_image": "https://cdn2.img.ria.ru/images/147815/82/1478158266.jpg", "site_section": "http://ria.ru/sport/", "section_title": "Спорт | РИА Новости", "url": "http://ria.ru/sport/20160929/1478158097.html", "country": "RU", "domain_rank": 868, "title": "Женские старты на этапе КМ по прыжкам с трамплина пройдут в Нижнем Тагиле", "performance_score": 0, "site": "ria.ru", "participants_count": 1, "title_full": "Женские старты на этапе КМ по прыжкам с трамплина пройдут в Нижнем Тагиле | РИА Новости", "spam_score": 0.288, "site_type": "news", "published": "2016-09-29T14:18:00.000+03:00", "replies_count": 0, "uuid": "936493d23d9137f43e91255599f267c9e4dd618a"}, "author": "ria.ru", "url": "http://ria.ru/sport/20160929/1478158097.html", "ord_in_thread": 0, "title": "Женские старты на этапе КМ по прыжкам с трамплина пройдут в Нижнем Тагиле", "locations": [], "entities": {"persons": [], "locations": [], "organizations": []}, "highlightText": "", "language": "russian", "persons": [], "text": "МОСКВА, 29 сен — Р-Спорт. Международная федерация лыжного спорта (FIS) пересмотрела свое решение по проведению этапа Кубка мира по прыжкам на лыжах с трамплина в Нижнем Тагиле, разрешив провести в декабре женские соревнования, сообщается на сайте организации .\nРешение об исключении этапов в Нижнем Тагиле из календаря соревнований было принято в среду на сессии FIS в Цюрихе. Причиной послужило несоответствие организации этапа требованиям международной федерации — не были установлены сетки от ветра, а также не были вовремя выплачены призовые спортсменам по итогам прошлых этапов.\n\"После экстренного совещания, в котором приняли участие президент Федерации прыжков на лыжах с трамплина и лыжного двоеборья России (ФПЛДР) Дмитрий Дубровский и директор FIS по соревнованиям Вальтер Хофер, 29 сентября было решено оставить Нижний Тагил в календаре соревнований в заранее запланированные даты. Но пройдут только два женских старта. Соревнования у мужчин точно не состоятся в Нижнем Тагиле. FIS сообщит если и когда мужские соревнования будут перенесены в другое место\", — говорится в сообщении.\nСоревнования в Нижнем Тагиле запланированы 10-11 декабря.\nВ четверг утром Дубровский сообщил \"Р-Спорт\", что в предварительном календаре на следующие два сезона (-2017/18 и —2018/19) этапы в Нижнем Тагиле стоят, но при условии установки ветрозащиты.\n ", "external_links": ["http://www.fis-ski.com/", "http://rsport.ru/"], "published": "2016-09-29T14:18:00.000+03:00", "crawled": "2016-10-01T07:32:11.371+03:00", "highlightTitle": ""}