{"organizations": [], "uuid": "e13c996a88463d7155d7fe0c1a0976792ebc72ea", "thread": {"social": {"gplus": {"shares": 0}, "pinterest": {"shares": 0}, "vk": {"shares": 0}, "linkedin": {"shares": 0}, "facebook": {"likes": 0, "shares": 0, "comments": 0}, "stumbledupon": {"shares": 0}}, "site_full": "news.rambler.ru", "main_image": "https://news.rambler.ru/share/snippets/34878725/a682f512195af85981fa73ec75ee61ef.png", "site_section": "http://news.rambler.ru/rss/football/", "section_title": "Футбол — Рамблер/новости", "url": "https://news.rambler.ru/football/34878725-ffa-podtverdila-chto-poluchila-pismo-ot-manchester-yunayted-po-voprosu-genriha-mhitaryana/", "country": "RU", "domain_rank": 289, "title": "ФФА подтвердила, что получила письмо от «Манчестер Юнайтед» по вопросу Генриха Мхитаряна", "performance_score": 0, "site": "rambler.ru", "participants_count": 1, "title_full": "ФФА подтвердила, что получила письмо от «Манчестер Юнайтед» по вопросу Генриха Мхитаряна", "spam_score": 0.0, "site_type": "news", "published": "2016-10-03T16:58:00.000+03:00", "replies_count": 0, "uuid": "e13c996a88463d7155d7fe0c1a0976792ebc72ea"}, "author": "NEWS.am Sport", "url": "https://news.rambler.ru/football/34878725-ffa-podtverdila-chto-poluchila-pismo-ot-manchester-yunayted-po-voprosu-genriha-mhitaryana/", "ord_in_thread": 0, "title": "ФФА подтвердила, что получила письмо от «Манчестер Юнайтед» по вопросу Генриха Мхитаряна", "locations": [], "entities": {"persons": [], "locations": [], "organizations": []}, "highlightText": "", "language": "russian", "persons": [], "text": "Фото: NEWS.am Sport Полузащитник « Манчестер Юнайтед » и сборной Армении Генрих Мхитарян , скорее всего, не примет участия в отборочных матчах ЧМ-2018 против команд Румынии (8 октября) и Польши (11 октября), передает официальный сайт ФФА. Федерация футбола Армении получила письмо от «Манчестер Юнайтед» с просьбой позволить Мхитаряну пропустить предстоящий сбор национальной команды и матчи против Румынии и Польши. В письме от имени руководителя медицинского штаба «Манчестер Юнайтед» Стивена Макнейла, в частности, говорится: «Генрих Мхитарян продолжает восстанавливаться после травмы левого бедра, после того как у него случился рецидив в ходе матча «Манчестер Юнайтед». Это неполный текст новости", "external_links": [], "published": "2016-10-03T16:58:00.000+03:00", "crawled": "2016-10-03T17:54:55.402+03:00", "highlightTitle": ""}