{"organizations": [], "uuid": "a142939c616b01667264b20c4c7626fccfb5de30", "thread": {"social": {"gplus": {"shares": 0}, "pinterest": {"shares": 0}, "vk": {"shares": 0}, "linkedin": {"shares": 0}, "facebook": {"likes": 0, "shares": 0, "comments": 0}, "stumbledupon": {"shares": 0}}, "site_full": "www.trend.az", "main_image": "http://www.trend.az/assets/images/paid-content.jpg", "site_section": "http://www.trend.az/feeds/index.rss", "section_title": "Trend - новости Азербайджана, Грузии, Казахстана, Туркменистана, Узбекистана, Ирана, Турции.", "url": "http://www.trend.az/casia/turkmenistan/2667127.html", "country": "AZ", "domain_rank": 5014, "title": "Туркменистан собрал около 600 тыс. тонн хлопка-сырца", "performance_score": 0, "site": "trend.az", "participants_count": 0, "title_full": "Туркменистан собрал около 600 тыс. тонн хлопка-сырца", "spam_score": 0.0, "site_type": "news", "published": "2016-10-01T16:17:00.000+03:00", "replies_count": 0, "uuid": "a142939c616b01667264b20c4c7626fccfb5de30"}, "author": "", "url": "http://www.trend.az/casia/turkmenistan/2667127.html", "ord_in_thread": 0, "title": "Туркменистан собрал около 600 тыс. тонн хлопка-сырца", "locations": [], "entities": {"persons": [], "locations": [], "organizations": []}, "highlightText": "", "language": "russian", "persons": [], "text": "Туркменистан собрал около 600 тыс. тонн хлопка-сырца 1 октября 2016 12:17 (UTC+04:00) Доступ к платной информации предоставляется по подписке Часть информационных материалов АМИ Trend, отмеченная знаком , доступна только подписчикам агентства. \nЕсли Вы являетесь зарегистрированным пользователем, пожалуйста, введите свой логин и пароль \nЕсли вы не наш подписчик, вы можете Зарегистрироваться Неверное имя пользователя или пароль. Пользователь под данным Логином уже авторизован в электронной системе АМИ Trend Получить новость сейчас Вы можете получить доступ к этой платной новости, послав SMS со своего мобильного телефона. \nДля этого сначала выберите страну вашего оператора мобильной связи: \nВыберите оператора мобильной связи \nДля получения кода доступа , отправьте сообщение на номер .Стоимость сообщения - . Обратите внимание на формат сообщения, на пробел между словами.Все буквы в сообщении латинские.В случае ошибки в сообщении, услуга считается оплаченной. \nЧерез несколько секунд вы получите ответное SMS сообщение с кодом доступа. Ошибка соединения с сервером. Пожалуйста, обновите вашу тарифную сетку! Если Вы уже получили сообщение с кодом доступа, введите его ниже и нажмите Открыть для чтения данной информации: СМС-услуги предоставлены SmsCoin | Сообщить о проблеме Подписаться на новости Для подписки на информационные продукты АМИ Trend, получения платного доступа к новостям агентства, размещения рекламы и приобретения фотографий обращайтесь к нам:Телефон: (+994 50) 669-48-84 Оставить заявку для оформления платной подписки на издания АМИ Trend можно по адресу .Заполните нижеследующую форму и наши менеджеры свяжутся с вами в самые кратчайшие сроки: Полное имя*", "external_links": [], "published": "2016-10-01T16:17:00.000+03:00", "crawled": "2016-10-01T11:30:02.017+03:00", "highlightTitle": ""}