{"organizations": [], "uuid": "e5f83de4e378649143589785eec271da4af34c55", "thread": {"social": {"gplus": {"shares": 0}, "pinterest": {"shares": 0}, "vk": {"shares": 0}, "linkedin": {"shares": 0}, "facebook": {"likes": 0, "shares": 0, "comments": 0}, "stumbledupon": {"shares": 0}}, "site_full": "ria.ru", "main_image": "https://cdn4.img.ria.ru/images/147758/18/1477581869.jpg", "site_section": "https://ria.ru/", "section_title": "РИА Новости", "url": "http://ria.ru/world/20160929/1478114446.html", "country": "RU", "domain_rank": 868, "title": "Рябков: заявления госдепа США об угрозе России от ИГ - показатель низости", "performance_score": 0, "site": "ria.ru", "participants_count": 18, "title_full": "Рябков: заявления госдепа США об угрозе России от ИГ - показатель низости | РИА Новости", "spam_score": 0.092, "site_type": "news", "published": "2016-09-29T07:12:00.000+03:00", "replies_count": 22, "uuid": "e5f83de4e378649143589785eec271da4af34c55"}, "author": "ria.ru", "url": "http://ria.ru/world/20160929/1478114446.html", "ord_in_thread": 0, "title": "Рябков: заявления госдепа США об угрозе России от ИГ - показатель низости", "locations": [], "entities": {"persons": [], "locations": [], "organizations": []}, "highlightText": "", "language": "russian", "persons": [], "text": "МОСКВА, 29 сен – РИА Новости. США, отказывая в поддержке РФ в борьбе с группировкой \"Исламское государство\" (ИГ, запрещена в РФ) и делая заявления о возможной угрозе России со стороны террористов, фактически помогают им, такие заявления являются показателем политической низости, заявил в четверг замглавы МИД РФ Сергей Рябков.\n\"Эти плохо скрываемые приглашения \"применить\" террористическое оружие против России — это показатель того, до какой политической низости в своих подходах к ближневосточным делам и конкретно к ситуации в Сирии дошла нынешняя администрация США\", — сказал он.\n\"Мы, сказав это вновь, подчеркиваем, что альтернативы стабилизации в том виде, как она прописана в российско-американских документах, по-прежнему нет. Поэтому администрации (США) вместо своего ультимативного подхода и попыток оказать на нас давление надо все-таки сосредоточиться на выполнении тех договоренностей, которые вырабатывались долго, месяцами, и которые, как сейчас все видят, представляют собой очень детальные и глубоко проработанные схемы\", — подчеркнул замглавы МИД РФ.\nТерроризм в XXI веке", "external_links": [], "published": "2016-09-29T07:12:00.000+03:00", "crawled": "2016-10-01T06:34:48.681+03:00", "highlightTitle": ""}