{"organizations": [], "uuid": "9e4daf2e901b7b6160e004b3d64d55b20a7a96b4", "thread": {"social": {"gplus": {"shares": 0}, "pinterest": {"shares": 0}, "vk": {"shares": 0}, "linkedin": {"shares": 0}, "facebook": {"likes": 0, "shares": 0, "comments": 0}, "stumbledupon": {"shares": 0}}, "site_full": "news.mail.ru", "main_image": "https://news.mail.ru/social_preview/27303378/?time=261e975824d71c1ee088ed180d8f5b99", "site_section": "http://news.mail.ru//rss/incident/", "section_title": "Новости Mail.Ru: События", "url": "https://news.mail.ru/incident/27303378/", "country": "RU", "domain_rank": 27, "title": "В Самаре подросток, объявленный в розыск, пришел домой сам", "performance_score": 0, "site": "mail.ru", "participants_count": 0, "title_full": "В Самаре подросток, объявленный в розыск, пришел домой сам", "spam_score": 0.0, "site_type": "news", "published": "2016-10-01T16:01:00.000+03:00", "replies_count": 0, "uuid": "9e4daf2e901b7b6160e004b3d64d55b20a7a96b4"}, "author": "", "url": "https://news.mail.ru/incident/27303378/", "ord_in_thread": 0, "title": "В Самаре подросток, объявленный в розыск, пришел домой сам", "locations": [], "entities": {"persons": [], "locations": [], "organizations": []}, "highlightText": "", "language": "russian", "persons": [], "text": "  11:01 (мск) , источник: Pro Город Самара В Самаре подросток, объявленный в розыск, пришел домой сам \nВчера, 30 сентября, в розыск был объявлен подросток, который ушел из дома 29 числа и не вернулся, перестал выходить на связь.", "external_links": [], "published": "2016-10-01T16:01:00.000+03:00", "crawled": "2016-10-01T12:08:13.732+03:00", "highlightTitle": ""}