{"organizations": [], "uuid": "376dd2a2c1929b81adc45e13ef2a18ea9332e241", "thread": {"social": {"gplus": {"shares": 1}, "pinterest": {"shares": 0}, "vk": {"shares": 0}, "linkedin": {"shares": 0}, "facebook": {"likes": 14, "shares": 14, "comments": 0}, "stumbledupon": {"shares": 0}}, "site_full": "rg.ru", "main_image": "https://rg.ru/res/images/logo/rg-600x600.jpg", "site_section": "http://rg.ru/xml/index.xml", "section_title": "Российская Газета", "url": "https://rg.ru/2016/10/01/policiia-ssha-obnarodovala-video-s-ubijstvom-bezoruzhnogo-afroamerikanca.html", "country": "RU", "domain_rank": 3002, "title": "Полиция США обнародовала видео с убийством безоружного афроамериканца", "performance_score": 0, "site": "rg.ru", "participants_count": 0, "title_full": "Полиция США обнародовала видео с убийством безоружного афроамериканца", "spam_score": 0.0, "site_type": "news", "published": "2016-10-01T09:32:00.000+03:00", "replies_count": 0, "uuid": "376dd2a2c1929b81adc45e13ef2a18ea9332e241"}, "author": "", "url": "https://rg.ru/2016/10/01/policiia-ssha-obnarodovala-video-s-ubijstvom-bezoruzhnogo-afroamerikanca.html", "ord_in_thread": 0, "title": "Полиция США обнародовала видео с убийством безоружного афроамериканца", "locations": [], "entities": {"persons": [], "locations": [], "organizations": []}, "highlightText": "", "language": "russian", "persons": [], "text": "Рубрика: В мире Полиция США обнародовала видео с убийством безоружного афроамериканца \nПолиция города Эль-Кахон в американском штате Калифорния обнародовала видеозаписи, на которых запечатлено убийство полицейским безоружного афроамериканца Альфреда Оланго. Стражи порядка приняли электронную сигарету в его руках за оружие. ранее по теме В США полицейские убили чернокожего мужчину за электронную сигарету \nРанее сообщалось, что темнокожий мужчина, в которого выстрелили полицейские, прибывшие на вызов о человеке странного поведения в торговый центр города Эль-Кахон, от полученных ран скончался в больнице. \nНа распространенной видеозаписи, одна часть которой сделана с помощью мобильного телефона, а другая - камеры наружного наблюдения, видно, как полицейские приближаются к 38-летнему Оланго и после небольшой перепалки открывают по нему огонь. Один из стражей порядка использовал табельный пистолет, другой - электрошокер, передает РИА Новости . \nОпубликованное видео не дают ответа, что же было в руках у Оланго, так как его загородил один из полицейских, перед тем как раздались выстрелы. \nПосле убийства Оланго, который являлся выходцем из Уганды, в Эль-Кахоне прошли акции протеста, в них приняли участие десятки человек.", "external_links": [], "published": "2016-10-01T09:32:00.000+03:00", "crawled": "2016-10-01T04:52:21.462+03:00", "highlightTitle": ""}