{"organizations": [], "uuid": "247748dee2e415065ea03aafe80bb67ee92424db", "thread": {"social": {"gplus": {"shares": 0}, "pinterest": {"shares": 0}, "vk": {"shares": 0}, "linkedin": {"shares": 0}, "facebook": {"likes": 3, "shares": 3, "comments": 0}, "stumbledupon": {"shares": 0}}, "site_full": "rusvesna.su", "main_image": "http://rusvesna.su/sites/default/files/styles/487_256/public/antti_rinne.jpg?itok=qbJWR7Ai", "site_section": "http://rusvesna.su/rss.xml", "section_title": "Русская весна", "url": "http://rusvesna.su/news/1475409526", "country": "US", "domain_rank": 4346, "title": "Россия не посягает на нашу независимость, — финский оппозиционер", "performance_score": 0, "site": "rusvesna.su", "participants_count": 0, "title_full": "Россия не посягает на нашу независимость, — финский оппозиционер", "spam_score": 0.0, "site_type": "news", "published": "2016-10-02T19:58:00.000+03:00", "replies_count": 0, "uuid": "247748dee2e415065ea03aafe80bb67ee92424db"}, "author": "", "url": "http://rusvesna.su/news/1475409526", "ord_in_thread": 0, "title": "Россия не посягает на нашу независимость, — финский оппозиционер", "locations": [], "entities": {"persons": [], "locations": [], "organizations": []}, "highlightText": "", "language": "russian", "persons": [], "text": "Россия не посягает на нашу независимость, — финский оппозиционер 02.10.2016 - 14:58 \nПредседатель оппозиционной Социал-демократической партии (СДП) Антти Ринне заявил, что на финнов не стоит нагонять страх по поводу того, что Россия якобы угрожает независимости Финляндии, сообщает в воскресенье телерадиокомпания Yle. \nОтмечается, что таким образом известный политик прокомментировал недавний доклад финского Института международных отношений, в котором в частности говорится, что «Россия может оспорить независимость Финляндии». \n«Россия знает, какой ценой Финляндия добилась независимости», — отметил политик, не соглашаясь с прогнозами в докладе. \nПо словам лидера СДП, Россия под руководством президента Владимира Путина стремится вернуть себе статус великой мировой державы, отмечает Yle. \nГлава МИД Финляндии Тимо Сойни на этой неделе назвал российско-финские отношения хорошими. \nПрезидент РФ Владимир Путин по итогам переговоров с финским коллегой Саули Ниинистё 1 июля в Турку отметил, что Финляндия является для России приоритетным партнером, страны ведут диалог и активно сотрудничают в торгово-экономической сфере.  ", "external_links": [], "published": "2016-10-02T19:58:00.000+03:00", "crawled": "2016-10-02T16:06:48.437+03:00", "highlightTitle": ""}