{"organizations": [], "uuid": "7ecf915dbbc714153271eed032da9cc42d720838", "thread": {"social": {"gplus": {"shares": 0}, "pinterest": {"shares": 0}, "vk": {"shares": 0}, "linkedin": {"shares": 0}, "facebook": {"likes": 0, "shares": 0, "comments": 0}, "stumbledupon": {"shares": 0}}, "site_full": "tass.ru", "main_image": "http://tass.ru/images/tass_logo_share_ru.png", "site_section": "http://itar-tass.com/rss/all.xml", "section_title": "ТАСС", "url": "http://tass.ru/proisshestviya/3674705", "country": "RU", "domain_rank": 2671, "title": "Происшествия - Во Французских Альпах погиб экстремал из России", "performance_score": 0, "site": "tass.ru", "participants_count": 1, "title_full": "ТАСС: Происшествия - Во Французских Альпах погиб экстремал из России", "spam_score": 0.0, "site_type": "news", "published": "2016-10-04T03:26:00.000+03:00", "replies_count": 0, "uuid": "7ecf915dbbc714153271eed032da9cc42d720838"}, "author": "itar-tass.com", "url": "http://tass.ru/proisshestviya/3674705", "ord_in_thread": 0, "title": "Происшествия - Во Французских Альпах погиб экстремал из России", "locations": [], "entities": {"persons": [], "locations": [], "organizations": []}, "highlightText": "", "language": "russian", "persons": [], "text": "ПАРИЖ, 3 октября. /ТАСС/. Молодой человек из России погиб в понедельник во Французских Альпах во время выполнения прыжка в так называемом костюме-крыле (\"вингсьюте\"). Об этом сообщило агентство France-Presse .\nПо информации жандармерии, которую приводит AFP, погибший является гражданином России. Его точный возраст не установлен. Как сообщается, инцидент произошел из-за того, что парашют экстремала не раскрылся.\nСогласно предварительным данным, он выполнял прыжок с вершины Эгюий-дю-Миди (3,8 тыс. метров), расположенной в западной части массива Монблан.", "external_links": [], "published": "2016-10-04T03:26:00.000+03:00", "crawled": "2016-10-03T19:39:03.189+03:00", "highlightTitle": ""}