{"organizations": [], "uuid": "60e6b3b049fc90cfdf2ab56d9a4f65eeaf826d81", "thread": {"social": {"gplus": {"shares": 0}, "pinterest": {"shares": 0}, "vk": {"shares": 0}, "linkedin": {"shares": 0}, "facebook": {"likes": 1, "shares": 1, "comments": 0}, "stumbledupon": {"shares": 0}}, "site_full": "korrespondent.net", "main_image": "http://kor.ill.in.ua/m/190x120/1888470.jpg", "site_section": "http://k.img.com.ua/rss/ru/world.xml", "section_title": "Последние новости по разделу Новости мира на сайте korrespondent.net", "url": "http://korrespondent.net/world/3752785-papa-rymskyi-zastupylsia-za-heev-y-transseksualov", "country": "UA", "domain_rank": 2541, "title": "Папа римский заступился за геев и транссексуалов", "performance_score": 0, "site": "korrespondent.net", "participants_count": 1, "title_full": "Папа римский заступился за геев и транссексуалов", "spam_score": 0.0, "site_type": "news", "published": "2016-10-03T14:15:00.000+03:00", "replies_count": 0, "uuid": "60e6b3b049fc90cfdf2ab56d9a4f65eeaf826d81"}, "author": "1", "url": "http://korrespondent.net/world/3752785-papa-rymskyi-zastupylsia-za-heev-y-transseksualov", "ord_in_thread": 0, "title": "Папа римский заступился за геев и транссексуалов", "locations": [], "entities": {"persons": [], "locations": [], "organizations": []}, "highlightText": "", "language": "russian", "persons": [], "text": "Папа римский заступился за геев и транссексуалов Корреспондент.net, Сегодня, 09:15 При этом понтифик высказался против преподавания гендерной теории в школах. Папа римский Франциск заявил, что к гомосексуалистам и транссексуалам нужно проявлять уважение. Об этом сообщает Reuters . \"Если гей предстанет перед Христом, он не прогонит его со словами \"Уходи, потому что ты гомосексуалист\", - заявил понтифик, рассказав, что, будучи священником, епископом и папой, служил людям, которых привлекают представители своего пола, так же, как и обычным прихожанам. Глава католической церкви, однако, подверг критике гендерную теорию, подразумевающую, что люди могут сами относить себя к тому или иному полу, к обоим одновременно или вообще отказаться от определений. Понтифик назвал эту идею противоестественной и заявил, что в школах подобных теорий освещать не следует. \"Одно дело, когда мы говорим о человеке, у которого есть склонности или выбор. Человек может даже менять пол. И совсем другое дело - преподавать подобные вещи в школах с целью изменения мировосприятия. Я называю это идеологической колонизацией\", - заметил понтифик.", "external_links": [], "published": "2016-10-03T14:15:00.000+03:00", "crawled": "2016-10-03T09:21:32.578+03:00", "highlightTitle": ""}