{"organizations": [], "uuid": "ce4a63964348edf93bf30128f6b4615288a971ce", "thread": {"social": {"gplus": {"shares": 0}, "pinterest": {"shares": 0}, "vk": {"shares": 0}, "linkedin": {"shares": 0}, "facebook": {"likes": 2, "shares": 2, "comments": 0}, "stumbledupon": {"shares": 0}}, "site_full": "www.interfax.ru", "main_image": "http://www.interfax.ru/aspimg/530690.png", "site_section": "http://www.interfax.ru/rss.asp", "section_title": "Интерфакс", "url": "http://www.interfax.ru/business/530690", "country": "RU", "domain_rank": 4701, "title": "Минэкономразвития повысило экспортную пошлину на нефть", "performance_score": 0, "site": "interfax.ru", "participants_count": 0, "title_full": "Минэкономразвития повысило экспортную пошлину на нефть", "spam_score": 0.0, "site_type": "news", "published": "2016-10-01T07:53:00.000+03:00", "replies_count": 0, "uuid": "ce4a63964348edf93bf30128f6b4615288a971ce"}, "author": "", "url": "http://www.interfax.ru/business/530690", "ord_in_thread": 0, "title": "Минэкономразвития повысило экспортную пошлину на нефть", "locations": [], "entities": {"persons": [], "locations": [], "organizations": []}, "highlightText": "", "language": "russian", "persons": [], "text": "02:53, 1 октября 2016 Минэкономразвития повысило экспортную пошлину на нефть 30 сентября 20:15", "external_links": [], "published": "2016-10-01T07:53:00.000+03:00", "crawled": "2016-10-01T06:44:54.325+03:00", "highlightTitle": ""}