{"organizations": [], "uuid": "5358fa49ad63abdea038148700711f388b51a3a7", "thread": {"social": {"gplus": {"shares": 0}, "pinterest": {"shares": 0}, "vk": {"shares": 0}, "linkedin": {"shares": 0}, "facebook": {"likes": 0, "shares": 0, "comments": 0}, "stumbledupon": {"shares": 0}}, "site_full": "www.ntv.ru", "main_image": "http://img2.ntv.ru/home/news/20161002/park_sno.jpg", "site_section": "http://www.ntv.ru/exp/newsrss.jsp", "section_title": "НТВ. Новости", "url": "http://www.ntv.ru/novosti/1668040/?fb", "country": "RU", "domain_rank": 4110, "title": "Зарезавший московскую школьницу студент покончил с собой в парке", "performance_score": 0, "site": "ntv.ru", "participants_count": 0, "title_full": "Зарезавший московскую школьницу студент покончил с собой в парке", "spam_score": 0.0, "site_type": "news", "published": "2016-10-03T00:25:00.000+03:00", "replies_count": 0, "uuid": "5358fa49ad63abdea038148700711f388b51a3a7"}, "author": "", "url": "http://www.ntv.ru/novosti/1668040/?fb", "ord_in_thread": 0, "title": "Зарезавший московскую школьницу студент покончил с собой в парке", "locations": [], "entities": {"persons": [], "locations": [], "organizations": []}, "highlightText": "", "language": "russian", "persons": [], "text": "расследование убийства и покушения Как сообщили РИА Новости в ГСУ СК России по Москве, «недалеко от места убийства школьницы в Москве найдено тело подозреваемого в убийстве, он покончил с собой. По данным следователей, им оказался студент одного из столичных вузов. Ранее источники в правоохранительных органах заявляли, что предполагаемым убийцей школьницы мог стать студент из другого региона. При этом « Интерфакс » со ссылкой на свои источники сообщил о . Напомним, сегодня днем в парке на северо-западе Москвы было обнаружено тело девушки с ножевым ранением в шею . По факту убийства было возбуждено уголовное дело. По разным данным, девушке было 15 или 16", "external_links": [], "published": "2016-10-03T00:25:00.000+03:00", "crawled": "2016-10-02T21:28:57.657+03:00", "highlightTitle": ""}