{"organizations": [], "uuid": "f3b3e465a63aae48c4bffa6a2bf45d7a61e8a78d", "thread": {"social": {"gplus": {"shares": 0}, "pinterest": {"shares": 0}, "vk": {"shares": 0}, "linkedin": {"shares": 0}, "facebook": {"likes": 0, "shares": 0, "comments": 0}, "stumbledupon": {"shares": 0}}, "site_full": "feedback.hh.ru", "main_image": "", "site_section": "http://feedback.hh.ru/topics/rss", "section_title": "Новые темы в сообществе Сообщество поддержки", "url": "http://feedback.hh.ru/idea/details/id/77296", "country": "RU", "domain_rank": 926, "title": "Возможность выставить фильтр по станции метро в Москве", "performance_score": 0, "site": "hh.ru", "participants_count": 1, "title_full": "Возможность выставить фильтр по станции метро в Москве", "spam_score": 0.0, "site_type": "news", "published": "2016-10-03T06:04:00.000+03:00", "replies_count": 0, "uuid": "f3b3e465a63aae48c4bffa6a2bf45d7a61e8a78d"}, "author": "Ярославна Ефремова", "url": "http://feedback.hh.ru/idea/details/id/77296", "ord_in_thread": 0, "title": "Возможность выставить фильтр по станции метро в Москве", "locations": [], "entities": {"persons": [], "locations": [], "organizations": []}, "highlightText": "", "language": "russian", "persons": [], "text": "Возможность выставить фильтр по станции метро в Москве \nЗдравствуйте, Переехала жить из Москвы в Красногорский район Московской области. Ищу работу недалеко от места жительства. Очень тяжело ориентироваться в тысячах вакансий на Вашем сайте без возможности отфильтровать по географическому признаку более подробно. Поскольку вакансий в Красногорском районе гораздо меньше и уровень зарплат ощутимо ниже, чем в Москве, приходится искать вакансии и в Москве. Но Москва - огромный город. Ни в каждый район есть смысл ездить на работу из Подмосковья, особенно когда ты семейный человек, мать и жена - буду проводить всю жизнь в пути, даже более высокая зарплата не окупит потраченного времени. Например, мне подходят вакансии компаний, находящихся недалеко ТОЛЬКО от четырёх станций метро: Крылатское, Митино, Строгино и Мякинино, до которых я ещё могу доехать хотя бы в течение +/- часа. Пытаюсь выставить фильтр на эти станции - сайт не даёт такой возможности. Без такого фильтра можно просто \"утонуть\" в море вакансий, просмотр большей части которых будет бесполезен. Уверена, многие соискатели были бы признательны Вашему сайту, если бы такая возможность появилась. Благодарю за возможность выразить пожелание. С уважением,", "external_links": [], "published": "2016-10-03T06:04:00.000+03:00", "crawled": "2016-10-03T08:38:23.927+03:00", "highlightTitle": ""}