{"organizations": [], "uuid": "5cba7b3eb1db69edd7018bf91f1fb639923a89de", "thread": {"social": {"gplus": {"shares": 0}, "pinterest": {"shares": 0}, "vk": {"shares": 0}, "linkedin": {"shares": 0}, "facebook": {"likes": 0, "shares": 0, "comments": 0}, "stumbledupon": {"shares": 0}}, "site_full": "news.rambler.ru", "main_image": "https://news.rambler.ru/share/snippets/34871834/a1760d6869996fe41a7b689b2765eeba.png", "site_section": "http://news.rambler.ru/rss/USA/", "section_title": "США — Рамблер/новости", "url": "https://news.rambler.ru/cis/34871834-polk-azov-sobirayutsya-prevratit-v-legalnuyu-politicheskuyu-partiyu-ukrainy/", "country": "RU", "domain_rank": 289, "title": "Полк «Азов» собираются превратить в легальную политическую партию Украины", "performance_score": 0, "site": "rambler.ru", "participants_count": 1, "title_full": "Полк «Азов» собираются превратить в легальную политическую партию Украины", "spam_score": 0.0, "site_type": "news", "published": "2016-10-01T09:47:00.000+03:00", "replies_count": 0, "uuid": "5cba7b3eb1db69edd7018bf91f1fb639923a89de"}, "author": "Федеральное агентство новостей", "url": "https://news.rambler.ru/cis/34871834-polk-azov-sobirayutsya-prevratit-v-legalnuyu-politicheskuyu-partiyu-ukrainy/", "ord_in_thread": 0, "title": "Полк «Азов» собираются превратить в легальную политическую партию Украины", "locations": [], "entities": {"persons": [], "locations": [], "organizations": []}, "highlightText": "", "language": "russian", "persons": [], "text": "Фото: Федеральное агентство новостей Киев, 1 октября. Новая партия Украины с ультраправой идеологией будет презентована через две недели, ее должен возглавить бывший командир добровольческого полка «Азов» Андрей Билецкий. «Это будет державная партия, националистическая. Я никогда этого не скрывал и глубоко убежден, что повестка будущего — повестка завтрашнего дня во всем мире — правая, националистическая. И это не симптом мирового кризиса, а ответ на него», — цитирует Билецкого издание «Лига. net». По словам руководителя, название партии еще не придумано. Билецкий утверждает, что в символике партии не будет прямой связи с «Азовом», поскольку военно-политические движения он считает устаревшими. Это неполный текст новости", "external_links": [], "published": "2016-10-01T09:47:00.000+03:00", "crawled": "2016-10-01T08:45:19.382+03:00", "highlightTitle": ""}