{"organizations": [], "uuid": "bf19e4638dc6572aaba30266d2d1ddba0412c249", "thread": {"social": {"gplus": {"shares": 0}, "pinterest": {"shares": 0}, "vk": {"shares": 0}, "linkedin": {"shares": 0}, "facebook": {"likes": 1, "shares": 1, "comments": 0}, "stumbledupon": {"shares": 0}}, "site_full": "russian.rt.com", "main_image": "https://russian.rt.com/static/blocks/og-img/pl-16.jpg", "site_section": "http://russian.rt.com/rss/", "section_title": "RT на русском", "url": "https://russian.rt.com/article/323883-minoborony-za-sutki-zafiksirovano-71-narushenie-peremiriya", "country": "US", "domain_rank": 538, "title": "Минобороны: за сутки зафиксировано 71 нарушение перемирия в Сирии", "performance_score": 0, "site": "rt.com", "participants_count": 1, "title_full": "Минобороны: за сутки зафиксировано 71 нарушение перемирия в Сирии", "spam_score": 0.0, "site_type": "news", "published": "2016-10-02T04:34:00.000+03:00", "replies_count": 0, "uuid": "bf19e4638dc6572aaba30266d2d1ddba0412c249"}, "author": "RT на русском", "url": "https://russian.rt.com/article/323883-minoborony-za-sutki-zafiksirovano-71-narushenie-peremiriya", "ord_in_thread": 0, "title": "Минобороны: за сутки зафиксировано 71 нарушение перемирия в Сирии", "locations": [], "entities": {"persons": [], "locations": [], "organizations": []}, "highlightText": "", "language": "russian", "persons": [], "text": "1 октября 2016, 23:34 За сутки в ряде сирийских провинций зафиксировано 71 нарушение режима прекращения боевых действий. \nОб этом говорится в информационном бюллетене российского Центра по примирению, опубликованном на сайте Министерства обороны России. \n«За сутки зафиксировано 71 нарушение режима прекращения боевых действий со стороны незаконных вооружённых формирований в провинциях Алеппо (45), Дамаск (18), Латакия (5) и Хама (3)», — заявили в ведомстве. \nВ течение суток подписаны соглашения о примирении с представителями пяти населённых пунктов в провинциях Латакия (3) и Хомс (2). Количество населённых пунктов, присоединившихся к процессу примирения, увеличилось до 694. Подписывайтесь на наш Telegram , чтобы быть в курсе самых важных новостей. Для этого достаточно иметь Telegram на любом устройстве, пройти по ссылке и нажать кнопку Join.", "external_links": [], "published": "2016-10-02T04:34:00.000+03:00", "crawled": "2016-10-02T00:11:44.227+03:00", "highlightTitle": ""}