{"organizations": [], "uuid": "51154a2b522754561060d5814167ac99e24fdc55", "thread": {"social": {"gplus": {"shares": 0}, "pinterest": {"shares": 0}, "vk": {"shares": 0}, "linkedin": {"shares": 0}, "facebook": {"likes": 0, "shares": 0, "comments": 0}, "stumbledupon": {"shares": 0}}, "site_full": "www.segodnya.ua", "main_image": "http://sport.segodnya.ua/img/article/7566/51_main.jpg", "site_section": "http://www.segodnya.ua/xml/rss/specials.html", "section_title": "СЕГОДНЯ | Самые актуальные новости, мнения, комментарии", "url": "http://www.segodnya.ua/football/eks-trener-sbornoy-italii-prandelli-vozglavil-valensiyu-756651.html", "country": "UA", "domain_rank": 5884, "title": "Экс-тренер сборной Италии Пранделли возглавил \"Валенсию\"", "performance_score": 0, "site": "segodnya.ua", "participants_count": 0, "title_full": "Экс-тренер сборной Италии Пранделли возглавил \"Валенсию\"", "spam_score": 0.0, "site_type": "news", "published": "2016-10-02T01:50:00.000+03:00", "replies_count": 0, "uuid": "51154a2b522754561060d5814167ac99e24fdc55"}, "author": "", "url": "http://www.segodnya.ua/football/eks-trener-sbornoy-italii-prandelli-vozglavil-valensiyu-756651.html", "ord_in_thread": 0, "title": "Экс-тренер сборной Италии Пранделли возглавил \"Валенсию\"", "locations": [], "entities": {"persons": [], "locations": [], "organizations": []}, "highlightText": "", "language": "russian", "persons": [], "text": "× E-mail: Экс-тренер сборной Италии Пранделли возглавил \"Валенсию\" http://www.segodnya.ua/img/article/7566/51_main.jpg http://www.segodnya.ua/img/article/7566/51_tn.jpg 2016-10-01T20:50:35+03:00 Футбол Итальянец Чезаре Пранделли назначен главным тренером испанской \"Валенсии\" Чезаре Пранделли возглавил \"Валенсию\". Фото valenciacf.com Экс-тренер сборной Италии Пранделли возглавил \"Валенсию\" Итальянец Чезаре Пранделли назначен главным тренером испанской \"Валенсии\" Бывший главный тренер сборной Италии Чезаре Пранделли назначен главным тренером \"Валенсии\". Пранделли подписал с \"Валенсией\" контракт до 30 июня 2018 года. \"Валенсия\" 20 сентября рассталась с главным тренером Пако Аестараном. Исполняющим обязанности рулевого команды был назначен известный в прошлом футболист \"летучих мышей\" Сальвадор Гонсалес, более известный как Воро. После шести туров \"Валенсия\" с 6 очками занимает 15-е место в турнирной таблице Примеры. Пранделли известен по работе со сборной Италии. Вместе с национальной командой он стал обладателем серебра чемпионата Европы-2012 и бронзы Кубка конфедераций-2013. Последним местом работы итальянца был турецкий \"Галатасарай\", который он покинул в ноябре 2014 года. <>", "external_links": [], "published": "2016-10-02T01:50:00.000+03:00", "crawled": "2016-10-01T20:52:03.994+03:00", "highlightTitle": ""}