{"organizations": [], "uuid": "b9d87e4ed97c261ad7baa69a7b79f550549925b9", "thread": {"social": {"gplus": {"shares": 0}, "pinterest": {"shares": 0}, "vk": {"shares": 0}, "linkedin": {"shares": 0}, "facebook": {"likes": 0, "shares": 0, "comments": 0}, "stumbledupon": {"shares": 0}}, "site_full": "telegraf.com.ua", "main_image": "http://telegraf.com.ua/files/2016/10/d-Garbine-Muguruza-567x309.jpg", "site_section": "http://telegraf.com.ua/yandex-feed", "section_title": "ТЕЛЕГРАФ - последние новости Украины и мира", "url": "http://telegraf.com.ua/sport-cat/tennis-category/2874221-mugurusa-inogda-ya-mogu-igrat-agressivno.html", "country": "UA", "domain_rank": 1750, "title": "Мугуруса: Иногда я могу играть агрессивно", "performance_score": 0, "site": "telegraf.com.ua", "participants_count": 0, "title_full": "Мугуруса: Иногда я могу играть агрессивно", "spam_score": 0.0, "site_type": "news", "published": "2016-10-03T22:17:00.000+03:00", "replies_count": 0, "uuid": "b9d87e4ed97c261ad7baa69a7b79f550549925b9"}, "author": "", "url": "http://telegraf.com.ua/sport-cat/tennis-category/2874221-mugurusa-inogda-ya-mogu-igrat-agressivno.html", "ord_in_thread": 0, "title": "Мугуруса: Иногда я могу играть агрессивно", "locations": [], "entities": {"persons": [], "locations": [], "organizations": []}, "highlightText": "", "language": "russian", "persons": [], "text": "championat.com Испанка Гарбинье Мугуруса рассказала, как настраивалась на матч второго круга турнира в Пекине с Юлией Путинцевой из Казахстана. \n22-летняя уроженка Каракаса оказалась сильнее со счётом 6:2, 7:6 (7:5). «Я была сосредоточена на себе. Я знала, что Юлия — настоящий боец, она выходит на корт и сражается за каждое очко. Я сказала себе: „Хорошо, она постарается сделать этот матч очень трудным для меня, но нужно сосредоточиться на себе. Я должна контролировать ход игры. \nУ нас разные школы тенниса. Я из Испании. Это совершенно другое. Иногда я могу играть агрессивно, а затем сбавлять напор. Она же всё время агрессивна. Но мы обе стараемся идти в атаку. Я хочу контролировать ситуацию, она тоже. Так что на корте получается настоящая битва“, — цитирует Мугурусу пресс-служба турнира.", "external_links": [], "published": "2016-10-03T22:17:00.000+03:00", "crawled": "2016-10-03T17:35:46.637+03:00", "highlightTitle": ""}