{"organizations": [], "uuid": "a834422bb30af117e561507c8da44f0847b00603", "thread": {"social": {"gplus": {"shares": 0}, "pinterest": {"shares": 0}, "vk": {"shares": 0}, "linkedin": {"shares": 0}, "facebook": {"likes": 0, "shares": 0, "comments": 0}, "stumbledupon": {"shares": 0}}, "site_full": "www.championat.com", "main_image": "https://img.championat.com/news2/social/7/06/2594360.jpg", "site_section": "http://www.championat.com/xml/rss.xml", "section_title": "Чемпионат.com  (новости)", "url": "https://www.championat.com/basketball/news-2594360-korstin-match-vseh-zvjozd-projdjot-v-sochi-na-arene-bolshoj-11-fevralja.html", "country": "RU", "domain_rank": 1710, "title": "Корстин: Матч всех звёзд пройдёт в Сочи на арене «Большой» 11 февраля", "performance_score": 0, "site": "championat.com", "participants_count": 0, "title_full": "Корстин: Матч всех звёзд пройдёт в Сочи на арене «Большой» 11 февраля", "spam_score": 0.0, "site_type": "news", "published": "2016-10-01T04:31:00.000+03:00", "replies_count": 0, "uuid": "a834422bb30af117e561507c8da44f0847b00603"}, "author": "", "url": "https://www.championat.com/basketball/news-2594360-korstin-match-vseh-zvjozd-projdjot-v-sochi-na-arene-bolshoj-11-fevralja.html", "ord_in_thread": 0, "title": "Корстин: Матч всех звёзд пройдёт в Сочи на арене «Большой» 11 февраля", "locations": [], "entities": {"persons": [], "locations": [], "organizations": []}, "highlightText": "", "language": "russian", "persons": [], "text": "Корстин: Матч всех звёзд пройдёт в Сочи на арене «Большой» 11 февраля 30 сентября 2016, пятница. 23:31. Баскетбол Генеральный директор Единой лиги ВТБ Илона Корстин рассказала о предстоящем Матче всех звёзд и дате и месте его проведения. «Мы планируем, что Матч всех звёзд пройдёт в Сочи на арене „Большой“, но это пока не окончательное решение. Дата матча – суббота, 11 февраля. Мы работали именно над этой датой – 11 февраля – вместе с Евролигой и ЦСКА, так как «армейцы» должны играть дома 10 февраля дома против „Црвены Звезды“. Мы все вместе проделали работу, чтобы сместить этот матч на 9-е число. Благодарю все стороны, что удалось согласовать дату Матча всех звёзд на 11 февраля», — приводит слова Корстин «Р-Спорт».", "external_links": [], "published": "2016-10-01T04:31:00.000+03:00", "crawled": "2016-10-01T00:04:35.880+03:00", "highlightTitle": ""}