{"organizations": [], "uuid": "f0c892b95bd6ec2fe8b788ae7216602630fa3325", "thread": {"social": {"gplus": {"shares": 0}, "pinterest": {"shares": 0}, "vk": {"shares": 0}, "linkedin": {"shares": 0}, "facebook": {"likes": 0, "shares": 0, "comments": 0}, "stumbledupon": {"shares": 0}}, "site_full": "news.bigmir.net", "main_image": "http://bm.img.com.ua/berlin/storage/news/orig/6/16/1a3a677ffbfe65037d2a3a96de02c166.jpg", "site_section": "http://news.bigmir.net/?_ctr=rss", "section_title": "Новости - Главная", "url": "http://news.bigmir.net/ukraine/1029248-Okkupanty-na-Donbasse-provodjat-prajmeriz", "country": "UA", "domain_rank": 3864, "title": "Оккупанты на Донбассе проводят праймериз", "performance_score": 0, "site": "bigmir.net", "participants_count": 0, "title_full": "Оккупанты на Донбассе проводят праймериз", "spam_score": 0.0, "site_type": "news", "published": "2016-10-02T17:32:00.000+03:00", "replies_count": 0, "uuid": "f0c892b95bd6ec2fe8b788ae7216602630fa3325"}, "author": "", "url": "http://news.bigmir.net/ukraine/1029248-Okkupanty-na-Donbasse-provodjat-prajmeriz", "ord_in_thread": 0, "title": "Оккупанты на Донбассе проводят праймериз", "locations": [], "entities": {"persons": [], "locations": [], "organizations": []}, "highlightText": "", "language": "russian", "persons": [], "text": "Оккупанты на Донбассе проводят праймериз 45 мин назад В ДНР и ЛНР проходит предварительно голосование. Боевики ДНР и ЛНР проводят праймериз novosti.dn.ua \nВ воскресенье, 2 октября, на неподконтрольной Украине территории Донбасса боевики проводят предварительное голосование за кандидатов на местных выборах. Читай также: Геращенко: Никаких выборов в оккупированных регионах пока быть не может \nПо словам главаря боевиков ДНР Захарченко, праймериз проводят для того, чтобы на будущих выборах победу одержали нынешние кандидаты, а не покинувшие оккупированную территорию. \nКак сообщает издание Новости Донбасса , участки в Луганске и Донецке открылись в 8.00 и будут работать до 20.00. Желающих проголосовать за сепаратистов немного и в основном - это люди пенсионного возраста. \nНапомним, Петр Порошенко заявил, что Украина не станет проводить выборов на Донбассе , пока Россия не выполнит свою часть обязательств по безопасности, указанных в Минске-2. \nСмотри также - Штайнмайер призвал продолжить работу над законом о местных выборах на Донбассе: Встреча Яценюка и Штайнмайера", "external_links": [], "published": "2016-10-02T17:32:00.000+03:00", "crawled": "2016-10-02T13:24:45.153+03:00", "highlightTitle": ""}