{"organizations": [], "uuid": "7effe802723305ba3d5a79db20b6978b0a766730", "thread": {"social": {"gplus": {"shares": 0}, "pinterest": {"shares": 0}, "vk": {"shares": 0}, "linkedin": {"shares": 0}, "facebook": {"likes": 0, "shares": 0, "comments": 0}, "stumbledupon": {"shares": 0}}, "site_full": "www.novayagazeta.ru", "main_image": "http://www.novayagazeta.ru/storage/c/2016/10/01/1475310310_451949_47.png", "site_section": "http://www.novayagazeta.ru/rss/news.xml", "section_title": "Новости - Новая Газета", "url": "http://www.novayagazeta.ru/news/1707531.html", "country": "RU", "domain_rank": 6902, "title": "Песков назвал провальным следствие по крушению «Боинга» на Донбассе", "performance_score": 0, "site": "novayagazeta.ru", "participants_count": 0, "title_full": "Песков назвал провальным следствие по крушению «Боинга» на Донбассе", "spam_score": 0.0, "site_type": "news", "published": "2016-10-01T16:24:00.000+03:00", "replies_count": 0, "uuid": "7effe802723305ba3d5a79db20b6978b0a766730"}, "author": "", "url": "http://www.novayagazeta.ru/news/1707531.html", "ord_in_thread": 0, "title": "Песков назвал провальным следствие по крушению «Боинга» на Донбассе", "locations": [], "entities": {"persons": [], "locations": [], "organizations": []}, "highlightText": "", "language": "russian", "persons": [], "text": "01.10.2016 Теги: боинг , донбасс , песков \nПресс-секретарь президента России Дмитрий Песков в интервью «Первому каналу» прокомментировал итоги расследования международной следственной группы по крушению «Боинга» на Донбассе. \n«Следствие нельзя вести, исходя из парадигмы, когда через несколько минут после трагедии на официальном уровне в известных странах выступают и говорят, что виновата Россия», — сказал Песков. \nПо словам пресс-секретаря, «если вести следствие, исходя из этой парадигмы, оно обречено на необъективность, оно обречено на провал». \nВ среду, 28 сентября, международная следственная группа представила официальные итоги расследования о крушении «Боинга». Эксперты доказали, что самолет был сбит из поселка Первомайский, который контролировался сепаратистами, а «Бук» был доставлен туда с территории России. \nВ ответ на это Минобороны России заявило , что зенитные ракетные комплексы никогда не пересекали границу России и Украины. Ведомство поставило под сомнение выводы следственной группы. \n«Боинга» также прокомментировала официальный представитель МИД Мария Захарова. Она назвала его предвзятым и политически мотивированным. \n«Малайзийские авиалинии», выполнявший рейс MH17 из Амстердама (Нидерланды) в Куала-Лумпур (Малайзия), разбился 17 июля 2014 года на востоке Донецкой области. Погибли 283 пассажира и 15 членов экипажа — граждане десяти государств.", "external_links": [], "published": "2016-10-01T16:24:00.000+03:00", "crawled": "2016-10-01T12:55:55.142+03:00", "highlightTitle": ""}