{"organizations": [], "uuid": "73a4ac5364340e185f67a4ffff72cfd348c26199", "thread": {"social": {"gplus": {"shares": 0}, "pinterest": {"shares": 0}, "vk": {"shares": 0}, "linkedin": {"shares": 0}, "facebook": {"likes": 0, "shares": 0, "comments": 0}, "stumbledupon": {"shares": 0}}, "site_full": "www.aif.ru", "main_image": "http://images.aif.ru/010/129/45e1eda0fac62c0d937bab2559cb94a6.jpg", "site_section": "http://www.aif.ru/rss/all.php", "section_title": "Аргументы и Факты", "url": "http://www.aif.ru/politics/world/premer-ministr_yaponii_vstretilsya_s_vice-premerom_rossii_dvorkovichem", "country": "RU", "domain_rank": 3127, "title": "Премьер-министр Японии встретился с вице-премьером России Дворковичем", "performance_score": 0, "site": "aif.ru", "participants_count": 0, "title_full": "Премьер-министр Японии встретился с вице-премьером России Дворковичем", "spam_score": 0.0, "site_type": "news", "published": "2016-10-02T10:32:00.000+03:00", "replies_count": 0, "uuid": "73a4ac5364340e185f67a4ffff72cfd348c26199"}, "author": "", "url": "http://www.aif.ru/politics/world/premer-ministr_yaponii_vstretilsya_s_vice-premerom_rossii_dvorkovichem", "ord_in_thread": 0, "title": "Премьер-министр Японии встретился с вице-премьером России Дворковичем", "locations": [], "entities": {"persons": [], "locations": [], "organizations": []}, "highlightText": "", "language": "russian", "persons": [], "text": "Премьер-министр Японии встретился с вице-премьером России Дворковичем Заместитель председателя правительства представляет РФ на международном форуме в Киото Синдзо Абэ © / Foreign and Commonwealth Office / Flickr.com Москва, 2 октября - АиФ-Москва. \nПремьер-министр Японии Синдзо Абэ провел встречу с вице-премьером России Аркадием Дворковичем, сообщает РИА Новости . \nСообщается, что политики встретились на полях международного форума «Наука и технологии в обществе». Мероприятие проходит в японском Киото. Аркадий Дворкович на нем представляет Россию. Помимо него, в российскую делегацию входит президент Татарстана Рустам Манниханов. \nПодробности встречи Абэ и Дворковича пока не сообщаются.", "external_links": [], "published": "2016-10-02T10:32:00.000+03:00", "crawled": "2016-10-02T05:40:24.143+03:00", "highlightTitle": ""}