{"organizations": [], "uuid": "2771e4653a12828fc5fc9177eadf05c97e2a3c1a", "thread": {"social": {"gplus": {"shares": 0}, "pinterest": {"shares": 0}, "vk": {"shares": 0}, "linkedin": {"shares": 0}, "facebook": {"likes": 1, "shares": 1, "comments": 0}, "stumbledupon": {"shares": 0}}, "site_full": "www.championat.com", "main_image": "https://img.championat.com/news2/social/9/9c/2595098.jpg", "site_section": "http://www.championat.com/xml/rss.xml", "section_title": "Чемпионат.com  (новости)", "url": "https://www.championat.com/auto/news-2595098-alonso-finish-v-ochkah---ambicioznaja-no-vsjo-eschjo-dostizhimaja-cel.html", "country": "RU", "domain_rank": 1710, "title": "Алонсо: финиш в очках — амбициозная, но всё ещё достижимая цель", "performance_score": 0, "site": "championat.com", "participants_count": 0, "title_full": "Алонсо: финиш в очках — амбициозная, но всё ещё достижимая цель", "spam_score": 0.0, "site_type": "news", "published": "2016-10-02T00:41:00.000+03:00", "replies_count": 0, "uuid": "2771e4653a12828fc5fc9177eadf05c97e2a3c1a"}, "author": "", "url": "https://www.championat.com/auto/news-2595098-alonso-finish-v-ochkah---ambicioznaja-no-vsjo-eschjo-dostizhimaja-cel.html", "ord_in_thread": 0, "title": "Алонсо: финиш в очках — амбициозная, но всё ещё достижимая цель", "locations": [], "entities": {"persons": [], "locations": [], "organizations": []}, "highlightText": "", "language": "russian", "persons": [], "text": "Алонсо: финиш в очках — амбициозная, но всё ещё достижимая цель  41. Авто Гонщик «Макларена» Фернандо Алонсо , стартующий на Гран-при Малайзии последним после очередной замены элементов двигателя, выразил надежду, что сумеет провести сильную гонку, с большим числом обгонов. «Определённо, мы с нетерпением ждём прорыва в гонке. Вчера машина хорошо отзывалась, мы были пятыми и седьмыми на практиках, так что в этот уик-энд хорошие ощущения. Завтра будет возможность использовать свежие шины и раскрыть потенциал машины, так что мы попробуем провести хорошую гонку. Думаю, финиш в очках — амбициозная, но всё ещё достижимая цель, в зависимости от того, что случится впереди нас и как сложатся первые круги. Думаю, мы готовы насладиться гонкой, потому что темп есть, а использование свежих покрышек, надеюсь, поможет нам отыграть места», — приводит слова Алонсо F1i.", "external_links": [], "published": "2016-10-02T00:41:00.000+03:00", "crawled": "2016-10-01T19:50:26.027+03:00", "highlightTitle": ""}