{"organizations": [], "uuid": "f0d7364807beb17be9ce16a153dcb9bed391c75e", "thread": {"social": {"gplus": {"shares": 0}, "pinterest": {"shares": 0}, "vk": {"shares": 0}, "linkedin": {"shares": 0}, "facebook": {"likes": 0, "shares": 0, "comments": 0}, "stumbledupon": {"shares": 0}}, "site_full": "www.championat.com", "main_image": "https://img.championat.com/news2/social/2/e1/2596042.jpg", "site_section": "http://www.championat.ru/xml/rss_tennis.xml", "section_title": "Чемпионат.com Теннис (новости)", "url": "https://www.championat.com/tennis/news-2596042-pennetta-letom-mne-dazhe-udalos-ustroit-sebe-otpusk---ranshe-takogo-ne-bylo.html", "country": "RU", "domain_rank": 1710, "title": "Пеннетта: летом мне даже удалось устроить себе отпуск — раньше такого не было", "performance_score": 0, "site": "championat.com", "participants_count": 0, "title_full": "Пеннетта: летом мне даже удалось устроить себе отпуск — раньше такого не было", "spam_score": 0.0, "site_type": "news", "published": "2016-10-03T00:25:00.000+03:00", "replies_count": 0, "uuid": "f0d7364807beb17be9ce16a153dcb9bed391c75e"}, "author": "", "url": "https://www.championat.com/tennis/news-2596042-pennetta-letom-mne-dazhe-udalos-ustroit-sebe-otpusk---ranshe-takogo-ne-bylo.html", "ord_in_thread": 0, "title": "Пеннетта: летом мне даже удалось устроить себе отпуск — раньше такого не было", "locations": [], "entities": {"persons": [], "locations": [], "organizations": []}, "highlightText": "", "language": "russian", "persons": [], "text": "Пеннетта: летом мне даже удалось устроить себе отпуск — раньше такого не было   19:25. Теннис Победительница US Open-2015 итальянка Флавия Пеннетта рассказала, как прошёл её первый год после завершения карьеры. «Сейчас я больше домохозяйка: убираю, хожу по магазинам, готовлю, в общем, делаю всё то, чем раньше не занималась. Много времени провожу со своей семьёй, со своими дедушками. В течение года я ни разу не задумывалась над тем, чтобы вернуться, – это значит я счастлива. Может быть, когда-то я стану тренером. Но сейчас я провожу время с семьёй. Летом мне даже удалось устроить себе отпуск, чего раньше никогда не было. Я могу делать обычные вещи, которые для теннисистов не такие уж и обычные», — приводит слова Пеннетты Tennis World.", "external_links": [], "published": "2016-10-03T00:25:00.000+03:00", "crawled": "2016-10-02T19:29:10.747+03:00", "highlightTitle": ""}