{"organizations": [], "uuid": "8ebbc050c0a97d58d4da40b99d61d25217c8783a", "thread": {"social": {"gplus": {"shares": 0}, "pinterest": {"shares": 0}, "vk": {"shares": 0}, "linkedin": {"shares": 0}, "facebook": {"likes": 0, "shares": 0, "comments": 0}, "stumbledupon": {"shares": 0}}, "site_full": "news.rambler.ru", "main_image": "https://news.rambler.ru/share/snippets/34825357/3bc54431312a2b0e0632fa58d09de94a.png", "site_section": "http://news.rambler.ru/rss/economics/", "section_title": "Экономика — Рамблер/новости", "url": "https://news.rambler.ru/scitech/34825357-google-vo-vtornik-predstavit-smartfony-pod-sobstvennym-brendom/", "country": "RU", "domain_rank": 289, "title": "Google во вторник представит смартфоны под собственным брендом", "performance_score": 0, "site": "rambler.ru", "participants_count": 1, "title_full": "Google во вторник представит смартфоны под собственным брендом", "spam_score": 0.0, "site_type": "news", "published": "2016-10-03T20:38:00.000+03:00", "replies_count": 0, "uuid": "8ebbc050c0a97d58d4da40b99d61d25217c8783a"}, "author": "Интерфакс-Азербайджан", "url": "https://news.rambler.ru/scitech/34825357-google-vo-vtornik-predstavit-smartfony-pod-sobstvennym-brendom/", "ord_in_thread": 0, "title": "Google во вторник представит смартфоны под собственным брендом", "locations": [], "entities": {"persons": [], "locations": [], "organizations": []}, "highlightText": "", "language": "russian", "persons": [], "text": "Фото: Вести.Ру Google Inc. во вторник представит собственные смартфоны, которые станут первыми продуктами нового подразделения по выпуску аппаратного обеспечения, созданного компанией ранее в этом году, пишет газета The Wall Street Journal. Новые гаджеты, дизайн которых был разработан непосредственно Google, будут выпускаться по брендом Google. Компания проведет во вторник мероприятие в Сан-Франциско, чтобы представить новые смартфоны. В прошлом Google в основном производила устройства лишь для демонстрации собственного программного обеспечения и сервисов другим технологическим компаниям, которые уже создавали масс-маркет для ее технологий.  ", "external_links": [], "published": "2016-10-03T20:38:00.000+03:00", "crawled": "2016-10-03T18:09:57.310+03:00", "highlightTitle": ""}