{"organizations": [], "uuid": "bc7eb4dc2fedf3dc2e8b016ea498da8b7b41752e", "thread": {"social": {"gplus": {"shares": 0}, "pinterest": {"shares": 0}, "vk": {"shares": 0}, "linkedin": {"shares": 0}, "facebook": {"likes": 0, "shares": 0, "comments": 0}, "stumbledupon": {"shares": 0}}, "site_full": "news.rambler.ru", "main_image": "https://news.rambler.ru/share/snippets/34890780/ec8bb707d0f8782060e393af80694408.png", "site_section": "http://news.rambler.ru/rss/politics/", "section_title": "Политика — Рамблер/новости", "url": "https://news.rambler.ru/politics/34890780-putin-pribyl-v-astanu/", "country": "RU", "domain_rank": 289, "title": "Путин прибыл в Астану", "performance_score": 0, "site": "rambler.ru", "participants_count": 1, "title_full": "Путин прибыл в Астану", "spam_score": 0.0, "site_type": "news", "published": "2016-10-04T04:31:00.000+03:00", "replies_count": 0, "uuid": "bc7eb4dc2fedf3dc2e8b016ea498da8b7b41752e"}, "author": "РИА Новости", "url": "https://news.rambler.ru/politics/34890780-putin-pribyl-v-astanu/", "ord_in_thread": 0, "title": "Путин прибыл в Астану", "locations": [], "entities": {"persons": [], "locations": [], "organizations": []}, "highlightText": "", "language": "russian", "persons": [], "text": "Фото: РИА Новости Президент России Владимир Путин прибыл в казахстанскую столицу Астану, где встретится президентом республики Нурсултаном Назарбаевым и примет участие в Форуме межрегионального сотрудничества. Как сообщали ранее в Кремле, лидеры двух государств обсудят актуальные вопросы двусторонних отношений и интеграционного взаимодействия в рамках Евразийского экономического союза и других региональных объединений. По завершении встречи Путин и Назарбаев выступят на Российско-казахстанском бизнес-форуме с участием крупнейших предпринимателей двух стран. Затем главы государств примут участие в работе XIII Форума межрегионального сотрудничества России и Казахстана, основная тема которого – \"Развитие транспортно-логистического потенциала Евразийского пространства\". \"В повестке дня также вопросы дальнейшего сокращения торговых барьеров между двумя странами, сотрудничество в области туризма. Среди участников – руководители ключевых министерств и ведомств, главы субъектов Российской Федерации и областей Казахстана\", — говорится в сообщении пресс-службы Кремля. По завершении работы в Казахстане во вторник Путин вылетит в Россию.", "external_links": [], "published": "2016-10-04T04:31:00.000+03:00", "crawled": "2016-10-04T00:24:19.313+03:00", "highlightTitle": ""}