{"organizations": [], "uuid": "44ac87b45b4445e30f28df13330bb5800398e1ad", "thread": {"social": {"gplus": {"shares": 16}, "pinterest": {"shares": 0}, "vk": {"shares": 0}, "linkedin": {"shares": 0}, "facebook": {"likes": 14, "shares": 14, "comments": 0}, "stumbledupon": {"shares": 0}}, "site_full": "rusvesna.su", "main_image": "http://rusvesna.su/sites/default/files/styles/487_256/public/azarov_12.jpg?itok=L8QubLsh", "site_section": "http://rusvesna.su/rss.xml", "section_title": "Русская весна", "url": "http://rusvesna.su/recent_opinions/1475430757", "country": "US", "domain_rank": 4346, "title": "Все проблемы Украины вызваны политикой ограбления народа, — Азаров", "performance_score": 0, "site": "rusvesna.su", "participants_count": 0, "title_full": "Все проблемы Украины вызваны политикой ограбления народа, — Азаров", "spam_score": 0.0, "site_type": "news", "published": "2016-10-03T05:48:00.000+03:00", "replies_count": 0, "uuid": "44ac87b45b4445e30f28df13330bb5800398e1ad"}, "author": "", "url": "http://rusvesna.su/recent_opinions/1475430757", "ord_in_thread": 0, "title": "Все проблемы Украины вызваны политикой ограбления народа, — Азаров", "locations": [], "entities": {"persons": [], "locations": [], "organizations": []}, "highlightText": "", "language": "russian", "persons": [], "text": "Все проблемы Украины вызваны политикой ограбления народа, — Азаров 03.10.2016 - 0:48 \nБывший премьер-министр Украины Николай Азаров — о том, как СМИ манипулирует сознанием. \nКиевское издание «Слово і Діло» публикует статью под названием: «МВФ и Украина. История сотрудничества с 1994 г.». \nАвторы в статье занимаются самой настоящей подтасовкой фактов и их искажением. \nНапример, в статье указывается: «На непопулярные меры правительство Азарова идти не хотело и Украина стремительными темпами стала наращивать государственный долг». \nПолная брехня! На антинародные меры: резкое повышение тарифов и цен, замораживание заработной платы и пенсий, резкую девальвацию гривны я действительно не пошел и, самое главное, не видел в этом никакой необходимости. \nА вот никакого «стремительного наращивания государственного долга» при мне не было (смотрите график роста госдолга за 2011—2016 гг. ниже на фото). \nПодтасовки заключаются в графиках: «Кредитные программы МВФ». Из них якобы Тимошенко и Азаров взяли кредитов МВФ в 2008—2013 гг. аж на $16 млрд. На самом деле, и в этом легко убедиться, львиная доля $13,6 млрд. поступила в Украину в 2008—2009 гг. при правительстве Тимошенко. \nВ 2010 г. мы получили один транш от МВФ, а в 2011—2013 гг. мы вообще не получали от МВФ кредитов, а только рассчитывались с ними по взятым в 2008 г. обязательствам. \nВот так происходит манипулирование сознанием. Насаждается мысль, что во всех бедах Украины виновата Россия, прежнее правительство и т. д. Хотя каждый, у кого есть здравый смысл и желание разобраться, легко может отличить правду от лжи. \nВсе проблемы Украины обусловлены государственным переворотом и последующей политикой ограбления украинского народа.  ", "external_links": [], "published": "2016-10-03T05:48:00.000+03:00", "crawled": "2016-10-03T00:53:13.420+03:00", "highlightTitle": ""}