{"organizations": [], "uuid": "38af71de211d4b26f5ff5d2e880fd2facf254f4b", "thread": {"social": {"gplus": {"shares": 0}, "pinterest": {"shares": 0}, "vk": {"shares": 0}, "linkedin": {"shares": 0}, "facebook": {"likes": 5, "shares": 5, "comments": 0}, "stumbledupon": {"shares": 0}}, "site_full": "www.championat.com", "main_image": "https://img.championat.com/news2/social/a/56/2596968.jpg", "site_section": "http://www.championat.com/xml/rss.xml", "section_title": "Чемпионат.com  (новости)", "url": "https://www.championat.com/boxing/news-2596968-tajson-fjuri-peredumal-zavershat-kareru.html", "country": "RU", "domain_rank": 1710, "title": "Тайсон Фьюри передумал завершать карьеру", "performance_score": 0, "site": "championat.com", "participants_count": 0, "title_full": "Тайсон Фьюри передумал завершать карьеру", "spam_score": 0.0, "site_type": "news", "published": "2016-10-03T23:40:00.000+03:00", "replies_count": 0, "uuid": "38af71de211d4b26f5ff5d2e880fd2facf254f4b"}, "author": "", "url": "https://www.championat.com/boxing/news-2596968-tajson-fjuri-peredumal-zavershat-kareru.html", "ord_in_thread": 0, "title": "Тайсон Фьюри передумал завершать карьеру", "locations": [], "entities": {"persons": [], "locations": [], "organizations": []}, "highlightText": "", "language": "russian", "persons": [], "text": "Тайсон Фьюри передумал завершать карьеру  40. Бокс Чемпион мира в тяжёлом весе по версиям WBA/WBO Тайсон Фьюри сообщил, что его объявление о завершении карьеры было шуткой и он продолжит выступления. Ранее Фьюри снялся с реванша против Владимира Кличко из-за депрессии, а позднее был обвинён в употреблении кокаина. «Ха-ха-ха, думали, так легко избавитесь от цыганского короля? Я остаюсь. Величайший просто показал вам, как ведут себя медиа. Скоро мне станет лучше и я буду защищать принадлежащий мне трон в тяжёлом весе», — написал Фьюри в своём «твиттере».", "external_links": [], "published": "2016-10-03T23:40:00.000+03:00", "crawled": "2016-10-03T18:54:41.307+03:00", "highlightTitle": ""}