{"organizations": [], "uuid": "915f9c45aa259a72cacb2066c22c5e76925042a6", "thread": {"social": {"gplus": {"shares": 0}, "pinterest": {"shares": 0}, "vk": {"shares": 0}, "linkedin": {"shares": 0}, "facebook": {"likes": 0, "shares": 0, "comments": 0}, "stumbledupon": {"shares": 0}}, "site_full": "telegraf.com.ua", "main_image": "http://telegraf.com.ua/files/2016/10/zinchenko55-567x309.jpg", "site_section": "http://telegraf.com.ua/yandex-feed/", "section_title": "ТЕЛЕГРАФ - последние новости Украины и мира", "url": "http://telegraf.com.ua/sport-cat/futbol/2870147-zinchenko-debyutiroval-v-chempionate-gollandii.html", "country": "UA", "domain_rank": 1750, "title": "Зинченко дебютировал в чемпионате Голландии", "performance_score": 0, "site": "telegraf.com.ua", "participants_count": 0, "title_full": "Зинченко дебютировал в чемпионате Голландии", "spam_score": 0.0, "site_type": "news", "published": "2016-10-02T15:33:00.000+03:00", "replies_count": 0, "uuid": "915f9c45aa259a72cacb2066c22c5e76925042a6"}, "author": "", "url": "http://telegraf.com.ua/sport-cat/futbol/2870147-zinchenko-debyutiroval-v-chempionate-gollandii.html", "ord_in_thread": 0, "title": "Зинченко дебютировал в чемпионате Голландии", "locations": [], "entities": {"persons": [], "locations": [], "organizations": []}, "highlightText": "", "language": "russian", "persons": [], "text": "football.ua Украинский хавбек Александр Зинченко проводит свой первый матч за ПСВ в чемпионате Голландии. \n19-летний украинский хавбек вышел на замену в матче 8-го тура против Херенвена на 56-й минут поединка при счете 0:0. Зинченко сменил Гуардадо, который получил травму. Команды закончили игру вничью — 1:1. \nНапомним, это первое появление украинского полузащитника в составе голландской команды. Летом хавбек перебрался из Уфы в Манчестер Сити, но менеджер Горожан Хосеп Гвардиола решил, что футболисту нужна постоянная игровая практика и Зинченко перебрался в ПСВ на правах годичной аренды. \nНа этой неделе украинец также попал в заявку на матч ЛЧ против Ростова (2:2), но дебютировать в еврокубках футболист пока не успел. \nПосле 8-ми туров в активе у ПСВ 17 очков и промежуточное второе место.", "external_links": [], "published": "2016-10-02T15:33:00.000+03:00", "crawled": "2016-10-02T10:37:23.528+03:00", "highlightTitle": ""}