{"organizations": [], "uuid": "2b540da3594fb86953cea2b683992bd1d73c8de8", "thread": {"social": {"gplus": {"shares": 0}, "pinterest": {"shares": 0}, "vk": {"shares": 0}, "linkedin": {"shares": 0}, "facebook": {"likes": 0, "shares": 0, "comments": 0}, "stumbledupon": {"shares": 0}}, "site_full": "news.mail.ru", "main_image": "https://news.mail.ru/social_preview/27310913/?time=01db0d1fdcb467f35cc30f09a821dad4", "site_section": "http://news.mail.ru//rss/incident/", "section_title": "Новости Mail.Ru: События", "url": "https://news.mail.ru/incident/27310913/", "country": "RU", "domain_rank": 27, "title": "СМИ: китайские канатоходцы во время шоу сорвались в реку", "performance_score": 0, "site": "mail.ru", "participants_count": 0, "title_full": "СМИ: китайские канатоходцы во время шоу сорвались в реку", "spam_score": 0.0, "site_type": "news", "published": "2016-10-02T20:05:00.000+03:00", "replies_count": 0, "uuid": "2b540da3594fb86953cea2b683992bd1d73c8de8"}, "author": "", "url": "https://news.mail.ru/incident/27310913/", "ord_in_thread": 0, "title": "СМИ: китайские канатоходцы во время шоу сорвались в реку", "locations": [], "entities": {"persons": [], "locations": [], "organizations": []}, "highlightText": "", "language": "russian", "persons": [], "text": "  15:05 (мск) , источник: Sputnik Беларусь СМИ: китайские канатоходцы во время шоу сорвались в реку \nОдного акробата удалось спасти, еще один пропал без вести — его поиски ведутся в настоящее время. Причины случившегося не установлены.", "external_links": [], "published": "2016-10-02T20:05:00.000+03:00", "crawled": "2016-10-02T15:28:48.199+03:00", "highlightTitle": ""}