{"organizations": [], "uuid": "e5044401441b813de9c1d8890e6ab41580fb04ed", "thread": {"social": {"gplus": {"shares": 0}, "pinterest": {"shares": 0}, "vk": {"shares": 0}, "linkedin": {"shares": 0}, "facebook": {"likes": 53, "shares": 53, "comments": 0}, "stumbledupon": {"shares": 0}}, "site_full": "www.woman.ru", "main_image": "http://i41.woman.ru/womanru/images/gallery/3/8/g_3877462d96f251f0e1659c95ad27ea06_2_478x500.jpg?02", "site_section": "http://www.woman.ru/rss", "section_title": "Женский журнал Woman.ru: звезды, мода, красота, любовь, секс, гороскопы, психология, дети и здоровье", "url": "http://www.woman.ru/kids/medley5/article/184249/", "country": "RU", "domain_rank": 3435, "title": "Мать кормит грудью 3-летнюю дочь, потому что ей «лень мыть посуду»", "performance_score": 0, "site": "woman.ru", "participants_count": 1, "title_full": "Мать кормит грудью 3-летнюю дочь, потому что ей «лень мыть посуду»", "spam_score": 0.0, "site_type": "news", "published": "2016-10-03T21:00:00.000+03:00", "replies_count": 0, "uuid": "e5044401441b813de9c1d8890e6ab41580fb04ed"}, "author": "WOMAN.RU", "url": "http://www.woman.ru/kids/medley5/article/184249/", "ord_in_thread": 0, "title": "Мать кормит грудью 3-летнюю дочь, потому что ей «лень мыть посуду»", "locations": [], "entities": {"persons": [], "locations": [], "organizations": []}, "highlightText": "", "language": "russian", "persons": [], "text": "Нравится Большинство мам отлучают детей от груди в возрасте от 12 до 18 месяцев и постепенно переводят малышей на нормальную пищу. Однако есть и исключения: некоторые женщины готовы кормить ребенка грудным молоком чуть ли не до школы. Правда, причины на это у всех разные: одни верят в то, что оно укрепляет иммунитет, другим же, как например, австралийке Шани Арчер, просто не хочется готовить и убирать посуду. 1 2 3 ... 8 Блогер из Австралии Шани Арчер продолжает кормить своих дочерей грудью, потому что ей это удобно \nМногие мамы убеждены, что кормление грудью укрепляет связь с малышом, но у 26-летней жительницы Австралии Шани Арчер есть свой взгляд на этот вопрос. Шани воспитывает двоих дочерей: годовалую Адели и трехлетнюю Шайло. Обеих малышек она продолжает кормить грудью, правда, не для того, чтобы стать еще к ним ближе. Женщина признается, что ей лень мыть посуду. К тому же это дешевле, чем готовить детям специальную еду. \nЖенщина рассказала австралийской версии The Daily Mail, что ей надоело выслушивать «ценные» советы опытных мам, которые критикуют одних женщин за то, что они кормят грудью на публике, а других — за то, что они дают детям смеси в бутылочке. По мнению Шани, каждый родитель сам должен решать, что хорошо для него самого и для ребенка. Читайте также:", "external_links": [], "published": "2016-10-03T21:00:00.000+03:00", "crawled": "2016-10-03T19:54:24.088+03:00", "highlightTitle": ""}