{"organizations": [], "uuid": "f40d1fbec1cd19aafa0c213d941ea8378b36d9fe", "thread": {"social": {"gplus": {"shares": 2}, "pinterest": {"shares": 0}, "vk": {"shares": 0}, "linkedin": {"shares": 0}, "facebook": {"likes": 1, "shares": 1, "comments": 0}, "stumbledupon": {"shares": 0}}, "site_full": "korrespondent.net", "main_image": "http://kor.ill.in.ua/m/190x120/1888195.jpg", "site_section": "http://k.img.com.ua/rss/ru/all_news2.0.xml", "section_title": "Последние новости на сайте korrespondent.net", "url": "http://korrespondent.net/world/3752469-v-muinkhene-polytsyia-ostanovyla-shvartsenehhera-za-ezdu-na-velosypede", "country": "UA", "domain_rank": 2541, "title": "В Мюнхене полиция остановила Шварценеггера за езду на велосипеде", "performance_score": 0, "site": "korrespondent.net", "participants_count": 1, "title_full": "В Мюнхене полиция остановила Шварценеггера за езду на велосипеде", "spam_score": 0.0, "site_type": "news", "published": "2016-10-02T09:33:00.000+03:00", "replies_count": 0, "uuid": "f40d1fbec1cd19aafa0c213d941ea8378b36d9fe"}, "author": "1", "url": "http://korrespondent.net/world/3752469-v-muinkhene-polytsyia-ostanovyla-shvartsenehhera-za-ezdu-na-velosypede", "ord_in_thread": 0, "title": "В Мюнхене полиция остановила Шварценеггера за езду на велосипеде", "locations": [], "entities": {"persons": [], "locations": [], "organizations": []}, "highlightText": "", "language": "russian", "persons": [], "text": "В Мюнхене полиция остановила Шварценеггера за езду на велосипеде   04:33 Знаменитый голливудский актер ездил на велосипеде вдоль одной из платформ вокзала Мюнхена. Полицейские остановили за езду на велосипеде в здании вокзала в Мюнхене актера и бывшего губернатора Калифорнии Арнольда Шварценеггера, сообщает Associated Press. Отмечается, что актер ездил на велосипеде вдоль одной из платформ вокзала. Полицейским Шварценеггер сказал, что у него болит нога. Новости Украины — 16 сентября 2016, 10:24 Loading... © 2000-2016, ООО «Корреспондент». Все права защищены. Использование любых материалов, размещённых на сайте, разрешается при условии ссылки на Корреспондент.net. При копировании материалов со страницы «Новости Украины и мира», для интернет-изданий – обязательна прямая открытая для поисковых систем гиперссылка. Ссылка должна быть размещена в независимости от полного либо частичного использования материалов. Гиперссылка (для интернет- изданий) – должна быть размещена в подзаголовке или в первом абзаце материала. Новости с пометками \"Мнение\", \"Экспертиза\", \"Заявление\", \"Регионы\", \"Деньги\", \"Власть\" публикуются на правах рекламы. Любое копирование, публикация, републикация и другое распространение информации, которое содержит ссылку на \"Интерфакс-Украина\", EPA / UPG, строго воспрещается. <>", "external_links": [], "published": "2016-10-02T09:33:00.000+03:00", "crawled": "2016-10-02T04:35:27.588+03:00", "highlightTitle": ""}