{"organizations": [], "uuid": "a27f0047972c8e08fa813579d347b105df015660", "thread": {"social": {"gplus": {"shares": 0}, "pinterest": {"shares": 0}, "vk": {"shares": 0}, "linkedin": {"shares": 0}, "facebook": {"likes": 0, "shares": 0, "comments": 0}, "stumbledupon": {"shares": 0}}, "site_full": "www.vz.ru", "main_image": "http://vz.ru/images/600x400_vz.jpg", "site_section": "http://vzglyad.ru/rss.xml", "section_title": "Взгляд", "url": "http://www.vz.ru/news/2016/10/3/835933.html", "country": "RU", "domain_rank": 3116, "title": "Новосибирской учительнице музыки объявлен выговор за «Владимирский централ»", "performance_score": 0, "site": "vz.ru", "participants_count": 0, "title_full": "Новосибирской учительнице музыки объявлен выговор за «Владимирский централ»", "spam_score": 0.0, "site_type": "news", "published": "2016-10-03T19:41:00.000+03:00", "replies_count": 0, "uuid": "a27f0047972c8e08fa813579d347b105df015660"}, "author": "", "url": "http://www.vz.ru/news/2016/10/3/835933.html", "ord_in_thread": 0, "title": "Новосибирской учительнице музыки объявлен выговор за «Владимирский централ»", "locations": [], "entities": {"persons": [], "locations": [], "organizations": []}, "highlightText": "", "language": "russian", "persons": [], "text": "Опера» ученики седьмого класса сказали, что им «скучно и неинтересно», а один из мальчиков предложил спеть песню «Владимирский централ». Учитель согласилась, и на следующий урок дети принесли текст, а педагог, подготовившись, рассказала биографию автора. После этого они вместе спели эту песню. Севостьянова считает, что учитель таким образом попыталась заинтересовать детей и заработать авторитет. \n«Для меня это было неожиданно, потому что этот репертуар абсолютно несвойственен ее (учителя) характеру. Она очень хороший, грамотный человек, не имеющий замечаний. Она написала объяснительную, за ней установлен персональный контроль – заместитель директора будет ходить к ней на уроки либо смотреть планы уроков»,– сказала Севостьянова, отметив, что уроки у педагога всегда интересные и познавательные. \nВ департаменте образования Новосибирска отметили, что его специалисты считают изучение этого внепрограммного «произведения» в стенах гимназии неправильным. «Безусловно, мнение детей игнорировать нельзя, но учителю, принимая окончательное решение, следовало посоветоваться с коллегами и учесть возможную реакцию родителей»,– говорится в официальном комментарии. Решение о наказании должен принимать директор гимназии, добавили в мэрии Новосибирска . \nРанее местные СМИ сообщили, что ученикам седьмого класса новосибирской гимназии №16 с углубленным изучением французского языка учитель музыки якобы задала выучить песню Михаила Круга «Владимирский централ» и даже раздала для этого листки с текстом. \nМихаил Круг (1962–2002) – один из наиболее известных представителей жанра русский шансон. Лирическая песня «Владимирский централ» написана от лица заключенного тюрьмы во Владимире. здесь | Вакансии", "external_links": [], "published": "2016-10-03T19:41:00.000+03:00", "crawled": "2016-10-03T14:48:05.816+03:00", "highlightTitle": ""}