{"organizations": [], "uuid": "bc0ca5a06f8ea01a46c17c05b5bc719a502e4129", "thread": {"social": {"gplus": {"shares": 0}, "pinterest": {"shares": 0}, "vk": {"shares": 0}, "linkedin": {"shares": 0}, "facebook": {"likes": 0, "shares": 0, "comments": 0}, "stumbledupon": {"shares": 0}}, "site_full": "searchengines.guru", "main_image": "http://searchenginesru.s3.amazonaws.com/pics2/2016/SE_1.jpg", "site_section": "http://searchengines.guru/external.php?type=RSS2", "section_title": "Форум об интернет-маркетинге", "url": "http://searchengines.guru/showthread.php?t=945439", "country": "US", "domain_rank": 3506, "title": "Как \"убрать\" страницу чужого сайта из индекса Google", "performance_score": 0, "site": "searchengines.guru", "participants_count": 1, "title_full": "Как \"убрать\" страницу чужого сайта из индекса Google", "spam_score": 0.0, "site_type": "news", "published": "2016-10-01T15:37:00.000+03:00", "replies_count": 0, "uuid": "bc0ca5a06f8ea01a46c17c05b5bc719a502e4129"}, "author": "esteticnois", "url": "http://searchengines.guru/showthread.php?t=945439", "ord_in_thread": 0, "title": "Как \"убрать\" страницу чужого сайта из индекса Google", "locations": [], "entities": {"persons": [], "locations": [], "organizations": []}, "highlightText": "", "language": "russian", "persons": [], "text": "Как \"убрать\" страницу чужого сайта из индекса Google Добрый день, форумчане! Немного странный вопрос, но нигде нет информации об этом. Есть страница (ветка обсуждения) на одном форуме, администрация которого напрочь отказывается удалять эту ветку с сайта форума. Вопрос: какие наиболее эффективные методы \"удалить\" (убрать из индекса) эту страницу в Google, посадить ее, так сказать? Варианты, которые рассматривались ранее: Написать письмо в Google с жалобой - не работает Забить индекс новыми страницами, сместив тем самым страницу по конкретным запросам вниз поисковой выдачи - работа ведется, но пока нет желаемого результата Связаться с автором топика с просьбой удалить сообщение - нет данных для связи (пользователь 5 лет неактивен) Проставить ссылки с адулт-сайтов на страницу - не практиковал никогда! Какие еще есть варианты, на ваш взгляд? Спасибо. <>", "external_links": [], "published": "2016-10-01T15:37:00.000+03:00", "crawled": "2016-10-01T13:03:50.139+03:00", "highlightTitle": ""}