{"organizations": [], "uuid": "e022e2eb015993592661980192cb703be76683cf", "thread": {"social": {"gplus": {"shares": 1}, "pinterest": {"shares": 0}, "vk": {"shares": 0}, "linkedin": {"shares": 0}, "facebook": {"likes": 0, "shares": 0, "comments": 0}, "stumbledupon": {"shares": 0}}, "site_full": "rusvesna.su", "main_image": "http://rusvesna.su/sites/default/files/styles/487_256/public/taksi_1.jpg?itok=v5BzJdOP", "site_section": "http://rusvesna.su/rss.xml", "section_title": "Русская весна", "url": "http://rusvesna.su/news/1475259267", "country": "US", "domain_rank": 4346, "title": "Типичная Украина: В Киеве вооруженный грузин напал на таксиста, убегая от полиции", "performance_score": 0, "site": "rusvesna.su", "participants_count": 0, "title_full": "Типичная Украина: В Киеве вооруженный грузин напал на таксиста, убегая от полиции", "spam_score": 0.0, "site_type": "news", "published": "2016-10-01T02:14:00.000+03:00", "replies_count": 0, "uuid": "e022e2eb015993592661980192cb703be76683cf"}, "author": "", "url": "http://rusvesna.su/news/1475259267", "ord_in_thread": 0, "title": "Типичная Украина: В Киеве вооруженный грузин напал на таксиста, убегая от полиции", "locations": [], "entities": {"persons": [], "locations": [], "organizations": []}, "highlightText": "", "language": "russian", "persons": [], "text": "Типичная Украина: В Киеве вооруженный грузин напал на таксиста, убегая от полиции 30.09.2016 - 21:14 \nВ Киеве на улице Ахматовой вооруженный преступник пытался отобрать машину у таксиста и заставлял помочь ему скрыться. \nОб этом сообщили источники в правоохранительных органах. \nОдна из групп быстрого реагирования полиции, которая дежурила в составе автопатруля Дарницкого района города Киева, на улице Ахматовой увидела двоих подозрительных мужчин кавказкой национальности. Двигаясь по улице, мужчины оглядывались и переглядывались, чем вызвали интерес полицейских. \nКопы приняли решение проверить документы у подозрительных мужчин. Когда автомобиль полицейских остановился возле кавказцев с целью проверить документы, последние начали убегать. \nБойцы группы быстрого реагирования, преследуя подозреваемых, задержали одного из них в тот момент, когда он запрыгнул в припаркованный неподалеку автомобиль такси, где, угрожая пистолетом, пытался заставить водителя помочь ему скрыться. \nНескольких секунд хватило полицейским, чтобы задержать и обезвредить преступника в автомобиле и, возможно, спасти жизнь водителю такси. \nЗадержанным оказался гражданин Грузии, который около месяца назад приехал в столицу. При задержании был изъят газовый пистолет и несколько патронов. Второму преступнику удалось скрыться. Присоединяйтесь к «Русской Весне» в Одноклассниках , Facebook , ВКонтакте , Twitter , чтобы быть в курсе последних новостей. Читайте также", "external_links": [], "published": "2016-10-01T02:14:00.000+03:00", "crawled": "2016-10-01T12:20:32.752+03:00", "highlightTitle": ""}