{"organizations": [], "uuid": "4c66a8dc091e3c38a5a0a275036b9d1d2b8e74a2", "thread": {"social": {"gplus": {"shares": 0}, "pinterest": {"shares": 0}, "vk": {"shares": 0}, "linkedin": {"shares": 0}, "facebook": {"likes": 0, "shares": 0, "comments": 0}, "stumbledupon": {"shares": 0}}, "site_full": "echo.msk.ru", "main_image": "http://echo.msk.ru/i/big_logo.png", "site_section": "http://echo.msk.ru/news/", "section_title": "Эхо Москвы :: Новости ", "url": "http://echo.msk.ru/news/1847928-echo.html", "country": "BZ", "domain_rank": 1609, "title": "Посол Нидерландов в Москве будет вызвана в МИД РФ в ответ на аналогичные действия со стороны нидерландских властей", "performance_score": 0, "site": "echo.msk.ru", "participants_count": 35, "title_full": "Эхо Москвы :: Новости / Посол Нидерландов в Москве будет вызвана в МИД РФ в ответ на аналогичные действия со стороны нидерландских властей", "spam_score": 0.04, "site_type": "news", "published": "2016-10-01T07:30:00.000+03:00", "replies_count": 49, "uuid": "4c66a8dc091e3c38a5a0a275036b9d1d2b8e74a2"}, "author": "echo.msk.ru", "url": "http://echo.msk.ru/news/1847928-echo.html", "ord_in_thread": 0, "title": "Посол Нидерландов в Москве будет вызвана в МИД РФ в ответ на аналогичные действия со стороны нидерландских властей", "locations": [], "entities": {"persons": [], "locations": [], "organizations": []}, "highlightText": "", "language": "russian", "persons": [], "text": "Об этом сообщила официальный представитель российского внешнеполитического ведомства Мария Захарова. По ее словам,\n«обратило на себя внимание тотальное неприятие нидерландской стороной любой, даже обстоятельно аргументированной критики обнародованных промежуточных итогов уголовного расследования по делу о крушении малайзийского «Боинга» в небе над Украиной 17 июля 2014 года.\nГлаве нидерландской дипмиссии будут представлены доводы неприемлемости игнорирования предоставляемой российской стороной важной объективной информации, что в итоге подрывает сотрудничество российских экспертов со следствием, а также компрометирует предпринимаемые усилия по установлению истинной картины трагедии и привлечению к ответственности виновных.", "external_links": [], "published": "2016-10-01T07:30:00.000+03:00", "crawled": "2016-10-01T01:24:51.402+03:00", "highlightTitle": ""}