{"organizations": [], "uuid": "afc387b32b928667917dae1db0b0065ae6e9a064", "thread": {"social": {"gplus": {"shares": 0}, "pinterest": {"shares": 0}, "vk": {"shares": 0}, "linkedin": {"shares": 0}, "facebook": {"likes": 0, "shares": 0, "comments": 0}, "stumbledupon": {"shares": 0}}, "site_full": "news.mail.ru", "main_image": "https://news.mail.ru/social_preview/27310296/?time=21a1b34f87cdb68db851b90a0cee8495", "site_section": "http://news.mail.ru//rss/incident/", "section_title": "Новости Mail.Ru: События", "url": "https://news.mail.ru/incident/27310296/", "country": "RU", "domain_rank": 27, "title": "Стало известно имя судьи, погибшего на ралли в Омске", "performance_score": 0, "site": "mail.ru", "participants_count": 0, "title_full": "Стало известно имя судьи, погибшего на ралли в Омске", "spam_score": 0.0, "site_type": "news", "published": "2016-10-02T18:26:00.000+03:00", "replies_count": 0, "uuid": "afc387b32b928667917dae1db0b0065ae6e9a064"}, "author": "", "url": "https://news.mail.ru/incident/27310296/", "ord_in_thread": 0, "title": "Стало известно имя судьи, погибшего на ралли в Омске", "locations": [], "entities": {"persons": [], "locations": [], "organizations": []}, "highlightText": "", "language": "russian", "persons": [], "text": "  \nТеперь вы можете обсуждать последние новости и высказывать свое отношение к происходящему. 13:26 (мск) , источник: СуперОмск Стало известно имя судьи, погибшего на ралли в Омске \nСтало известно имя судьи, погибшего на ралли в Омске. По информации «СуперОмска», мужчину зовут Василий Е ., 1961 года рождения.", "external_links": [], "published": "2016-10-02T18:26:00.000+03:00", "crawled": "2016-10-02T15:09:26.914+03:00", "highlightTitle": ""}