{"organizations": [], "uuid": "24d5c67f81cb8100e974f663c22cb3e21e6db09e", "thread": {"social": {"gplus": {"shares": 0}, "pinterest": {"shares": 0}, "vk": {"shares": 0}, "linkedin": {"shares": 0}, "facebook": {"likes": 0, "shares": 0, "comments": 0}, "stumbledupon": {"shares": 0}}, "site_full": "tass.ru", "main_image": "https://cdn4.tass.ru/width/400_9a7ae713/tass/m2/uploads/i/20161001/4344127.jpg", "site_section": "http://itar-tass.com/rss/all.xml", "section_title": "ТАСС", "url": "http://tass.ru/sport/3668698", "country": "RU", "domain_rank": 2671, "title": "Спорт - Долгий путь к вершине: 10 топ-матчей российского мини-футбола", "performance_score": 0, "site": "tass.ru", "participants_count": 1, "title_full": "ТАСС: Спорт - Долгий путь к вершине: 10 топ-матчей российского мини-футбола", "spam_score": 0.0, "site_type": "news", "published": "2016-10-01T20:00:00.000+03:00", "replies_count": 0, "uuid": "24d5c67f81cb8100e974f663c22cb3e21e6db09e"}, "author": "itar-tass.com", "url": "http://tass.ru/sport/3668698", "ord_in_thread": 0, "title": "Спорт - Долгий путь к вершине: 10 топ-матчей российского мини-футбола", "locations": [], "entities": {"persons": [], "locations": [], "organizations": []}, "highlightText": "", "language": "russian", "persons": [], "text": "Игроки сборной России по мини-футболу ©  EPA/KOCA SULEJMANOVIC, архив Сборную России по мини-футболу ожидает самый важный матч в ее истории. Команде Сергея Скоровича предстоит встретиться с аргентинцами. Для обеих команд этот результат уже стал лучшим в истории: ни россияне, ни аргентинцы ни разу не доходили до решающей стадии мирового первенства. \nВ преддверии финала, который состоится 1 октября в 22:30 мск, ТАСС вспомнил самые яркие игры в истории российского мини-футбола. \n\n21 ноября 1992 года. Гонконг. \nЧемпионат мира. Россия — Испания — 7:7 .\nНа дебютном чемпионате мира российская сборная выйти из группы не сумела, не хватило победы в решающем матче с испанцами, несмотря на шесть мячей Константина Еременко.\n14 мая 1995 года. Маспаломас, Испания. \nКубок европейских чемпионов. Финал. \"Дина\" (Россия) — \"Маспаломас\" (Испания) — 6:5. \nСтоличная \"Дина\" в 90-х годах была сильнейшим мини-футбольным клубом страны, 21 год назад добившись исторической первой победы в главном еврокубковом турнире. Лучший клуб Испании был повержен на его площадке на Канарских островах.\n14 января 1996 года. Кордова, Испания. \nЧемпионат Европы. Финал. Россия — Испания — 3:5. \nПобедить на первом чемпионате континента российской команде не удалось — титул достался хозяевам.\n6 декабря 1996 года. Барселона, Испания. \nЧемпионат мира. Полуфинал. Россия — Бразилия — 2:6. \nРоссийская сборная со второй попытки вышла в полуфинал мирового первенства, однако противостоять сильнейшей команде мира не смогла — 2:6.\nYouTube/Дима Белка \n8 декабря 1996 года. Барселона, Испания. \nЧемпионат мира. Матч за третье место. Россия — Украина — 3:2. \nПочти 20 лет назад сборная России завоевала первые медали чемпионатов мира, которые вплоть до нынешнего турнира оставались у нее единственными. Героем матча стал Аркадий Белый, который забил два гола, в том числе и победный — на 37-й минуте.\n9 октября 1997 года. Москва, Россия. \nМежконтинентальный кубок. Третий матч. Дина (Россия) — Интер-Улбра (Бразилия, Порту-Алегри) — 4:2. \nПервые турниры за Межконтинентальный кубок между сильнейшими клубами из Европы и Южной Америки не носили официальный статус, но его обладатель считался сильнейшим клубом планеты. В 1997 году трофей выиграла \"Дина\", которая трижды подряд на своей площадке обыграла мини-футбольный филиал бразильского \"Интернасьонала\". \nYouTube/7777xe \n28 февраля 1999 года. Гранада, Испания. \nЧемпионат Европы. Финал. Россия — Испания — 3:3, пенальти — 4:2. \nПервый титул в истории российского мини-футбола был добыт в Испании в матче с главным конкурентом по континенту.\n\n28 апреля 2007 года. Мурсия, Испания. \nКубок УЕФА. Финал. Динамо (Россия, Москва) — Бумеранг (Испания) — 2:1. \nСтоличное \"Динамо\" стало первым российским обладателем образованного в 2001 году турнира под эгидой УЕФА. Благодаря решающему мячу Пулы на 40-й минуте динамовцы обыграли один из сильнейших клубов Европы.\n11 февраля 2012 года. Загреб, Хорватия. \nЧемпионат Европы. Финал. Россия — Испания — 1:3 (дополнительное время). \nСборная России потерпела очередное поражение от испанцев в решающем матче, хотя была очень близка ко второму континентальному титулу. В дальнейшем последуют еще два поражения российской команды в европейском финале — от соперников из Италии и Испании. \nYouTube/FIFATV \n27 сентября 2016 года. Медельин, Колумбия. \nЧемпионат мира. Полуфинал. Россия — Иран — 4:3. \nВторой полуфинал в истории российской сборной на чемпионатах мира получился успешным: была обыграна сборная Ирана, которая ранее сенсационно выбила с турнира пентакампеонов бразильцев. Решающий мяч за 42 секунды до сирены забил Иван Чишкала. Второй раз сборная России гарантировала себе медали чемпионата мира.", "external_links": [], "published": "2016-10-01T20:00:00.000+03:00", "crawled": "2016-10-01T13:00:53.121+03:00", "highlightTitle": ""}