{"organizations": [], "uuid": "2e1507d32db42a7176e9fdb171b7ee997aca041e", "thread": {"social": {"gplus": {"shares": 0}, "pinterest": {"shares": 0}, "vk": {"shares": 0}, "linkedin": {"shares": 0}, "facebook": {"likes": 0, "shares": 0, "comments": 0}, "stumbledupon": {"shares": 0}}, "site_full": "www.kazan.aif.ru", "main_image": "http://images.aif.ru/010/127/21445defda1886a954ece88a69c2d01a.jpg", "site_section": "http://www.kazan.aif.ru/rss/all.php", "section_title": "АиФ-Казань", "url": "http://www.kazan.aif.ru/incidents/details/v_kazani_zaderzhali_grabitelya_izbivavshego_pensionerok", "country": "RU", "domain_rank": 3127, "title": "В Казани задержали грабителя, избивавшего пенсионерок", "performance_score": 0, "site": "aif.ru", "participants_count": 0, "title_full": "В Казани задержали грабителя, избивавшего пенсионерок", "spam_score": 0.0, "site_type": "news", "published": "2016-09-30T22:44:00.000+03:00", "replies_count": 0, "uuid": "2e1507d32db42a7176e9fdb171b7ee997aca041e"}, "author": "", "url": "http://www.kazan.aif.ru/incidents/details/v_kazani_zaderzhali_grabitelya_izbivavshego_pensionerok", "ord_in_thread": 0, "title": "В Казани задержали грабителя, избивавшего пенсионерок", "locations": [], "entities": {"persons": [], "locations": [], "organizations": []}, "highlightText": "", "language": "russian", "persons": [], "text": "17:44 30/09/2016 551 В Казани задержали грабителя, избивавшего пенсионерок 25-летний житель Зеленодольского района представлялся сотрудником фирмы по установке газового оборудования, но зайдя в квартиру, начинал жестоко избивать пенсионерок, а затем забирал все деньги Казань, 30 сентября - АиФ-Казань. \nПодозреваемого в нападениях на пожилых людей задержали в Казани, сообщает пресс-служба МВД по РТ. \nПо словам 79-летней женщины, обратившейся в полицию, неизвестного мужчину она впустила в квартиру после того, как он представился ей сотрудником фирмы по установке газового оборудования. Зайдя в помещение, он начал ее избивать, а затем душить. Остановился, лишь, когда женщина потеряла сознание. После этого он забрал 17 тысяч рублей, а затем убежал. Женщина пришла в сознание и позвонила в участок. В Казани бывший рабочий КОМЗа напал с ножом на гендиректора Позже в полицию обратилась другая пенсионерка, которая сообщила, что к ней под предлогом установки датчиков утечки газа пытался войти некий молодой мужчина в оранжевом жилете с надписью «Сигнал газ сервис». Но к приезду оперативника подозреваемый убежал. Также полицейские установили, что похожий на разыскиваемого мужчина приходил в квартиру одного из домов на улице Шоссейная, а после его ухода хозяева обнаружили пропажу планшета.\nВ результате подозреваемого обнаружили в кафе рядом с ж/д вокзалом Казани. Им оказался 25-летний житель поселка Ореховка Зеленодольского района. \nВ отношении него возбудили уголовное дело по ст. «Разбой». \nПолицейские также полагают, что молодой человек может быть причастен к аналогичным преступлениям. Располагающих информацией просят звонить по тел. 291-31-29, 291-35-76.", "external_links": [], "published": "2016-09-30T22:44:00.000+03:00", "crawled": "2016-10-01T03:14:52.352+03:00", "highlightTitle": ""}