{"organizations": [], "uuid": "d06e7c51a306ce371ec53a98e96dad4c94842f5a", "thread": {"social": {"gplus": {"shares": 0}, "pinterest": {"shares": 0}, "vk": {"shares": 0}, "linkedin": {"shares": 0}, "facebook": {"likes": 0, "shares": 0, "comments": 0}, "stumbledupon": {"shares": 0}}, "site_full": "echo.msk.ru", "main_image": "http://echo.msk.ru/i/big_logo.png", "site_section": "http://echo.msk.ru/", "section_title": "Эхо Москвы ", "url": "http://echo.msk.ru/news/1848434-echo.html", "country": "BZ", "domain_rank": 1609, "title": "Мужчина, напавший на Московскую хоральную синагогу, по предварительным данным, состоит на психиатрическом учете", "performance_score": 0, "site": "echo.msk.ru", "participants_count": 13, "title_full": "Эхо Москвы :: Новости / Мужчина, напавший на Московскую хоральную синагогу, по предварительным данным, состоит на психиатрическом учете", "spam_score": 0.135, "site_type": "news", "published": "2016-10-02T10:05:00.000+03:00", "replies_count": 15, "uuid": "d06e7c51a306ce371ec53a98e96dad4c94842f5a"}, "author": "echo.msk.ru", "url": "http://echo.msk.ru/news/1848434-echo.html", "ord_in_thread": 0, "title": "Мужчина, напавший на Московскую хоральную синагогу, по предварительным данным, состоит на психиатрическом учете", "locations": [], "entities": {"persons": [], "locations": [], "organizations": []}, "highlightText": "", "language": "russian", "persons": [], "text": "Он пояснил, что никаких экстремистских призывов или угроз нападавший не высказывал. Нападение на синагогу в Большом Спасо-Глинищевском переулке в Москве произошло накануне вечером. Неизвестный ворвался в здание, держа в руках канистру с горючей жидкостью и травматический пистолет. Он ранил охранника и грозился поджечь здание. Злоумышленник задержан и доставлен в полицию. В сообщении, опубликованном на официальном сайте МВД, сказано, что, по предварительным данным, мужчине 40 лет, он житель подмосковного Королева. По факту нападения проводится проверка. Мотивы нападавшего пока не установлены.", "external_links": [], "published": "2016-10-02T10:05:00.000+03:00", "crawled": "2016-10-02T02:53:26.025+03:00", "highlightTitle": ""}