{"organizations": [], "uuid": "bd7057ffd3d366924b19017c386ca1e757d4929c", "thread": {"social": {"gplus": {"shares": 0}, "pinterest": {"shares": 0}, "vk": {"shares": 0}, "linkedin": {"shares": 0}, "facebook": {"likes": 108, "shares": 108, "comments": 0}, "stumbledupon": {"shares": 0}}, "site_full": "news.mail.ru", "main_image": "https://news.mail.ru/social_preview/27320953/?time=4c5b3c9d5cd44ddf52e59569e2fb1cf0", "site_section": "http://news.mail.ru//rss/politics/", "section_title": "Новости Mail.Ru: Политика", "url": "https://news.mail.ru/politics/27320953/", "country": "RU", "domain_rank": 27, "title": "Президентом Эстонии впервые стала женщина", "performance_score": 1, "site": "mail.ru", "participants_count": 0, "title_full": "Президентом Эстонии впервые стала женщина", "spam_score": 0.0, "site_type": "news", "published": "2016-10-03T19:59:00.000+03:00", "replies_count": 0, "uuid": "bd7057ffd3d366924b19017c386ca1e757d4929c"}, "author": "", "url": "https://news.mail.ru/politics/27320953/", "ord_in_thread": 0, "title": "Президентом Эстонии впервые стала женщина", "locations": [], "entities": {"persons": [], "locations": [], "organizations": []}, "highlightText": "", "language": "russian", "persons": [], "text": "  14:59 (мск) , источник: РИА Новости Президентом Эстонии впервые стала женщина \nТАЛЛИН, 3 окт — РИА Новости, Николай Адашкевич. Президента выбрали в Эстонии с третьей попытки, им впервые стала женщина — это Керсти Кальюлайд, работавшая ранее представителем страны в Европейской счетной палате.", "external_links": [], "published": "2016-10-03T19:59:00.000+03:00", "crawled": "2016-10-03T15:07:21.518+03:00", "highlightTitle": ""}