{"organizations": [], "uuid": "2a9a0249b4451bfb0e69ba7d3cf8bc8b808e78fc", "thread": {"social": {"gplus": {"shares": 0}, "pinterest": {"shares": 0}, "vk": {"shares": 0}, "linkedin": {"shares": 0}, "facebook": {"likes": 0, "shares": 0, "comments": 0}, "stumbledupon": {"shares": 0}}, "site_full": "www.championat.com", "main_image": "https://img.championat.com/news2/social/e/fb/2594626.jpg", "site_section": "http://www.championat.com/xml/rss.xml", "section_title": "Чемпионат.com  (новости)", "url": "https://www.championat.com/hockey/news-2594626-eller-chtoby-borotsja-za-kubok-stenli-u-vashingtona-dolzhny-zabivat-vse-zvenja.html", "country": "RU", "domain_rank": 1710, "title": "Эллер: чтобы бороться за кубок Стэнли, у «Вашингтона» должны забивать все звенья", "performance_score": 0, "site": "championat.com", "participants_count": 0, "title_full": "Эллер: чтобы бороться за кубок Стэнли, у «Вашингтона» должны забивать все звенья", "spam_score": 0.0, "site_type": "news", "published": "2016-10-01T16:23:00.000+03:00", "replies_count": 0, "uuid": "2a9a0249b4451bfb0e69ba7d3cf8bc8b808e78fc"}, "author": "", "url": "https://www.championat.com/hockey/news-2594626-eller-chtoby-borotsja-za-kubok-stenli-u-vashingtona-dolzhny-zabivat-vse-zvenja.html", "ord_in_thread": 0, "title": "Эллер: чтобы бороться за кубок Стэнли, у «Вашингтона» должны забивать все звенья", "locations": [], "entities": {"persons": [], "locations": [], "organizations": []}, "highlightText": "", "language": "russian", "persons": [], "text": "Эллер: чтобы бороться за кубок Стэнли, у «Вашингтона» должны забивать все звенья  23. Хоккей Нападающий «Вашингтон Кэпиталз» Ларс Эллер поделился мнением о своей новой команде. «У меня появились новые возможности. Новые лица, все новое. Эти перемены произошли в подходящее время и я очень рад начать работать. Чувствую прилив новых сил. Я думаю, что для того, чтобы бороться за Кубок Стэнли, сильнейшие клубы должны располагать хорошими центрфорвардами, на этой позиции должна быть хорошая глубина состава. А для этого нужно, чтобы три, а то и все четыре звена забивали», — цитирует Эллера официальный сайт лиги.", "external_links": [], "published": "2016-10-01T16:23:00.000+03:00", "crawled": "2016-10-01T11:31:50.881+03:00", "highlightTitle": ""}