{"organizations": [], "uuid": "ec8706b1fb743e99c029dddf377f8617a9e3f060", "thread": {"social": {"gplus": {"shares": 0}, "pinterest": {"shares": 0}, "vk": {"shares": 0}, "linkedin": {"shares": 0}, "facebook": {"likes": 0, "shares": 0, "comments": 0}, "stumbledupon": {"shares": 0}}, "site_full": "telegraf.com.ua", "main_image": "http://telegraf.com.ua/files/2016/10/Shkodran-Mustafi-567x309.jpg", "site_section": "http://telegraf.com.ua/yandex-feed", "section_title": "ТЕЛЕГРАФ - последние новости Украины и мира", "url": "http://telegraf.com.ua/sport-cat/futbol/2874204-mustafi-velikie-komandyi-vsegda-boryutsya-do-kontsa.html", "country": "UA", "domain_rank": 1750, "title": "Мустафи: Великие команды всегда борются до конца", "performance_score": 0, "site": "telegraf.com.ua", "participants_count": 0, "title_full": "Мустафи: Великие команды всегда борются до конца", "spam_score": 0.0, "site_type": "news", "published": "2016-10-04T00:58:00.000+03:00", "replies_count": 0, "uuid": "ec8706b1fb743e99c029dddf377f8617a9e3f060"}, "author": "", "url": "http://telegraf.com.ua/sport-cat/futbol/2874204-mustafi-velikie-komandyi-vsegda-boryutsya-do-kontsa.html", "ord_in_thread": 0, "title": "Мустафи: Великие команды всегда борются до конца", "locations": [], "entities": {"persons": [], "locations": [], "organizations": []}, "highlightText": "", "language": "russian", "persons": [], "text": "<> Телеграф в Facebook Телеграф в Twitter Телеграф Вконтакте Телеграф на Google+ Телеграф в однокласниках Телеграф Мой Мир Телеграф RSS Все материалы Телеграф , опубликованные на этом сайте с ссылкой на агентство \"Интерфакс-Украина\" , не подлежат дальнейшему воспроизведению и/или распространению в какой-либо форме, не иначе как с письменного разрешения агентства. Перепечатка, копирование или воспроизведение информации, содержащей ссылку на агентство \"УНИАН\", \"Укринформ\", \"УНН\", \"Украинские новости\", \"ИТАР-ТАСС\", \"Украинская Фото Группа\" и \"Reuters\" в каком-либо виде строго запрещена. Полное или частичное использование материалов разрешается только при условии наличия прямой, открытой для поисковых систем гиперссылки на прямой адрес материала на сайте telegraf.com.ua . Гиперссылка должна содержаться исключительно в первом абзаце текста. Размер шрифта ссылки или гиперссылки не должен быть меньше шрифта публикации.", "external_links": [], "published": "2016-10-04T00:58:00.000+03:00", "crawled": "2016-10-03T20:39:09.893+03:00", "highlightTitle": ""}