{"organizations": [], "uuid": "327e649ea32c1c82593dd7ac20b5e4d8e1a911fa", "thread": {"social": {"gplus": {"shares": 0}, "pinterest": {"shares": 0}, "vk": {"shares": 0}, "linkedin": {"shares": 0}, "facebook": {"likes": 0, "shares": 0, "comments": 0}, "stumbledupon": {"shares": 0}}, "site_full": "news.rambler.ru", "main_image": "https://news.rambler.ru/share/snippets/34880423/59fd0d6fe02ad118ae36b9ecc8e64932.png", "site_section": "http://news.rambler.ru/rss/economics/", "section_title": "Экономика — Рамблер/новости", "url": "https://news.rambler.ru/economics/34880423-altayskiy-kray-eksportiruet-do-80-proizvodimogo-prodovolstviya/", "country": "RU", "domain_rank": 289, "title": "Алтайский край экспортирует до 80% производимого продовольствия", "performance_score": 0, "site": "rambler.ru", "participants_count": 1, "title_full": "Алтайский край экспортирует до 80% производимого продовольствия", "spam_score": 0.0, "site_type": "news", "published": "2016-10-03T12:00:00.000+03:00", "replies_count": 0, "uuid": "327e649ea32c1c82593dd7ac20b5e4d8e1a911fa"}, "author": "Алтайская правда", "url": "https://news.rambler.ru/economics/34880423-altayskiy-kray-eksportiruet-do-80-proizvodimogo-prodovolstviya/", "ord_in_thread": 0, "title": "Алтайский край экспортирует до 80% производимого продовольствия", "locations": [], "entities": {"persons": [], "locations": [], "organizations": []}, "highlightText": "", "language": "russian", "persons": [], "text": "Главные события у вас в почте Цена операции в Сирии Подписаться Доля экспорта в общей структуре внешнеторгового оборота Алтайского края по итогам 2015 года составила 72%, а сальдо внешнеторгового баланса сложилось на уровне 407,7 млн долларов США (экспорт превышает импорт в 2,6 раза). В стоимостном выражении объем экспорта в 2015 году составил 663,4 млн долларов США, сообщает официальный сайт региона. При этом доля поставок продуктов в другие регионы России по ряду позиций достигает 70-80% от общего количества производимых пищевых товары. Поставки в зарубежные страны продовольственных товаров и сельскохозяйственного сырья в 2015 году составили 22% в общем стоимостном объеме экспорта. Это неполный текст новости", "external_links": [], "published": "2016-10-03T12:00:00.000+03:00", "crawled": "2016-10-03T07:37:02.607+03:00", "highlightTitle": ""}