{"organizations": [], "uuid": "16bbb7475e5bce314a388859d7c27f34a05cd09a", "thread": {"social": {"gplus": {"shares": 0}, "pinterest": {"shares": 0}, "vk": {"shares": 0}, "linkedin": {"shares": 0}, "facebook": {"likes": 0, "shares": 0, "comments": 0}, "stumbledupon": {"shares": 0}}, "site_full": "www.delfi.lv", "main_image": "http://g1.delphi.lv/images/pix/995x521/zkwG7JwmZhA/angelina-kuchvalska-of-latvia-46995169.jpg", "site_section": "http://rus.delfi.lv/rss.php", "section_title": "DELFI", "url": "http://www.delfi.lv/a/47974167", "country": "LV", "domain_rank": 4417, "title": "ВИДЕО: Кучвальская завершила турнир в Братиславе на 12-м месте", "performance_score": 0, "site": "delfi.lv", "participants_count": 0, "title_full": "ВИДЕО: Кучвальская завершила турнир в Братиславе на 12-м месте", "spam_score": 0.0, "site_type": "news", "published": "2016-10-03T04:13:00.000+03:00", "replies_count": 0, "uuid": "16bbb7475e5bce314a388859d7c27f34a05cd09a"}, "author": "", "url": "http://www.delfi.lv/a/47974167", "ord_in_thread": 0, "title": "ВИДЕО: Кучвальская завершила турнир в Братиславе на 12-м месте", "locations": [], "entities": {"persons": [], "locations": [], "organizations": []}, "highlightText": "", "language": "russian", "persons": [], "text": "Follow @rusdelfi_lv Foto: Reuters/Scanpix В Братиславе завершился \"Мемориал Андрея Непела\" по фигурному катанию, в котором принимала участие и сильнейшая латвийская фигуристка Ангелина Кучвальская . \nЭто было первое выступление Ангелины в новом сезоне. Представленная ею короткая программа была оценена судьями не очень высокого (45,87 балла и 13 место). И произвольная программа 17-летней латвийской фигуристки под музыку Ameno Dorime by Enigma/Era не особо впечатлила судей: за технику они дали только 40,44, за компоненты чуть выше — 45,20. Общая оценка в произвольной программе (85,64 балла) оказалась 12-й, такой же результат оказался в итоге и в общем зачете. \nВыиграла соревнования одиночниц в Братиславе россиянка Мария Сотскова, которая шла второй после короткой программы, уступая пару баллов соотечественнице Юлии Липницкой. Однако в произвольной олимпийская чемпионка Сочи-2014 допустила много ошибок (см.видео ниже) и заняла только пятое место, что позволило Сотсковой стать первой в итоговой классификации. \nФигурное катание . \"Челлендж серия\". \"Мемориал Андрея Непела\". Братислава \nЖенщины. Итоговая классификация. \n1. Мария Сотскова (Россия) — 189,96.2. Юлия Липницкая (Россия) — 165,46.3. Мария Белл (США) — 161,72… 12. Ангелина Кучвальская (Латвия) — 131,51… \n24th Ondrej Nepela Memorial 2016.Ladies — FР. Angelina KUCHVALSKA \n24th Ondrej Nepela Memorial 2016.Ladies — FР. Julia LIPNITSKAIA \n24th Ondrej Nepela Memorial 2016.Ladies — FР. Maria SOTSKOVA По теме:", "external_links": [], "published": "2016-10-03T04:13:00.000+03:00", "crawled": "2016-10-03T08:27:46.812+03:00", "highlightTitle": ""}