{"organizations": [], "uuid": "e51cc8fc5d5fbcad290ab7430af309f7efeafbbf", "thread": {"social": {"gplus": {"shares": 0}, "pinterest": {"shares": 0}, "vk": {"shares": 0}, "linkedin": {"shares": 0}, "facebook": {"likes": 0, "shares": 0, "comments": 0}, "stumbledupon": {"shares": 0}}, "site_full": "www.vz.ru", "main_image": "http://vz.ru/images/600x400_vz.jpg", "site_section": "http://www.vz.ru/rss.xml", "section_title": "Взгляд", "url": "http://www.vz.ru/news/2016/10/3/836017.html", "country": "RU", "domain_rank": 3116, "title": "МИД отреагировал на отказ США от сотрудничества с Россией по Сирии", "performance_score": 0, "site": "vz.ru", "participants_count": 0, "title_full": "МИД отреагировал на отказ США от сотрудничества с Россией по Сирии", "spam_score": 0.0, "site_type": "news", "published": "2016-10-04T02:26:00.000+03:00", "replies_count": 0, "uuid": "e51cc8fc5d5fbcad290ab7430af309f7efeafbbf"}, "author": "", "url": "http://www.vz.ru/news/2016/10/3/836017.html", "ord_in_thread": 0, "title": "МИД отреагировал на отказ США от сотрудничества с Россией по Сирии", "locations": [], "entities": {"persons": [], "locations": [], "organizations": []}, "highlightText": "", "language": "russian", "persons": [], "text": "заявили о прекращении участия в двухсторонних каналах общения с Россией по Сирии. \nГлава МИД России Сергей Лавров в понедельник заявил, что договоренности России и США по Сирии находятся в подвешенном состоянии: не ясно, как Вашингтон относится к оппозиционерам. Замглавы МИД Сергей Рябков отметил, что Соединенные Штаты не уведомляли Россию о прекращении сотрудничества по Сирии. Он также добавил, что «на фоне подобного абсолютно не холодно-расчетливого, а глубоко эмоционального сдвига и срыва, который мы наблюдаем, они могут принять любое решение». \nНапомним, госсекретарь США Джон Керри заявил, что США находятся на грани приостановки дискуссий с Россией по Сирии, у сторон есть «огромное недоверие». \nСоглашение о прекращении огня в Сирии, достигнутое в Женеве Лавровым и Керри, оказалось под угрозой после авиаударов международной коалиции по сирийским войскам, а также после обстрела гумконвоя ООН в Сирии (США безосновательно возлагают ответственность за этот инцидент на Россию). Кроме того, сирийская оппозиция не последовала примеру Дамаска и сорвала синхронный отвод войск в Алеппо. на сайте RussiaRu.net. О редакционной политике по отношению к комментариям читайте здесь О газете |", "external_links": [], "published": "2016-10-04T02:26:00.000+03:00", "crawled": "2016-10-03T21:35:53.669+03:00", "highlightTitle": ""}