{"organizations": [], "uuid": "2120c20bf016d4b150e53aae508edf309d619cc6", "thread": {"social": {"gplus": {"shares": 0}, "pinterest": {"shares": 0}, "vk": {"shares": 0}, "linkedin": {"shares": 0}, "facebook": {"likes": 0, "shares": 0, "comments": 0}, "stumbledupon": {"shares": 0}}, "site_full": "112.ua", "main_image": "http://img.112.agency/original/2016/10/03/262874.jpg", "site_section": "http://112.ua/rss/index.rss", "section_title": "Новости 112.ua", "url": "http://112.ua/obshchestvo/ukraina-ozhidaet-podderzhki-es-v-osvobozhdenii-zhurnalista-sushhenko--klimkin-343264.html", "country": "UA", "domain_rank": 8311, "title": "Украина ожидает поддержки ЕС в освобождении журналиста Сущенко, – Климкин", "performance_score": 0, "site": "112.ua", "participants_count": 0, "title_full": "Украина ожидает поддержки ЕС в освобождении журналиста Сущенко, – Климкин", "spam_score": 0.0, "site_type": "news", "published": "2016-10-04T03:02:00.000+03:00", "replies_count": 0, "uuid": "2120c20bf016d4b150e53aae508edf309d619cc6"}, "author": "", "url": "http://112.ua/obshchestvo/ukraina-ozhidaet-podderzhki-es-v-osvobozhdenii-zhurnalista-sushhenko--klimkin-343264.html", "ord_in_thread": 0, "title": "Украина ожидает поддержки ЕС в освобождении журналиста Сущенко, – Климкин", "locations": [], "entities": {"persons": [], "locations": [], "organizations": []}, "highlightText": "", "language": "russian", "persons": [], "text": "Украина ожидает поддержки ЕС в освобождении журналиста Сущенко, – Климкин 22:02, 3 октября 2016 Из открытых источников Во время пребывания в Страсбурге министр иностранных дел Украины Павел Климкин встретился с комиссаром Совета Европы по правам человека Нилсом Муйжниексом. Об этом сообщили в пресс-службе украинского внешнеполитического ведомства. Во время разговора министр привлек особое внимание собеседника к нарушению прав человека в Российской Федерации. Он подчеркнул, что Украина ожидает поддержки и конкретных шагов комиссара по защите прав и освобождению украинского журналиста Романа Сущенко и всех других украинских граждан, которые стали политическими заключенными в РФ. Павел Климкин также отметил необходимость осуществления мониторинга состояния обеспечения прав человека в оккупированном Крыму, в частности, детально проинформировал комиссара о незаконных действиях российских оккупационных властей в отношении Ильми Умерова.", "external_links": [], "published": "2016-10-04T03:02:00.000+03:00", "crawled": "2016-10-03T22:24:55.930+03:00", "highlightTitle": ""}