{"organizations": [], "uuid": "c2b3d56be0066440e0a37e9cb3b2c71daee142a9", "thread": {"social": {"gplus": {"shares": 0}, "pinterest": {"shares": 0}, "vk": {"shares": 0}, "linkedin": {"shares": 0}, "facebook": {"likes": 0, "shares": 0, "comments": 0}, "stumbledupon": {"shares": 0}}, "site_full": "news.rambler.ru", "main_image": "https://news.rambler.ru/share/snippets/34885728/51fa3f2a2378efa2a620193b5b78ba9c.png", "site_section": "http://news.rambler.ru/rss/asia/", "section_title": "Азия — Рамблер/новости", "url": "https://news.rambler.ru/middleeast/34885728-v-bagdade-bolee-30-chelovek-chislyatsya-bez-vesti-propavshimi-posle-vzryvov/", "country": "RU", "domain_rank": 289, "title": "В Багдаде более 30 человек числятся без вести пропавшими после взрывов", "performance_score": 0, "site": "rambler.ru", "participants_count": 1, "title_full": "В Багдаде более 30 человек числятся без вести пропавшими после взрывов", "spam_score": 0.0, "site_type": "news", "published": "2016-10-03T19:14:00.000+03:00", "replies_count": 0, "uuid": "c2b3d56be0066440e0a37e9cb3b2c71daee142a9"}, "author": "РИА Новости", "url": "https://news.rambler.ru/middleeast/34885728-v-bagdade-bolee-30-chelovek-chislyatsya-bez-vesti-propavshimi-posle-vzryvov/", "ord_in_thread": 0, "title": "В Багдаде более 30 человек числятся без вести пропавшими после взрывов", "locations": [], "entities": {"persons": [], "locations": [], "organizations": []}, "highlightText": "", "language": "russian", "persons": [], "text": "[date] В Багдаде более 30 человек числятся без вести пропавшими после взрывов МОСКВА, 3 окт — РИА Новости. Два взрыва произошли в понедельник в иракской столице городе Багдад, более 30 человек числятся среди погибших и пострадавших, сообщает иракское агентство Al Mada Press со ссылкой на источник в министерстве внутренних дел страны. По данным агентства, первый взрыв произошел в квартале Амиль на юго-западе Багдада, его произвел террорист с использованием пояса смертника. В результате нападения погибли пять человек, 16 пострадали. Второй взрыв произошел на востоке столицы в квартале Новый Багдад. В результате атаки, совершенной террористом при помощи пояса смертника, погибли два человека, 11 получили ранения. Как сообщила организация SITE Intelligence Group со ссылкой на СМИ, лояльные террористической группировке \"Исламское государство\" , группировка взяла на себя ответственность за оба взрыва. В Ираке сохраняется напряженная ситуация в связи с деятельностью запрещенной в России и других странах террористической группировки \"Исламское государство\" (ИГ), захватившей часть страны. Боевики совершают нападения и теракты, жертвами которых чаще всего становятся мирные жители. В начале июля боевики ИГ совершили масштабное нападение в багдадском районе Эль-Каррада, где расположено большое число ресторанов и торговых площадей. Взрыв заминированного автомобиля был настолько мощный, что вызывал пожар в нескольких зданиях. Число жертв взрыва достигло 324.", "external_links": [], "published": "2016-10-03T19:14:00.000+03:00", "crawled": "2016-10-03T17:26:09.895+03:00", "highlightTitle": ""}