{"organizations": [], "uuid": "d6c3784011b141d036a32769b946ac07e10436a7", "thread": {"social": {"gplus": {"shares": 0}, "pinterest": {"shares": 0}, "vk": {"shares": 0}, "linkedin": {"shares": 0}, "facebook": {"likes": 0, "shares": 0, "comments": 0}, "stumbledupon": {"shares": 0}}, "site_full": "news.rambler.ru", "main_image": "https://news.rambler.ru/share/snippets/34867952/2d7042b808fc99db28b610aee1f64e0d.png", "site_section": "http://news.rambler.ru/rss/sport/", "section_title": "Спорт — Рамблер/новости", "url": "https://news.rambler.ru/sport/34867952-latsio-razgromil-udineze-v-7-om-ture-chempionata-italii/", "country": "RU", "domain_rank": 289, "title": "«Лацио» разгромил «Удинезе» в 7-ом туре чемпионата Италии", "performance_score": 0, "site": "rambler.ru", "participants_count": 1, "title_full": "«Лацио» разгромил «Удинезе» в 7-ом туре чемпионата Италии", "spam_score": 0.0, "site_type": "news", "published": "2016-10-02T06:19:00.000+03:00", "replies_count": 0, "uuid": "d6c3784011b141d036a32769b946ac07e10436a7"}, "author": "Р-Спорт", "url": "https://news.rambler.ru/sport/34867952-latsio-razgromil-udineze-v-7-om-ture-chempionata-italii/", "ord_in_thread": 0, "title": "«Лацио» разгромил «Удинезе» в 7-ом туре чемпионата Италии", "locations": [], "entities": {"persons": [], "locations": [], "organizations": []}, "highlightText": "", "language": "russian", "persons": [], "text": "Фото: РИА Новости Римский \"Лацио\" обыграл \"Удинезе\" в матче седьмого тура чемпионата Италии по футболу. Встреча, прошедшая в субботу в Удине, завершилась со счетом 3:0 в пользу \"Лацио\". В составе победителей дубль сделал Чиро Иммобиле (28-я и 61-я минуты), еще один мяч забил Бальде Кейта (54). \"Лацио\" с 13 очками занимает третье место в турнирной таблице чемпионата Италии, \"Удинезе\" с семью баллами идет 14-м. В другом матче серии А \"Кьево\" на выезде обыграл \"Пескару\" – 2:0.", "external_links": [], "published": "2016-10-02T06:19:00.000+03:00", "crawled": "2016-10-02T01:41:18.140+03:00", "highlightTitle": ""}