{"organizations": [], "uuid": "47c6ec01c9f40aa8dbf4090353fafb5256008caf", "thread": {"social": {"gplus": {"shares": 0}, "pinterest": {"shares": 0}, "vk": {"shares": 0}, "linkedin": {"shares": 0}, "facebook": {"likes": 0, "shares": 0, "comments": 0}, "stumbledupon": {"shares": 0}}, "site_full": "telegraf.com.ua", "main_image": "http://telegraf.com.ua/files/2016/10/016-567x309.jpg", "site_section": "http://telegraf.com.ua/yandex-feed", "section_title": "ТЕЛЕГРАФ - последние новости Украины и мира", "url": "http://telegraf.com.ua/kurezy/2870761-zabavnyie-kartinki-i-foto-so-vsego-interneta.html", "country": "UA", "domain_rank": 1750, "title": "Забавные картинки и фото со всего интернета", "performance_score": 0, "site": "telegraf.com.ua", "participants_count": 0, "title_full": "Забавные картинки и фото со всего интернета", "spam_score": 0.0, "site_type": "news", "published": "2016-10-03T05:01:00.000+03:00", "replies_count": 0, "uuid": "47c6ec01c9f40aa8dbf4090353fafb5256008caf"}, "author": "", "url": "http://telegraf.com.ua/kurezy/2870761-zabavnyie-kartinki-i-foto-so-vsego-interneta.html", "ord_in_thread": 0, "title": "Забавные картинки и фото со всего интернета", "locations": [], "entities": {"persons": [], "locations": [], "organizations": []}, "highlightText": "", "language": "russian", "persons": [], "text": "Забавные картинки и фото со всего интернета Подборка позитива для хорошего настроения В прошлом, становясь случайными свидетелями забавных ситуаций, мы сожалели о том, что не можем поделиться увиденным со своими друзьями. А сейчас практически каждый имеет возможность сделать снимок с помощью смартфона/телефона, ведь он всегда под рукой. И что особенно радует , ваши “веселые картинки” теперь могут удивлять и забавлять всех “гуляющих” по просторам интернета. Телеграф", "external_links": [], "published": "2016-10-03T05:01:00.000+03:00", "crawled": "2016-10-03T00:09:50.299+03:00", "highlightTitle": ""}