{"organizations": [], "uuid": "b78b163ccd512394e4281e9bb4b822f558e94bc0", "thread": {"social": {"gplus": {"shares": 0}, "pinterest": {"shares": 0}, "vk": {"shares": 0}, "linkedin": {"shares": 0}, "facebook": {"likes": 0, "shares": 0, "comments": 0}, "stumbledupon": {"shares": 0}}, "site_full": "www.ntv.ru", "main_image": "http://img2.ntv.ru/home/news/20161002/omm_sno.jpg", "site_section": "http://www.ntv.ru/exp/newsrss.jsp", "section_title": "НТВ. Новости", "url": "http://www.ntv.ru/novosti/1668000/?fb", "country": "RU", "domain_rank": 4110, "title": "Организаторы \"Ралли Сибирь\" прокомментировали гибель судьи", "performance_score": 0, "site": "ntv.ru", "participants_count": 0, "title_full": "Организаторы \"Ралли Сибирь\" прокомментировали гибель судьи", "spam_score": 0.0, "site_type": "news", "published": "2016-10-02T22:06:00.000+03:00", "replies_count": 0, "uuid": "b78b163ccd512394e4281e9bb4b822f558e94bc0"}, "author": "", "url": "http://www.ntv.ru/novosti/1668000/?fb", "ord_in_thread": 0, "title": "Организаторы \"Ралли Сибирь\" прокомментировали гибель судьи", "locations": [], "entities": {"persons": [], "locations": [], "organizations": []}, "highlightText": "", "language": "russian", "persons": [], "text": ": «Это был несчастный случай, произошло неудачное стечение обстоятельств: два пилота боролись на дистанции, и один настолько сильно подлетел, что попал в судейский пост». Судейские посты, установленные на трассе, Харченко назвал одними из лучших. По его словам, все посты стационарные исоответствуют необходимым стандартам, передает ТАСС . Что касается семьи погибшего судьи, то ей будет оказана вся необходимая материальная помощь, заверил Харченко. Омске в ходе гонки «Ралли Сибирь» автомобиль протаранил вышку судьями соревнований. В результате 55-летний судья погиб, 34-летняя женщина-стажер была госпитализирована в тяжелом состоянии.", "external_links": [], "published": "2016-10-02T22:06:00.000+03:00", "crawled": "2016-10-02T21:29:15.739+03:00", "highlightTitle": ""}