{"organizations": [], "uuid": "a3549eec2c9af59d23ac738313c55a406eb0be4d", "thread": {"social": {"gplus": {"shares": 0}, "pinterest": {"shares": 0}, "vk": {"shares": 0}, "linkedin": {"shares": 0}, "facebook": {"likes": 0, "shares": 0, "comments": 0}, "stumbledupon": {"shares": 0}}, "site_full": "www.blitz.bg", "main_image": "http://static.blitz.bg/documents/thumbnails/520/201610/1475295510-gggg.jpg", "site_section": "http://blitz.bg//rss.php?news", "section_title": "Информационна агенция \"БЛИЦ\"", "url": "http://www.blitz.bg/news/article/449563", "country": "BG", "domain_rank": 8286, "title": "Всички край мен хванаха вируса, само аз удържах фронта! И как иначе - тази смес ме пази по-добре от лекарство!", "performance_score": 0, "site": "blitz.bg", "participants_count": 0, "title_full": "Всички край мен хванаха вируса, само аз удържах фронта! И как иначе - тази смес ме пази по-добре от лекарство!", "spam_score": 0.0, "site_type": "news", "published": "2016-10-01T15:18:00.000+03:00", "replies_count": 0, "uuid": "a3549eec2c9af59d23ac738313c55a406eb0be4d"}, "author": "", "url": "http://www.blitz.bg/news/article/449563", "ord_in_thread": 0, "title": "Всички край мен хванаха вируса, само аз удържах фронта! И как иначе - тази смес ме пази по-добре от лекарство!", "locations": [], "entities": {"persons": [], "locations": [], "organizations": []}, "highlightText": "", "language": "russian", "persons": [], "text": "Общество", "external_links": [], "published": "2016-10-01T15:18:00.000+03:00", "crawled": "2016-10-01T07:46:06.169+03:00", "highlightTitle": ""}