{"organizations": [], "uuid": "dcd9cdb2f988eb5db1667d57b8136ad708aac2c6", "thread": {"social": {"gplus": {"shares": 0}, "pinterest": {"shares": 0}, "vk": {"shares": 0}, "linkedin": {"shares": 0}, "facebook": {"likes": 0, "shares": 0, "comments": 0}, "stumbledupon": {"shares": 0}}, "site_full": "video.bigmir.net", "main_image": "http://bm.img.com.ua/berlin/storage/video/600x500/a/0c/9ad848ac99181325ba72c4d192b870ca.jpg", "site_section": "http://video.bigmir.net/?_ctr=rss", "section_title": "Video - Главная", "url": "http://video.bigmir.net/24tv/newsua/591537-Poroshenko-poobeshchal-uchitelyam-s-novogo-goda-vishe-zarplati/", "country": "UA", "domain_rank": 3864, "title": "Порошенко пообещал учителям с нового года выше зарплаты", "performance_score": 0, "site": "bigmir.net", "participants_count": 0, "title_full": "Порошенко пообещал учителям с нового года выше зарплаты", "spam_score": 0.0, "site_type": "news", "published": "2016-10-02T00:29:00.000+03:00", "replies_count": 0, "uuid": "dcd9cdb2f988eb5db1667d57b8136ad708aac2c6"}, "author": "", "url": "http://video.bigmir.net/24tv/newsua/591537-Poroshenko-poobeshchal-uchitelyam-s-novogo-goda-vishe-zarplati/", "ord_in_thread": 0, "title": "Порошенко пообещал учителям с нового года выше зарплаты", "locations": [], "entities": {"persons": [], "locations": [], "organizations": []}, "highlightText": "", "language": "russian", "persons": [], "text": "Порошенко пообещал учителям с нового года выше зарплаты 0 0 Сегодня <p>Об этом он написал в своем Facebook.</p><p>Дал задание Правительству в 2017 году повысить заработную плату учителей на треть, – отметил Порошенко.</p><p>По его словам, со следующего года минимальная зарплата учителей без категории составит 4 541 гривны, а учителя высшей категории будут получать почти 6,5 тысяч гривен.</p><p>К слову, День учителя в Украине отмечают в первое воскресенье октября.</p> Смотри также", "external_links": [], "published": "2016-10-02T00:29:00.000+03:00", "crawled": "2016-10-01T22:21:30.776+03:00", "highlightTitle": ""}