{"organizations": [], "uuid": "419bee18f0957b775aa7089116a25a05bbe72408", "thread": {"social": {"gplus": {"shares": 0}, "pinterest": {"shares": 0}, "vk": {"shares": 0}, "linkedin": {"shares": 0}, "facebook": {"likes": 0, "shares": 0, "comments": 0}, "stumbledupon": {"shares": 0}}, "site_full": "vz.ru", "main_image": "http://vz.ru/images/600x400_vz.jpg", "site_section": "http://vz.ru/", "section_title": "«ВЗГЛЯД.РУ»", "url": "http://vz.ru/news/2016/10/2/835803.html", "country": "RU", "domain_rank": 3116, "title": "СМИ высмеяли министра иностранных дел Британии за оговорку об Африке", "performance_score": 0, "site": "vz.ru", "participants_count": 6, "title_full": "ВЗГЛЯД / СМИ высмеяли министра иностранных дел Британии за оговорку об Африке", "spam_score": 0.01, "site_type": "news", "published": "2016-10-02T19:58:00.000+03:00", "replies_count": 5, "uuid": "419bee18f0957b775aa7089116a25a05bbe72408"}, "author": "vz.ru", "url": "http://vz.ru/news/2016/10/2/835803.html", "ord_in_thread": 0, "title": "СМИ высмеяли министра иностранных дел Британии за оговорку об Африке", "locations": [], "entities": {"persons": [], "locations": [], "organizations": []}, "highlightText": "", "language": "russian", "persons": [], "text": "Глава МИД Великобритании Борис Джонсон на ежегодном партийном съезде правящей Консервативной партии в Бирмингеме назвал Африку страной, сообщают СМИ.\n«Все, что Джонсону нужно было сделать - это не наделать глупостей, назвав Африку страной. Но у него не получилось. И это было его первое выступление как главы МИД на партийной конференции», - отмечает Mirror.\n Кристина Потупчик: Педофильское лобби на федеральном канале Нидерланды выбрали самый безопасный режим расследования катастрофы «Боинга»", "external_links": [], "published": "2016-10-02T19:58:00.000+03:00", "crawled": "2016-10-03T04:26:06.113+03:00", "highlightTitle": ""}