{"organizations": [], "uuid": "287c6de8caead6de2d6d45db902d877f0846d8b2", "thread": {"social": {"gplus": {"shares": 0}, "pinterest": {"shares": 0}, "vk": {"shares": 0}, "linkedin": {"shares": 0}, "facebook": {"likes": 1, "shares": 1, "comments": 0}, "stumbledupon": {"shares": 0}}, "site_full": "www.interfax.ru", "main_image": "http://www.interfax.ru/aspimg/530717.png", "site_section": "http://www.interfax.ru/rss.asp", "section_title": "Интерфакс", "url": "http://www.interfax.ru/world/530717", "country": "RU", "domain_rank": 4701, "title": "Samsung возобновила продажу Galaxy Note 7 в Южной Корее", "performance_score": 0, "site": "interfax.ru", "participants_count": 0, "title_full": "Samsung возобновила продажу Galaxy Note 7 в Южной Корее", "spam_score": 0.0, "site_type": "news", "published": "2016-10-01T17:01:00.000+03:00", "replies_count": 0, "uuid": "287c6de8caead6de2d6d45db902d877f0846d8b2"}, "author": "", "url": "http://www.interfax.ru/world/530717", "ord_in_thread": 0, "title": "Samsung возобновила продажу Galaxy Note 7 в Южной Корее", "locations": [], "entities": {"persons": [], "locations": [], "organizations": []}, "highlightText": "", "language": "russian", "persons": [], "text": "12:01, 1 октября 2016 \nяет взрывы и возгорания смартфонов неполадками аккумулятора. \nSamsung Electronics 2 сентября приостановила продажи Galaxy Note 7 - новой модели, которая вышла на рынок в августе. Кроме того, компания сообщила об отзыве 2,5 млн ранее проданных устройств в различных странах. \nБыло обнаружено более 30 смартфонов с неисправностью аккумулятора. \nС тех пор крупные авиакомпании и власти нескольких стран, включая Россию, призвали не использовать смартфоны Galaxy Note 7 на борту самолета и не сдавать их в багаж. \nПока не все владельцы потенциально опасных смартфонов вернули их производителю, поэтому неизвестно, когда запрет будет снят. \nВместе с тем пользователи, уже обменявшие смартфоны с возможными неполадками на новые, жалуются, что устройства перегреваются во время звонков, а заряд телефона заканчивается слишком быстро. \nПредставители Samsung пообещали разобраться с жалобами, однако настаивают, что проблемы возникают лишь в единичных случаях. Новости по теме 23 сентября 09:42 В США покупатели вернули Samsung уже 500 тысяч смартфонов Galaxy Note 7 19 сентября 16:28", "external_links": [], "published": "2016-10-01T17:01:00.000+03:00", "crawled": "2016-10-01T14:10:41.213+03:00", "highlightTitle": ""}