{"organizations": [], "uuid": "a70c11b7e2901830644451dfdf0d6ada5b224c20", "thread": {"social": {"gplus": {"shares": 4}, "pinterest": {"shares": 0}, "vk": {"shares": 0}, "linkedin": {"shares": 0}, "facebook": {"likes": 3, "shares": 3, "comments": 0}, "stumbledupon": {"shares": 0}}, "site_full": "rusvesna.su", "main_image": "", "site_section": "http://rusvesna.su/rss.xml", "section_title": "Русская весна", "url": "http://rusvesna.su/news/1475501392", "country": "US", "domain_rank": 4346, "title": "Требования МВФ несправедливы для народа Белоруссии, — Лукашенко", "performance_score": 0, "site": "rusvesna.su", "participants_count": 0, "title_full": "Требования МВФ несправедливы для народа Белоруссии, — Лукашенко", "spam_score": 0.0, "site_type": "news", "published": "2016-10-03T21:29:00.000+03:00", "replies_count": 0, "uuid": "a70c11b7e2901830644451dfdf0d6ada5b224c20"}, "author": "", "url": "http://rusvesna.su/news/1475501392", "ord_in_thread": 0, "title": "Требования МВФ несправедливы для народа Белоруссии, — Лукашенко", "locations": [], "entities": {"persons": [], "locations": [], "organizations": []}, "highlightText": "", "language": "russian", "persons": [], "text": "Со стороны украинской стороны слышна исходящая стрельба из АГС. 03.10.2016 - 16:10 \nБТРы,   Страницы", "external_links": [], "published": "2016-10-03T21:29:00.000+03:00", "crawled": "2016-10-03T16:34:56.410+03:00", "highlightTitle": ""}