{"organizations": [], "uuid": "2bc94ab2260e3d08d5403ade99525c4c19522dab", "thread": {"social": {"gplus": {"shares": 0}, "pinterest": {"shares": 0}, "vk": {"shares": 0}, "linkedin": {"shares": 0}, "facebook": {"likes": 0, "shares": 0, "comments": 0}, "stumbledupon": {"shares": 0}}, "site_full": "www.aif.ru", "main_image": "http://images.aif.ru/010/114/ccf94e719364ca12bdbf25388933262f.jpg", "site_section": "http://www.aif.ru/rss/all.php", "section_title": "Аргументы и Факты", "url": "http://www.aif.ru/society/people/dom_s_kartinami_hudozhnica_iz_lipecka_raduet_svoim_tvorchestvom_sosedey", "country": "RU", "domain_rank": 3127, "title": "Дом с картинами. Художница из Липецка радует своим творчеством соседей", "performance_score": 0, "site": "aif.ru", "participants_count": 0, "title_full": "Дом с картинами. Художница из Липецка радует своим творчеством соседей", "spam_score": 0.0, "site_type": "news", "published": "2016-10-01T05:03:00.000+03:00", "replies_count": 0, "uuid": "2bc94ab2260e3d08d5403ade99525c4c19522dab"}, "author": "", "url": "http://www.aif.ru/society/people/dom_s_kartinami_hudozhnica_iz_lipecka_raduet_svoim_tvorchestvom_sosedey", "ord_in_thread": 0, "title": "Дом с картинами. Художница из Липецка радует своим творчеством соседей", "locations": [], "entities": {"persons": [], "locations": [], "organizations": []}, "highlightText": "", "language": "russian", "persons": [], "text": "00:03 (сегодня) Екатерина Деревяшкина 0 3 Дом с картинами. Художница из Липецка радует своим творчеством соседей Что интересного может быть в подъезде многоэтажки? Это зависит от её жильцов. Иногда соседи заказывают Галине сюжеты картин. © / Фото автора \nХудожнице из Липецка однажды надоели унылые облупившиеся стены её дома. «Душа требовала красоты, - улыбается Галина Прокофьева . - Я взяла краски и начала рисовать. Чуть пройдусь кистью по стенам и жду - какой будет реакция соседей. Вижу - людям нравится, ну я и стала смелее раскрашивать. Проходит какое-то время, и мне соседка говорит: «Мы уезжаем на дачу, может, нарисуешь что-нибудь у нас на двери?» А мне только дай волю. Когда они вернулись, на их двери была целая картина». Ребятам нашего двора. Как инженер-механик создал настоящий парк \nТак, вечерами, а иногда и ночами, чтобы соседям не мешать, Галина Александровна меняла мир вокруг себя. Теперь на стенах дома среди берёз живут ёжик, сова, олени, поросята, герои мультфильмов. А жильцы, когда объясняют, как найти квартиру, называют не номер, а говорят: «Справа от гуся» или «Там, где кот Леопольд». Некоторые последовали примеру Галины и взялись за дело: покрасили забор у дома, посадили цветы, «поселили» во дворе игрушки. Заразное это дело - с помощью красоты спасать свой мир.", "external_links": [], "published": "2016-10-01T05:03:00.000+03:00", "crawled": "2016-10-01T00:12:05.907+03:00", "highlightTitle": ""}