{"organizations": [], "uuid": "7c092225eb80bed535cfd2b6c61be51855ecce03", "thread": {"social": {"gplus": {"shares": 0}, "pinterest": {"shares": 0}, "vk": {"shares": 0}, "linkedin": {"shares": 0}, "facebook": {"likes": 0, "shares": 0, "comments": 0}, "stumbledupon": {"shares": 0}}, "site_full": "www.championat.com", "main_image": "https://img.championat.com/news2/social/6/97/2594868.jpg", "site_section": "http://www.championat.com/xml/rss.xml", "section_title": "Чемпионат.com  (новости)", "url": "https://www.championat.com/football/news-2594868-allegri-v-matche-s-empoli-o-nedoocenke-sopernika-i-rechi-byt-ne-mozhet.html", "country": "RU", "domain_rank": 1710, "title": "Аллегри: в матче с «Эмполи» о недооценке соперника и речи быть не может", "performance_score": 0, "site": "championat.com", "participants_count": 0, "title_full": "Аллегри: в матче с «Эмполи» о недооценке соперника и речи быть не может", "spam_score": 0.0, "site_type": "news", "published": "2016-10-01T20:20:00.000+03:00", "replies_count": 0, "uuid": "7c092225eb80bed535cfd2b6c61be51855ecce03"}, "author": "", "url": "https://www.championat.com/football/news-2594868-allegri-v-matche-s-empoli-o-nedoocenke-sopernika-i-rechi-byt-ne-mozhet.html", "ord_in_thread": 0, "title": "Аллегри: в матче с «Эмполи» о недооценке соперника и речи быть не может", "locations": [], "entities": {"persons": [], "locations": [], "organizations": []}, "highlightText": "", "language": "russian", "persons": [], "text": "Аллегри: в матче с «Эмполи» о недооценке соперника и речи быть не может  20. Футбол Главный тренер туринского «Ювентуса» Массимилиано Аллегри поделился ожиданиями от выездного матча 7-го тура итальянской Серии А с «Эмполи», который состоится в воскресенье, 2 октября. «Я буду рад, если «Ювентус» наберёт три очка. Время начала матча необычное для нас. «Эмполи» проиграл «Интеру» и «Лацио», но они играли хорошо и не заслуживали поражения, особенно в прошлые выходные. Я рад, что в Лиге чемпионов против загребского «Динамо» мы играли гораздо лучше, чем в матче с «Палермо». «Ювентус» стремится играть на победу в каждом турнире, участие в котором принимает. Завтра о недооценке соперника и речи быть не может. Игроки понимают, что неправильное отношение может дорого обойтись. Поверьте мне, они не хотят этого», — цитирует Аллегри пресс-служба «Ювентуса».", "external_links": [], "published": "2016-10-01T20:20:00.000+03:00", "crawled": "2016-10-01T15:27:39.078+03:00", "highlightTitle": ""}