{"organizations": [], "uuid": "a1564c1fded9bf86f8a4a290613fdd8e5315215b", "thread": {"social": {"gplus": {"shares": 0}, "pinterest": {"shares": 0}, "vk": {"shares": 0}, "linkedin": {"shares": 0}, "facebook": {"likes": 0, "shares": 0, "comments": 0}, "stumbledupon": {"shares": 0}}, "site_full": "vz.ru", "main_image": "http://vz.ru/images/600x400_vz.jpg", "site_section": "http://vz.ru/world", "section_title": "ВЗГЛЯД / В мире", "url": "http://vz.ru/news/2016/10/2/835757.html", "country": "RU", "domain_rank": 3116, "title": "В Китае четыре канатоходца сорвались в реку во время выступления", "performance_score": 0, "site": "vz.ru", "participants_count": 5, "title_full": "ВЗГЛЯД / В Китае четыре канатоходца сорвались в реку во время выступления", "spam_score": 0.011, "site_type": "news", "published": "2016-10-02T09:30:00.000+03:00", "replies_count": 5, "uuid": "a1564c1fded9bf86f8a4a290613fdd8e5315215b"}, "author": "vz.ru", "url": "http://vz.ru/news/2016/10/2/835757.html", "ord_in_thread": 0, "title": "В Китае четыре канатоходца сорвались в реку во время выступления", "locations": [], "entities": {"persons": [], "locations": [], "organizations": []}, "highlightText": "", "language": "russian", "persons": [], "text": "Во время выступления в уезде Пэнси в Китае четыре канатоходца сорвались в реку, как минимум два артиста погибли, сообщает международное радио Китая (CRI).\nИнцидент произошел в уезде Пэнси в провинции Сычуань. По неустановленной причине группа артистов сорвалась в реку во время выступления. Одного из артистов удалось спасти, один пропал, передает РИА «Новости» .\nВ настоящий момент продолжаются его поиски. Ведется расследование случившегося.", "external_links": ["http://geroy.ru/js/persons.js", "http://ria.ru/", "http://adv.russia.ru/adv?id=3&c=2&n=4&css=/css/vz.css"], "published": "2016-10-02T09:30:00.000+03:00", "crawled": "2016-10-02T22:04:10.242+03:00", "highlightTitle": ""}