{"organizations": [], "uuid": "9b1c2b74824f02c00fd3bfb9323a1a8cd92896d8", "thread": {"social": {"gplus": {"shares": 0}, "pinterest": {"shares": 0}, "vk": {"shares": 0}, "linkedin": {"shares": 0}, "facebook": {"likes": 0, "shares": 0, "comments": 0}, "stumbledupon": {"shares": 0}}, "site_full": "www.bbc.com", "main_image": "http://ichef-1.bbci.co.uk/news/ws/1024/amz/worldservice/live/assets/images/2016/09/19/160919102442_groysman_budget_640x360_unian_nocredit.jpg", "site_section": "", "section_title": "", "url": "http://www.bbc.com/ukrainian/rolling_news_russian/2016/09/160930_ru_n_groysman_budget", "country": "GB", "domain_rank": 130, "title": "Кабмин надеется на принятие бюджета до 1 декабря - BBC Україна", "performance_score": 0, "site": "bbc.com", "participants_count": 0, "title_full": "Кабмин надеется на принятие бюджета до 1 декабря - BBC Україна", "spam_score": 0.218, "site_type": "news", "published": "2016-10-01T00:26:00.000+03:00", "replies_count": 0, "uuid": "9b1c2b74824f02c00fd3bfb9323a1a8cd92896d8"}, "author": "", "url": "http://www.bbc.com/ukrainian/rolling_news_russian/2016/09/160930_ru_n_groysman_budget", "ord_in_thread": 0, "title": "Кабмин надеется на принятие бюджета до 1 декабря - BBC Україна", "locations": [], "entities": {"persons": [], "locations": [], "organizations": []}, "highlightText": "", "language": "russian", "persons": [], "text": "Кабмин надеется на принятие бюджета до 1 декабря 30 вересня 2016 Поделиться Премьер-министр Украины Владимир Гройсман надеется, что Верховная Рада до 1 декабря успеет внести все правки в проект закона о государственном бюджете на 2017 год, и он будет своевременно принят. \n\"Мы рассчитываем, что 1 декабря, как и предусмотрено законом, закон о государственном бюджете будет принят. Мы должны абсолютно планово войти в следующий бюджетный год\", - сказал премьер-министр Гройсман, которого цитирует пресс-служба Кабмина. \nОн также отметил, что ведет переговоры с депутатами для того, чтобы принять \"не популистский\", а реальный бюджет. \n15 сентября Кабмин внес в Верховную Раду проект государственного бюджета на 2017 год. Согласно проекту, правительство ожидает в 2017 году рост ВВП на 3%, а инфляция планируется на уровне 14,1%. ", "external_links": [], "published": "2016-10-01T00:26:00.000+03:00", "crawled": "2016-10-01T05:51:48.903+03:00", "highlightTitle": ""}