{"organizations": [], "uuid": "ee9fa127d07012c460aaa343642d67215ee4b14f", "thread": {"social": {"gplus": {"shares": 0}, "pinterest": {"shares": 0}, "vk": {"shares": 0}, "linkedin": {"shares": 0}, "facebook": {"likes": 0, "shares": 0, "comments": 0}, "stumbledupon": {"shares": 0}}, "site_full": "telegraf.com.ua", "main_image": "http://telegraf.com.ua/files/2016/10/1475338620_iphone-8-567x309.jpg", "site_section": "http://telegraf.com.ua/yandex-feed/", "section_title": "ТЕЛЕГРАФ - последние новости Украины и мира", "url": "http://telegraf.com.ua/tehnologii/2870131-poyavilis-sluhi-o-sleduyushhem-pokolenii-iphone-i-mac.html", "country": "UA", "domain_rank": 1750, "title": "Появились слухи о следующем поколении iPhone и Mac", "performance_score": 0, "site": "telegraf.com.ua", "participants_count": 0, "title_full": "Появились слухи о следующем поколении iPhone и Mac", "spam_score": 0.0, "site_type": "news", "published": "2016-10-02T13:01:00.000+03:00", "replies_count": 0, "uuid": "ee9fa127d07012c460aaa343642d67215ee4b14f"}, "author": "", "url": "http://telegraf.com.ua/tehnologii/2870131-poyavilis-sluhi-o-sleduyushhem-pokolenii-iphone-i-mac.html", "ord_in_thread": 0, "title": "Появились слухи о следующем поколении iPhone и Mac", "locations": [], "entities": {"persons": [], "locations": [], "organizations": []}, "highlightText": "", "language": "russian", "persons": [], "text": "Фото: vistanews.ru Не успел и месяц пройти, как корпорация Apple готовится удивлять новинками. \nПоявились последние слухи о следующем поколении iPhone и Mac. Один из разработчиков компании проговорился, что приставки \"s\" не будет, свет увидит полноценный iPhone 8. \nНе успел и месяц пройти, как корпорация Apple готовится к знакомству общественности с новинками будущего, юбилейного для компании, года. Прежде всего изменения коснутся MacBook Pro, который будет оснащен сканером отпечатков пальцев и сенсорной панелью. \nПо неподтвержденным данным, презентацию следует ожидать 24 октября. Помимо прочего, ожидается появление MacBook Air с тринадцатью дюймами. \nЧто же касается самого iPhone 8, то имеются сведения о его схожести с четвертой моделью смартфона - лицевая панель окажется полностью покрытой стеклом, возможно, будет отсутствовать кнопка Home. Компания Apple намекает, что дисплеи также заменятся на AMOLED.", "external_links": [], "published": "2016-10-02T13:01:00.000+03:00", "crawled": "2016-10-02T08:12:30.970+03:00", "highlightTitle": ""}