{"organizations": [], "uuid": "3961911132228a686010d35a33c5184249cb8c0f", "thread": {"social": {"gplus": {"shares": 0}, "pinterest": {"shares": 0}, "vk": {"shares": 0}, "linkedin": {"shares": 0}, "facebook": {"likes": 0, "shares": 0, "comments": 0}, "stumbledupon": {"shares": 0}}, "site_full": "www.aif.ru", "main_image": "http://images.aif.ru/010/131/26aedbf6a910435c28f025c4b3d2ea1c.jpg", "site_section": "http://www.aif.ru/rss/all.php", "section_title": "Аргументы и Факты", "url": "http://www.aif.ru/incidents/v_moskve_zaderzhan_predpolagaemyy_ubiyca_16-letney_devushki", "country": "RU", "domain_rank": 3127, "title": "В Москве задержан предполагаемый убийца 16-летней девушки", "performance_score": 0, "site": "aif.ru", "participants_count": 0, "title_full": "В Москве задержан предполагаемый убийца 16-летней девушки", "spam_score": 0.0, "site_type": "news", "published": "2016-10-02T22:25:00.000+03:00", "replies_count": 0, "uuid": "3961911132228a686010d35a33c5184249cb8c0f"}, "author": "", "url": "http://www.aif.ru/incidents/v_moskve_zaderzhan_predpolagaemyy_ubiyca_16-letney_devushki", "ord_in_thread": 0, "title": "В Москве задержан предполагаемый убийца 16-летней девушки", "locations": [], "entities": {"persons": [], "locations": [], "organizations": []}, "highlightText": "", "language": "russian", "persons": [], "text": "В Москве задержан предполагаемый убийца 16-летней девушки По предварительным данным, причиной убийства стал пьяный конфликт между задержанным 22-летним молодым человеком и девушкой mignews.com.ua Москва, 2 октября - АиФ-Москва. \nПолицейские задержали в Москве подозреваемого в убийстве 16-летней девушки. Им оказался 22-летний молодой человек, передает Интерфакс со ссылкой на источник в правоохранительных органах российской столицы. \nПо предварительной версии, причиной убийства стал пьяный конфликт между задержанным и девушкой. \nВ воскресенье в парковой зоне на северо-западе Москвы было найдено тело 16-летней девушки с ножевым ранением в шею. По факту убийства следователи завели уголовное дело.", "external_links": [], "published": "2016-10-02T22:25:00.000+03:00", "crawled": "2016-10-02T17:29:43.993+03:00", "highlightTitle": ""}