{"organizations": [], "uuid": "1d00e19a596bc04729f4f7c6f608d802d54600e8", "thread": {"social": {"gplus": {"shares": 0}, "pinterest": {"shares": 0}, "vk": {"shares": 0}, "linkedin": {"shares": 0}, "facebook": {"likes": 0, "shares": 0, "comments": 0}, "stumbledupon": {"shares": 0}}, "site_full": "www.vz.ru", "main_image": "http://vz.ru/images/600x400_vz.jpg", "site_section": "http://www.vz.ru/rss.xml", "section_title": "Взгляд", "url": "http://www.vz.ru/news/2016/10/3/835816.html", "country": "RU", "domain_rank": 3116, "title": "Йеменские повстанцы объявили о начале формирования собственного кабмина", "performance_score": 0, "site": "vz.ru", "participants_count": 0, "title_full": "Йеменские повстанцы объявили о начале формирования собственного кабмина", "spam_score": 0.0, "site_type": "news", "published": "2016-10-03T08:49:00.000+03:00", "replies_count": 0, "uuid": "1d00e19a596bc04729f4f7c6f608d802d54600e8"}, "author": "", "url": "http://www.vz.ru/news/2016/10/3/835816.html", "ord_in_thread": 0, "title": "Йеменские повстанцы объявили о начале формирования собственного кабмина", "locations": [], "entities": {"persons": [], "locations": [], "organizations": []}, "highlightText": "", "language": "russian", "persons": [], "text": "Популярные материалы Решение вступит в силу после публикации в официальной газете, передает ТАСС . \nО намерении создать собственный кабинет со штаб- квартирой в контролируемой мятежниками столице страны хуситы сообщили 21 августа. Основным партнером мятежников в противостоянии международной признанному правительству является партия Всеобщий народный конгресс под руководством экс-президента Салеха. \nОфициальные власти Йемена считают « \n\n\nВооруженное противостояние между правительственными силами и « \nВы можете комментировать материалы газеты ВЗГЛЯД,", "external_links": [], "published": "2016-10-03T08:49:00.000+03:00", "crawled": "2016-10-03T04:41:22.975+03:00", "highlightTitle": ""}