{"organizations": [], "uuid": "3c15f1ee06b389956f6b80388fe1e1fd45133c4f", "thread": {"social": {"gplus": {"shares": 0}, "pinterest": {"shares": 0}, "vk": {"shares": 0}, "linkedin": {"shares": 0}, "facebook": {"likes": 0, "shares": 0, "comments": 0}, "stumbledupon": {"shares": 0}}, "site_full": "www.sports.ru", "main_image": "https://s5o.ru/common/images/i/logo/300x300_sports.png", "site_section": "http://www.sports.ru/rss/all_news.xml", "section_title": "Новости - Футбол, хоккей, баскетбол, теннис, бокс, Формула-1 – все новости спорта на Sports.ru", "url": "http://www.sports.ru/automoto/1044418538.html", "country": "RU", "domain_rank": 2139, "title": "Дженсон Баттон: «Болид стал значительно лучше в сравнении с пятничной практикой»", "performance_score": 0, "site": "sports.ru", "participants_count": 0, "title_full": "Дженсон Баттон: «Болид стал значительно лучше в сравнении с пятничной практикой»", "spam_score": 0.0, "site_type": "news", "published": "2016-10-01T22:07:00.000+03:00", "replies_count": 0, "uuid": "3c15f1ee06b389956f6b80388fe1e1fd45133c4f"}, "author": "", "url": "http://www.sports.ru/automoto/1044418538.html", "ord_in_thread": 0, "title": "Дженсон Баттон: «Болид стал значительно лучше в сравнении с пятничной практикой»", "locations": [], "entities": {"persons": [], "locations": [], "organizations": []}, "highlightText": "", "language": "russian", "persons": [], "text": "Теги Гран-при Малайзии Макларен Дженсон Баттон Формула-1 \nПилот «Макларена» Дженсон Баттон остался доволен результатами квалификации к Гран-при Малайзии, в которой ему удалось занять девятое место. \n«Я очень доволен результатами и получил удовольствие от квалификации. Девятое место – не так уж плохо, если учитывать темп «Форс-Индии». Очень рад, что мне удалось опередить оба «Уильямса». Думаю, я в хорошей позиции перед завтрашней гонкой, и смогу бороться против соперников, которые стартуют рядом. \nВ сравнении со вчерашним днем мы добились значительного прогресса в работе с болидом. Сегодня утром я впервые на этом этапе почувствовал себя комфортно за рулем», – цитирует Баттона f1i.", "external_links": [], "published": "2016-10-01T22:07:00.000+03:00", "crawled": "2016-10-01T17:33:40.004+03:00", "highlightTitle": ""}