{"organizations": [], "uuid": "268e1457c5a8ca0d0963e359b55100c07c1edb2c", "thread": {"social": {"gplus": {"shares": 0}, "pinterest": {"shares": 0}, "vk": {"shares": 0}, "linkedin": {"shares": 0}, "facebook": {"likes": 0, "shares": 0, "comments": 0}, "stumbledupon": {"shares": 0}}, "site_full": "news.rambler.ru", "main_image": "https://news.rambler.ru/share/snippets/34879127/2d28f19b37a28fec0c67e6c2ce3c7ca5.png", "site_section": "http://news.rambler.ru/rss/Georgia/", "section_title": "Грузия — Рамблер/новости", "url": "https://news.rambler.ru/caucasus/34879127-eks-glava-minoborony-gruzii-zayavil-chto-v-nego-strelyali/", "country": "RU", "domain_rank": 289, "title": "Экс-глава Минобороны Грузии заявил, что в него стреляли", "performance_score": 0, "site": "rambler.ru", "participants_count": 1, "title_full": "Экс-глава Минобороны Грузии заявил, что в него стреляли", "spam_score": 0.0, "site_type": "news", "published": "2016-10-03T02:23:00.000+03:00", "replies_count": 0, "uuid": "268e1457c5a8ca0d0963e359b55100c07c1edb2c"}, "author": "РИА Новости", "url": "https://news.rambler.ru/caucasus/34879127-eks-glava-minoborony-gruzii-zayavil-chto-v-nego-strelyali/", "ord_in_thread": 0, "title": "Экс-глава Минобороны Грузии заявил, что в него стреляли", "locations": [], "entities": {"persons": [], "locations": [], "organizations": []}, "highlightText": "", "language": "russian", "persons": [], "text": "Фото: РИА «ВладТайм» ТБИЛИСИ, 2 окт — РИА Новости, Мэги Кикалейшвили. Бывший министр обороны Грузии Ираклий Окруашвили заявил, что во время встречи с избирателями в городе Гори за неделю до парламентских выборов в него стрелял некий человек, в результате чего ранения получили два человека. Окруашвили является кандидатом в мажоритарные депутаты от Горийского района. Окруашвили заявляет, что вооруженное нападение на него совершил некий Александр Ондуашвили. \"У Ондуашвили было желание сорвать встречу. Сотрудники моей охраны довольно солидарно и деликатно сумели это предотвратить. В результате, Ондуашвили достал оружие и нацеленно выстрелил несколько раз как в мою сторону, так в сторону членов моей охраны\", — заявил Окруашвили журналистам. По словам бывшего министра, ранен один член его охраны и координатор, которые доставлены в клинику. Окруашвили утверждает, что очевидцами случившегося были 30-40 человек. МВД Грузии уже начало расследование по факту и отмечает, что личность подозреваемого в вооруженном нападении идентифицирована.", "external_links": [], "published": "2016-10-03T02:23:00.000+03:00", "crawled": "2016-10-03T02:22:45.927+03:00", "highlightTitle": ""}