{"organizations": [], "uuid": "116fed01d419ede7b8fa33e43a77188001d8fb8b", "thread": {"social": {"gplus": {"shares": 11}, "pinterest": {"shares": 0}, "vk": {"shares": 0}, "linkedin": {"shares": 0}, "facebook": {"likes": 85, "shares": 85, "comments": 0}, "stumbledupon": {"shares": 0}}, "site_full": "russian.rt.com", "main_image": "https://russian.rt.com/static/blocks/og-img/pl-16.jpg", "site_section": "http://russian.rt.com/rss/", "section_title": "RT на русском", "url": "https://russian.rt.com/article/323871-v-polshe-protestuyut-protiv-uzhestocheniya-zakonodatelstva-po", "country": "US", "domain_rank": 538, "title": "В Польше протестуют против полного запрета абортов", "performance_score": 0, "site": "rt.com", "participants_count": 1, "title_full": "В Польше протестуют против полного запрета абортов", "spam_score": 0.0, "site_type": "news", "published": "2016-10-02T01:58:00.000+03:00", "replies_count": 0, "uuid": "116fed01d419ede7b8fa33e43a77188001d8fb8b"}, "author": "RT на русском", "url": "https://russian.rt.com/article/323871-v-polshe-protestuyut-protiv-uzhestocheniya-zakonodatelstva-po", "ord_in_thread": 0, "title": "В Польше протестуют против полного запрета абортов", "locations": [], "entities": {"persons": [], "locations": [], "organizations": []}, "highlightText": "", "language": "russian", "persons": [], "text": "1 октября 2016, 20:58 В столице Польши тысячи людей выступили против ужесточения законодательства, которое приведёт к полному запрету абортов. \nКак передаёт Sputnik, акция прошла в Варшаве у здания парламента в субботу, 1 октября. Демонстранты вышли на улицы города с транспарантами «запрет законных абортов убивает», «нам нужны врачи, а не полиция». \nОни также скандировали: «Мы хотим любить, а не умирать», «Правительство — не беременность, мы можем от него избавиться». \nМитинг поддержали и оппозиционные партии. Организаторы призвали женщин продолжить шествие в понедельник. Как ожидается, волна акций протеста может вылиться в общенациональную женскую забастовку. \nРанее парламент Польши не согласился отклонить спорный законопроект, предлагающий наложить полный запрет на аборты в стране. Spent my Saturday afternoon protesting against recently proposed draconian anti-abortion law in Poland. #CzarnyProtest #BlackProtest pic.twitter.com/VoeYozFUZN", "external_links": [], "published": "2016-10-02T01:58:00.000+03:00", "crawled": "2016-10-01T21:20:48.892+03:00", "highlightTitle": ""}