{"organizations": [], "uuid": "806282e0f6a1b8c11465a7d1516ec2d2ce1e9f1a", "thread": {"social": {"gplus": {"shares": 0}, "pinterest": {"shares": 0}, "vk": {"shares": 0}, "linkedin": {"shares": 0}, "facebook": {"likes": 0, "shares": 0, "comments": 0}, "stumbledupon": {"shares": 0}}, "site_full": "www.ntv.ru", "main_image": "http://img2.ntv.ru/home/news/20160930/police83_sno.jpg", "site_section": "http://www.ntv.ru/exp/newsrss.jsp", "section_title": "НТВ. Новости", "url": "http://www.ntv.ru/novosti/1667417/?fb", "country": "RU", "domain_rank": 4110, "title": "В Новой Москве убили пятилетнего мальчика", "performance_score": 0, "site": "ntv.ru", "participants_count": 0, "title_full": "В Новой Москве убили пятилетнего мальчика", "spam_score": 0.0, "site_type": "news", "published": "2016-10-01T04:37:00.000+03:00", "replies_count": 0, "uuid": "806282e0f6a1b8c11465a7d1516ec2d2ce1e9f1a"}, "author": "", "url": "http://www.ntv.ru/novosti/1667417/?fb", "ord_in_thread": 0, "title": "В Новой Москве убили пятилетнего мальчика", "locations": [], "entities": {"persons": [], "locations": [], "organizations": []}, "highlightText": "", "language": "russian", "persons": [], "text": "сайте СУ СК РФ по Москве, тело пятилетнего мальчика с признаками насильственной смерти через удушение было обнаружено в пятницу одном из жилых домов на территории Новой Москвы. 105 УК РФ «Убийство малолетнего». настоящее время на месте преступления работают криминалисты, опрашивающие родственников и соседей. Ведется расследование.", "external_links": [], "published": "2016-10-01T04:37:00.000+03:00", "crawled": "2016-10-01T00:10:17.135+03:00", "highlightTitle": ""}