{"organizations": [], "uuid": "c847798e5738f35008c7ab354d3b6e46d6fccde0", "thread": {"social": {"gplus": {"shares": 0}, "pinterest": {"shares": 0}, "vk": {"shares": 0}, "linkedin": {"shares": 0}, "facebook": {"likes": 1, "shares": 1, "comments": 0}, "stumbledupon": {"shares": 0}}, "site_full": "fishki.net", "main_image": "http://cdn-tn.fishki.net/20/preview/2092205.jpg", "site_section": "http://fishki.net/rss/", "section_title": "Fishki.net - Сайт хорошего настроения", "url": "http://fishki.net/auto/2092205-zhestokoe-dtp.html", "country": "RU", "domain_rank": 1178, "title": "Жестокое ДТП", "performance_score": 0, "site": "fishki.net", "participants_count": 0, "title_full": "Жестокое ДТП", "spam_score": 0.0, "site_type": "news", "published": "2016-10-02T16:13:00.000+03:00", "replies_count": 0, "uuid": "c847798e5738f35008c7ab354d3b6e46d6fccde0"}, "author": "", "url": "http://fishki.net/auto/2092205-zhestokoe-dtp.html", "ord_in_thread": 0, "title": "Жестокое ДТП", "locations": [], "entities": {"persons": [], "locations": [], "organizations": []}, "highlightText": "", "language": "russian", "persons": [], "text": "Макс Химки 2 часа назад Взято с сайта ГИБДД .4.5 На нерегулируемых пешеходных переходах пешеходы могут выходить на проезжую часть после того, как оценят расстояние до приближающихся транспортных средств, их скорость и убедятся, что переход будет для них безопасен 1. При пересечении проезжей части вне пешеходного перехода пешеходы, кроме того, не должны создавать помех для движения транспортных средств и выходить из-за стоящего транспортного средства или иного препятствия, ограничивающего обзорность, не убедившись в отсутствии приближающихся транспортных средств 2. Тут ситуация сложная,я когда пешеходов пропускаю смотрю в зеркало (салонное) не несется ли кто там ?Фурист конечно быстро ехал там где надо бы скорость сбавить,знаки не смотрел а тупо летел. 0", "external_links": [], "published": "2016-10-02T16:13:00.000+03:00", "crawled": "2016-10-02T20:34:40.895+03:00", "highlightTitle": ""}