{"organizations": [], "uuid": "9c082fd034e32a671c28373703f42a8afb9baaba", "thread": {"social": {"gplus": {"shares": 0}, "pinterest": {"shares": 0}, "vk": {"shares": 0}, "linkedin": {"shares": 0}, "facebook": {"likes": 0, "shares": 0, "comments": 0}, "stumbledupon": {"shares": 0}}, "site_full": "112.ua", "main_image": "http://img.112.agency/original/2016/10/03/263089.png", "site_section": "http://112.ua/rss/index.rss", "section_title": "Новости 112.ua", "url": "http://112.ua/politika/rozenblat-ubezhden-chto-rossii-vygodna-situaciya-s-zaderzhaniem-sushhenko-potomu-chto-prityagivaet-vnimanie-343260.html", "country": "UA", "domain_rank": 8311, "title": "Розенблат убежден, что России выгодна ситуация с задержанием Сущенко, потому что притягивает внимание", "performance_score": 0, "site": "112.ua", "participants_count": 0, "title_full": "Розенблат убежден, что России выгодна ситуация с задержанием Сущенко, потому что притягивает внимание", "spam_score": 0.0, "site_type": "news", "published": "2016-10-04T02:35:00.000+03:00", "replies_count": 0, "uuid": "9c082fd034e32a671c28373703f42a8afb9baaba"}, "author": "", "url": "http://112.ua/politika/rozenblat-ubezhden-chto-rossii-vygodna-situaciya-s-zaderzhaniem-sushhenko-potomu-chto-prityagivaet-vnimanie-343260.html", "ord_in_thread": 0, "title": "Розенблат убежден, что России выгодна ситуация с задержанием Сущенко, потому что притягивает внимание", "locations": [], "entities": {"persons": [], "locations": [], "organizations": []}, "highlightText": "", "language": "russian", "persons": [], "text": "Розенблат убежден, что России выгодна ситуация с задержанием Сущенко, потому что притягивает внимание 21:35, 3 октября 2016 112.ua \nРоссии выгодна ситуация с задержанием спецкора \"Укринформа\" Сущенко, обвиняемого в РФ в шпионаже из-за привлечения внимания. Украинским журналистам стоит воздержаться от путешествия в РФ, а всем гражданам быть осторожными. Об этом заявил депутат от партии \"Блока Петра Порошенко\" Борислав Розенблат в эфире телеканала \" 112 Украина \". \n\"Для россиян это очень выгодная ситуация потому, что они к себе притягивают внимание. Я прошу всех журналистов воздержаться от поездок в РФ, пока такая ситуация. Также хочу обратиться к всем другим гражданам Украины, чтобы были осторожными, ведь сегодня что угодно может произойти\", - заявил Розенблатт. \nОн выступил за введение визового режима с Россией. \n\"Я хотел бы поддержать заявление Парубия о том, что надо сделать визовый режим для того, чтобы мы отслеживали пересечение границ, знали, сколько выезжает граждан Украины, чтобы потом, если кто-то исчезнет, чтобы мы понимали. Сегодня же нет такой статистики, мы не знаем, чем они (РФ) будут потом с нами торговаться, жизнью наших людей?\" - отметил нардеп.", "external_links": [], "published": "2016-10-04T02:35:00.000+03:00", "crawled": "2016-10-03T22:24:56.558+03:00", "highlightTitle": ""}