{"organizations": [], "uuid": "4318b920d5a01561a9a774d5122365aaa3dabaa9", "thread": {"social": {"gplus": {"shares": 0}, "pinterest": {"shares": 0}, "vk": {"shares": 0}, "linkedin": {"shares": 0}, "facebook": {"likes": 0, "shares": 0, "comments": 0}, "stumbledupon": {"shares": 0}}, "site_full": "www.the-village.ru", "main_image": "", "site_section": "http://www.the-village.ru/feeds/community.atom?category=business", "section_title": "Комьюнити — The Village", "url": "http://www.the-village.ru/talks/business/46773-dvizhuha", "country": "RU", "domain_rank": 9436, "title": "Движуха", "performance_score": 0, "site": "the-village.ru", "participants_count": 1, "title_full": "Движуха", "spam_score": 0.0, "site_type": "news", "published": "2016-10-03T20:28:00.000+03:00", "replies_count": 0, "uuid": "4318b920d5a01561a9a774d5122365aaa3dabaa9"}, "author": "1261457", "url": "http://www.the-village.ru/talks/business/46773-dvizhuha", "ord_in_thread": 0, "title": "Движуха", "locations": [], "entities": {"persons": [], "locations": [], "organizations": []}, "highlightText": "", "language": "russian", "persons": [], "text": "сегодня в 15:28 Движуха \nЕсли оглянуться на боле-менее недалекое прошлое, скажем, последние 30 лет, то в каждый момент времени где-то была некая движуха. Где-то кто-то на чем-то, но с нуля, поднимал деньги, где-то что-то шло в гору. Специалисты были востребованы, конкуренция была низкой, первопроходцы сколачивали состояния (ну, или нет). \nРазные можно приводить примеры, причем из разных отраслей: \n80-е - в СССР ввозили дефицитные товары, в США конец 80х-начало 90х из воздуха делали деньги на Уолл Стрит, становление ИТ рынка \nВ 90е была скупка приватизационных ваучеров, тотальная перекупка и перепродажа всего чего только можно, гоняли тачки из Европы и Японии \nВ 2000х - строительный бум в РФ и развитие интернет корпораций в США \nНачало 2010х - импорт проводочков для айфонов из Китая и прочего барахла в РФ \nПричем были ведь и кризисы и сложные времена, но все равно что-то было на подъеме. \nЧто сейчас? \nИли уникальное время, что ничего? Рассказать друзьям", "external_links": [], "published": "2016-10-03T20:28:00.000+03:00", "crawled": "2016-10-03T17:05:51.422+03:00", "highlightTitle": ""}