{"organizations": [], "uuid": "8f35fbf37896306158ef1da49450d9162340813c", "thread": {"social": {"gplus": {"shares": 0}, "pinterest": {"shares": 0}, "vk": {"shares": 0}, "linkedin": {"shares": 0}, "facebook": {"likes": 0, "shares": 0, "comments": 0}, "stumbledupon": {"shares": 0}}, "site_full": "news.meta.ua", "main_image": "http://picsnews.meta.ua/big_pic/423/89/42389230.jpeg", "site_section": "http://news.meta.ua/rss/", "section_title": "МЕТА Новости", "url": "http://news.meta.ua/go.php?to=2016-10-50882803", "country": "UA", "domain_rank": 7703, "title": "Бизнес: Аваков: Переходный период в судебной реформе продлится около 5 лет", "performance_score": 0, "site": "meta.ua", "participants_count": 1, "title_full": "Бизнес: Аваков: Переходный период в судебной реформе продлится около 5 лет", "spam_score": 0.0, "site_type": "news", "published": "2016-10-01T21:04:00.000+03:00", "replies_count": 0, "uuid": "8f35fbf37896306158ef1da49450d9162340813c"}, "author": "Бизнес", "url": "http://news.meta.ua/go.php?to=2016-10-50882803", "ord_in_thread": 0, "title": "Бизнес: Аваков: Переходный период в судебной реформе продлится около 5 лет", "locations": [], "entities": {"persons": [], "locations": [], "organizations": []}, "highlightText": "", "language": "russian", "persons": [], "text": "Министр внутренних дел Украины Арсен Аваков считает, что переходный период в судебной реформе в Украине растянется на пять лет. ГолосUA >> сегодня, 16:04 \nПо его мнению, сегодня доверия общества не имеют ни судьи, ну прокуроры, не имела его и милиция. \nЭту ситуацию можно изменить, лишь одновременно двигая все ветви власти. Но судебная ключевая. Старт реформы, которую начали в Верховной Раде, гигантский шаг вперед. Но я, как сторонник радикальных шагов считаю, что это половинчатое решение, подчеркнул министр. \nБез кадрового резерва провести судебную реформу возможно в течение 5 лет. Об этом сообщил министр внутренних дел Арсен Аваков, передает Капитал со ссылкой на пресс-службу МВД. \nЕсли он есть, этот кадровый резерв, его надо требовать. А если его нет мы должны честно себе сказать, что живем в переходный период, который будет длиться около 5 лет. Мы должны сказать себе честно, что живем в переходный период, где будут присутствовать и хорошие судьи, и все еще старые. И мы будем тихонько это менять. Если есть воля и люди, то это нужно сделать быстро, заявил министр.", "external_links": [], "published": "2016-10-01T21:04:00.000+03:00", "crawled": "2016-10-01T16:25:02.446+03:00", "highlightTitle": ""}