{"organizations": [], "uuid": "66243532ff5fefaf193e4465d9fcc668bde45635", "thread": {"social": {"gplus": {"shares": 0}, "pinterest": {"shares": 0}, "vk": {"shares": 0}, "linkedin": {"shares": 0}, "facebook": {"likes": 0, "shares": 0, "comments": 0}, "stumbledupon": {"shares": 0}}, "site_full": "news.rambler.ru", "main_image": "https://news.rambler.ru/share/snippets/34874982/a8844daa4852ca7d4d543db19d3c8e9c.png", "site_section": "http://news.rambler.ru//rss/head/", "section_title": "Главное — Рамблер/новости", "url": "https://news.rambler.ru/world/34874982-turtsiya-ne-budet-vyvodit-armiyu-iz-sirii/", "country": "RU", "domain_rank": 289, "title": "Турция не будет выводить армию из Сирии", "performance_score": 0, "site": "rambler.ru", "participants_count": 1, "title_full": "Турция не будет выводить армию из Сирии", "spam_score": 0.0, "site_type": "news", "published": "2016-10-02T00:05:00.000+03:00", "replies_count": 0, "uuid": "66243532ff5fefaf193e4465d9fcc668bde45635"}, "author": "Рамблер/новости", "url": "https://news.rambler.ru/world/34874982-turtsiya-ne-budet-vyvodit-armiyu-iz-sirii/", "ord_in_thread": 0, "title": "Турция не будет выводить армию из Сирии", "locations": [], "entities": {"persons": [], "locations": [], "organizations": []}, "highlightText": "", "language": "russian", "persons": [], "text": "Главные события у вас в почте Цена операции в Сирии Фото: AFP 2016/ Nazeer al-Khatib Парламент Турции, осенняя сессия которого открылась сегодня в Анкаре, большинством голосов продлил на год и месяц мандат на использование вооруженных сил страны в Ираке и Сирии, сообщает РИА «Новости». В прошлом году парламент Турции проходил ту же процедуру.В 2014 году турецкие законодатели дали разрешение на использование национальных вооруженных сил за рубежом. Тогда правительство Турции страны обратилось к парламенту с запросом из-за обострившейся обстановки в Сирии и Ираке и возросшей угрозой со стороны террористической организации ИГ (запрещена в России). Против продления мандата тогда выступала прокурдская оппозиция.", "external_links": [], "published": "2016-10-02T00:05:00.000+03:00", "crawled": "2016-10-01T19:24:41.147+03:00", "highlightTitle": ""}