{"organizations": [], "uuid": "45ba4f120774c681cb7bf03c860b56a52d7e5f22", "thread": {"social": {"gplus": {"shares": 0}, "pinterest": {"shares": 0}, "vk": {"shares": 0}, "linkedin": {"shares": 0}, "facebook": {"likes": 0, "shares": 0, "comments": 0}, "stumbledupon": {"shares": 0}}, "site_full": "vz.ru", "main_image": "http://vz.ru/images/600x400_vz.jpg", "site_section": "http://vz.ru/economy", "section_title": "ВЗГЛЯД / Экономика", "url": "http://vz.ru/news/2016/9/30/835513.html", "country": "RU", "domain_rank": 3116, "title": "Официальный курс евро на выходные и понедельник вырос до 70,93 рубля", "performance_score": 0, "site": "vz.ru", "participants_count": 1, "title_full": "ВЗГЛЯД / Официальный курс евро на выходные и понедельник вырос до 70,93 рубля", "spam_score": 0.543, "site_type": "news", "published": "2016-09-30T09:03:00.000+03:00", "replies_count": 0, "uuid": "45ba4f120774c681cb7bf03c860b56a52d7e5f22"}, "author": "vz.ru", "url": "http://vz.ru/news/2016/9/30/835513.html", "ord_in_thread": 0, "title": "Официальный курс евро на выходные и понедельник вырос до 70,93 рубля", "locations": [], "entities": {"persons": [], "locations": [], "organizations": []}, "highlightText": "", "language": "russian", "persons": [], "text": "Официальный курс евро к рублю, установленный ЦБ на выходные и понедельник, вырос на 5,15 копейки – до 70,9338 рубля, курс доллара увеличился на 23,79 копейки – до 63,3960 рубля, следует из данных Банка России.\nСтоимость бивалютной корзины (0,55 доллара и 0,45 евро), рассчитанная по официальным курсам на выходные и понедельник, выросла по сравнению с показателем на пятницу на 15,4 копейки, составив 66,7880 рубля, передает РИА «Новости» .", "external_links": ["http://geroy.ru/js/persons.js", "http://ria.ru/", "http://adv.russia.ru/adv?id=3&c=2&n=4&css=/css/vz.css"], "published": "2016-09-30T09:03:00.000+03:00", "crawled": "2016-10-01T06:57:58.933+03:00", "highlightTitle": ""}