{"organizations": [], "uuid": "6e9fa99d78077d04801a017159eb21876abc6781", "thread": {"social": {"gplus": {"shares": 1}, "pinterest": {"shares": 0}, "vk": {"shares": 0}, "linkedin": {"shares": 0}, "facebook": {"likes": 1, "shares": 1, "comments": 0}, "stumbledupon": {"shares": 0}}, "site_full": "rg.ru", "main_image": "https://rg.ru/res/images/logo/rg-600x600.jpg", "site_section": "http://www.rg.ru/xml/index.xml", "section_title": "Российская Газета", "url": "https://rg.ru/2016/10/03/maksimalnaia-stavka-po-rublevym-vkladam-upala-do-869-procenta.html", "country": "RU", "domain_rank": 3002, "title": "Максимальная ставка по рублевым вкладам упала до 8,69 процента", "performance_score": 0, "site": "rg.ru", "participants_count": 0, "title_full": "Максимальная ставка по рублевым вкладам упала до 8,69 процента", "spam_score": 0.0, "site_type": "news", "published": "2016-10-03T22:34:00.000+03:00", "replies_count": 0, "uuid": "6e9fa99d78077d04801a017159eb21876abc6781"}, "author": "", "url": "https://rg.ru/2016/10/03/maksimalnaia-stavka-po-rublevym-vkladam-upala-do-869-procenta.html", "ord_in_thread": 0, "title": "Максимальная ставка по рублевым вкладам упала до 8,69 процента", "locations": [], "entities": {"persons": [], "locations": [], "organizations": []}, "highlightText": "", "language": "russian", "persons": [], "text": "Средняя максимальная процентная ставка по рублевым вкладам в российских банках возобновила снижение. По итогам третьей декады сентября она опустилась на 0,03 процентного пункта, до 8,69 процента годовых. Об этом говорится в официальном сообщении Центробанка. читайте также Сбербанк снизил ставки по потребительским кредитам \nВ течение первых двух декад месяца максимальная процентная ставка по вкладам в рублях топ-10 российских банков, привлекающих наибольший объем средств населения, не менялась, оставаясь на уровне 8,72 процента. До этого в течение восьми месяцев этот показатель постепенно снижался с 10,1 до 8,715 процента годовых. \nВ число банков, по которым ЦБ проводит мониторинг максимальной ставки по вкладам, входят Сбербанк России, ВТБ24, Банк Москвы, Райффайзенбанк, Газпромбанк, банк \"Русский стандарт\", Альфа-банк, ХКФ банк, Промсвязьбанк и Россельхозбанк. Читайте в рубрике Экономика", "external_links": [], "published": "2016-10-03T22:34:00.000+03:00", "crawled": "2016-10-03T18:12:26.101+03:00", "highlightTitle": ""}