{"organizations": [], "uuid": "44bc0e38122b701172be4bef19713b3a672a6753", "thread": {"social": {"gplus": {"shares": 0}, "pinterest": {"shares": 0}, "vk": {"shares": 0}, "linkedin": {"shares": 0}, "facebook": {"likes": 0, "shares": 0, "comments": 0}, "stumbledupon": {"shares": 0}}, "site_full": "www.championat.com", "main_image": "https://img.championat.com/news2/social/b/3c/2595220.jpg", "site_section": "http://www.championat.com/xml/rss.xml", "section_title": "Чемпионат.com  (новости)", "url": "https://www.championat.com/volleyball/news-2595220-ulanova-chtoby-oharakterizovat-gamovu-dostatochno-odnogo-slova---velikaja.html", "country": "RU", "domain_rank": 1710, "title": "Уланова: чтобы охарактеризовать Гамову, достаточно одного слова — великая", "performance_score": 0, "site": "championat.com", "participants_count": 0, "title_full": "Уланова: чтобы охарактеризовать Гамову, достаточно одного слова — великая", "spam_score": 0.0, "site_type": "news", "published": "2016-10-02T03:02:00.000+03:00", "replies_count": 0, "uuid": "44bc0e38122b701172be4bef19713b3a672a6753"}, "author": "", "url": "https://www.championat.com/volleyball/news-2595220-ulanova-chtoby-oharakterizovat-gamovu-dostatochno-odnogo-slova---velikaja.html", "ord_in_thread": 0, "title": "Уланова: чтобы охарактеризовать Гамову, достаточно одного слова — великая", "locations": [], "entities": {"persons": [], "locations": [], "organizations": []}, "highlightText": "", "language": "russian", "persons": [], "text": "Уланова: чтобы охарактеризовать Гамову, достаточно одного слова — великая   22:02. Волейбол Либеро «Динамо Казань» Екатерина Уланова после прощального матча Екатерины Гамовой поделилась эмоциями, связанными с уходом Гамовой из спорта. «Слёзы на глаза накатываются, и мурашки по коже. Грустно, хотя понимаешь, конечно, что все мы рано или поздно будем уходить из спорта. Я очень счастливый человек, потому что мне удалось поиграть с Катей и в сборной, и в клубе. Какими словами я охарактеризовала бы Гамову? Мне достаточно одного слова – великая. И в жизни, и в спорте. Почему у нас не получилось шоу? Не знаю, что ответить на этот вопрос. Не мы решали. Сколько ни пытались сделать шоу в женском волейболе, не получается. Может быть, женский характер не позволяет раскрепоститься и сыграть в своё удовольствие. Да, сегодня была борьба, игра. Просто мы ещё не умеем делать шоу, не готовы к этому», — приводит слова Улановой «Спорт Бизнес Online».", "external_links": [], "published": "2016-10-02T03:02:00.000+03:00", "crawled": "2016-10-01T22:06:06.515+03:00", "highlightTitle": ""}