{"organizations": [], "uuid": "649915e2761ad46e2df1bc9d42a85016ca27836a", "thread": {"social": {"gplus": {"shares": 0}, "pinterest": {"shares": 0}, "vk": {"shares": 0}, "linkedin": {"shares": 0}, "facebook": {"likes": 0, "shares": 0, "comments": 0}, "stumbledupon": {"shares": 0}}, "site_full": "tass.ru", "main_image": "http://tass.ru/images/tass_logo_share_ru.png", "site_section": "http://itar-tass.com/rss/all.xml", "section_title": "ТАСС", "url": "http://tass.ru/proisshestviya/3671483", "country": "RU", "domain_rank": 2671, "title": "Происшествия - СМИ: два жилых здания обрушились на северо-западе Китая", "performance_score": 0, "site": "tass.ru", "participants_count": 1, "title_full": "ТАСС: Происшествия - СМИ: два жилых здания обрушились на северо-западе Китая", "spam_score": 0.0, "site_type": "news", "published": "2016-10-02T15:28:00.000+03:00", "replies_count": 0, "uuid": "649915e2761ad46e2df1bc9d42a85016ca27836a"}, "author": "itar-tass.com", "url": "http://tass.ru/proisshestviya/3671483", "ord_in_thread": 0, "title": "Происшествия - СМИ: два жилых здания обрушились на северо-западе Китая", "locations": [], "entities": {"persons": [], "locations": [], "organizations": []}, "highlightText": "", "language": "russian", "persons": [], "text": "ПЕКИН, 2 октября. /Корр. ТАСС Роман Баландин/. Обрушение двух жилых домов произошло из-за схода грунта в городском округе Луннань (провинция Ганьсу, Северо-Западный Китай). Как сообщил информационный портал Sina , по меньшей мере один человек получил ранения.\nОтмечается, что высота одного из зданий составляла семь этажей, а другого - четыре. В настоящее время место происшествия оцеплено полицией, пожарными и экстренными службами. Власти устанавливают возможность нахождения людей в разрушившихся постройках: по их информации, в семиэтажном здании располагался отель.\nПоисково-спасательная операция продолжается.", "external_links": [], "published": "2016-10-02T15:28:00.000+03:00", "crawled": "2016-10-02T07:48:32.637+03:00", "highlightTitle": ""}