{"organizations": [], "uuid": "df4f56d254995561d0d52c4af4cb1e66b54d37c0", "thread": {"social": {"gplus": {"shares": 0}, "pinterest": {"shares": 0}, "vk": {"shares": 0}, "linkedin": {"shares": 0}, "facebook": {"likes": 0, "shares": 0, "comments": 0}, "stumbledupon": {"shares": 0}}, "site_full": "www.aif.ru", "main_image": "http://images.aif.ru/010/131/1b7365f492980ca944290dffcd489df5.jpg", "site_section": "http://www.aif.ru/rss/all.php#1", "section_title": "Аргументы и Факты", "url": "http://www.aif.ru/society/safety/v_dagestane_zaderzhali_boevikov_kotoryh_gotovili_terroristy_iz_sirii", "country": "RU", "domain_rank": 3127, "title": "В Дагестане задержали боевиков, которых готовили террористы из Сирии", "performance_score": 0, "site": "aif.ru", "participants_count": 0, "title_full": "В Дагестане задержали боевиков, которых готовили террористы из Сирии", "spam_score": 0.0, "site_type": "news", "published": "2016-10-03T04:42:00.000+03:00", "replies_count": 0, "uuid": "df4f56d254995561d0d52c4af4cb1e66b54d37c0"}, "author": "", "url": "http://www.aif.ru/society/safety/v_dagestane_zaderzhali_boevikov_kotoryh_gotovili_terroristy_iz_sirii", "ord_in_thread": 0, "title": "В Дагестане задержали боевиков, которых готовили террористы из Сирии", "locations": [], "entities": {"persons": [], "locations": [], "organizations": []}, "highlightText": "", "language": "russian", "persons": [], "text": "В Дагестане задержали боевиков, которых готовили террористы из Сирии В Табасаранском районе в воскресенье был введен режим КТО Национальный антитеррористический комитет Москва, 2 октября - АиФ-Москва. \nИсточник в правоохранительных органах рассказал Интерфаксу , что в Каспийске была задержана группа экстремистов, которых через интернет обучали боевики из Сирии. Что такое режим КТО и что грозит за его нарушение? \nУром в воскресенье в Табасаранском районе Дагестана был введен режим КТО. Позже стало известно о ликвидации двоих боевиков. \nИсточник уточнил, что в ходе спецоперации были уничтожены трое экстремистов, среди которых главарь банды. Силовики задержали нескольких экстремистов. Сообщается, что группу с помощью интернета подготавливали боевики из Сирии. \n«Эта шайка состояла примерно из десяти человек», - сказал источник.", "external_links": [], "published": "2016-10-03T04:42:00.000+03:00", "crawled": "2016-10-03T02:57:11.031+03:00", "highlightTitle": ""}