{"organizations": [], "uuid": "ebba5b1dd73dc7232bea42049d2cfa3743b58afa", "thread": {"social": {"gplus": {"shares": 0}, "pinterest": {"shares": 0}, "vk": {"shares": 0}, "linkedin": {"shares": 0}, "facebook": {"likes": 0, "shares": 0, "comments": 0}, "stumbledupon": {"shares": 0}}, "site_full": "echo.msk.ru", "main_image": "http://echo.msk.ru/i/big_logo.png", "site_section": "http://echo.msk.ru/", "section_title": "Эхо Москвы ", "url": "http://echo.msk.ru/news/1847946-echo.html", "country": "BZ", "domain_rank": 1609, "title": "В России сегодня начинается осенний призыв", "performance_score": 0, "site": "echo.msk.ru", "participants_count": 8, "title_full": "Эхо Москвы :: Новости / В России сегодня начинается осенний призыв", "spam_score": 0.168, "site_type": "news", "published": "2016-10-01T08:58:00.000+03:00", "replies_count": 15, "uuid": "ebba5b1dd73dc7232bea42049d2cfa3743b58afa"}, "author": "echo.msk.ru", "url": "http://echo.msk.ru/news/1847946-echo.html", "ord_in_thread": 0, "title": "В России сегодня начинается осенний призыв", "locations": [], "entities": {"persons": [], "locations": [], "organizations": []}, "highlightText": "", "language": "russian", "persons": [], "text": "В Минобороне ожидают порядка 150 тысяч новобранцев.\nВ Минобороне рапортуют, что подавляющее большинство российских военкоматов оснащены автоматизированной системой «Паспорт». С ее помощью все призывники этой осени отправятся в войска с персональными электронными картами, где собраны сведения об их здоровье, образовании, начальной военной подготовке и другая важная информация. Все это поможет командирам, поэтому карты практически всем призывникам раздадут еще на сборных пунктах, — пообещал накануне начала призывной кампании начальник Главного организационно-мобилизационного управления Генштаба Василий Тонкошкуров. Он также подчеркнул, что теперь повышены требования к здоровью граждан, подлежащих призыву.\nУже известно, что альтернативную службу будут проходить 600 человек.\nПеред отправкой в войска срочников заранее переоденут в соответствующую повседневную форму: для ВМФ — черного цвета, для воздушно-космических сил и ВДВ — синего, для остальных видов и родов войск — защитного цвета.\nОсенний призыв продлится до 31 декабря.", "external_links": [], "published": "2016-10-01T08:58:00.000+03:00", "crawled": "2016-10-01T00:53:17.019+03:00", "highlightTitle": ""}