{"organizations": [], "uuid": "85d35600a3d1c281eb415fef161fa0dd09c2bdfd", "thread": {"social": {"gplus": {"shares": 0}, "pinterest": {"shares": 0}, "vk": {"shares": 0}, "linkedin": {"shares": 0}, "facebook": {"likes": 0, "shares": 0, "comments": 0}, "stumbledupon": {"shares": 0}}, "site_full": "video.bigmir.net", "main_image": "http://bm.img.com.ua/berlin/storage/video/600x500/4/12/7be6f0a3cdc93be7554e43070b39b124.jpg", "site_section": "http://video.bigmir.net/?_ctr=rss", "section_title": "Video - Главная", "url": "http://video.bigmir.net/stb/dance9/591471-Tancujut-vse-9--smotret--5-vypusk-ot-30-09-2016/", "country": "UA", "domain_rank": 3864, "title": "Танцуют все 9: смотреть 5 выпуск от 30.09.2016", "performance_score": 0, "site": "bigmir.net", "participants_count": 0, "title_full": "Танцуют все 9: смотреть 5 выпуск от 30.09.2016", "spam_score": 0.0, "site_type": "news", "published": "2016-10-01T03:57:00.000+03:00", "replies_count": 0, "uuid": "85d35600a3d1c281eb415fef161fa0dd09c2bdfd"}, "author": "", "url": "http://video.bigmir.net/stb/dance9/591471-Tancujut-vse-9--smotret--5-vypusk-ot-30-09-2016/", "ord_in_thread": 0, "title": "Танцуют все 9: смотреть 5 выпуск от 30.09.2016", "locations": [], "entities": {"persons": [], "locations": [], "organizations": []}, "highlightText": "", "language": "russian", "persons": [], "text": "Танцуют все 9: смотреть 5 выпуск от 30.09.2016 468 0 Вчера \nВ 5 выпуске шоу Танцюють всі 9 / Танцуют все 9 от 30.09.2016 отбор лучших танцоров прошел в Черновцах – на родине Лилии Ребрик ! А в оценке участников кастинга принял участие новый член жюри – Андрей Дикий. \nСамый маленький участник кастинга Матвей – серьезный парень. Он танцует непростой стиль – брейк-данс, а вот парные танцы с девочками ему совсем не импонируют, ведь партнерши всегда плачут… Матвею интереснее учить новые фишки и показывать их публике. Получилось ли у этого малыша впечатлить судей? \nСмотрите также: Танцуют все 9 онлайн: смотреть 4 выпуск (ВИДЕО) \nСмотреть Танцуют все 9 сезон 5 выпуск онлайн – 30.09.2016 – Матвей Шувальский: \nДиана приехала на кастинг шоу Танцюють всі 9 из Тернополя, а ее главная поддержка – это папа. Девушка ценит каждую минуту пребывания с ее отцом. Дело в том, что главный мужчина в жизни Дианы – участник АТО… После пребывания в зоне боевых действий он сильно изменился, однако его любовь и понимание к дочке остались такими же сильными. Стала ли Диана поводом для гордости ее папы после выступления? Смотрим видео! \nСмотреть онлайн Танцуют все 9 сезон 5 выпуск – 30.09.2016 – Диана Ковалишин: \nСмотреть Танцуют все 9 выпуск 5 онлайн – 30.09.2016 – Дмитрий Богаченко: \nСмотреть Танцуют все 9 сезон онлайн – 30.09.2016 – Андрей Кириллин: \nСмотреть Танцуют все 9 сезон онлайн – 30.09.2016 – Настя Вязикова: \nСмотреть Танцуют все 9 сезон онлайн – 30.09.2016 – Сергей Потехин: \nСмотреть Танцуют все 9 сезон онлайн – 30.09.2016 – Руслан Соколов: \nТако Исмаэра – танцор из Японии. Самое большое удовольствие он получает, удивляя людей. А делать это он любит часто, устраивая на улицах настоящие перфомансы! Поможет ли японцу его неординарность попасть в ТОП-100 лучших танцоров Танцюють всі 9 ? \nСмотреть Танцуют все 9 сезон 5 выпуск онлайн – 30.09.2016 – Тако Исмаэра: \nСмотреть Танцуют все 9 сезон 5 выпуск онлайн – 30.09.2016 – Эмили Москаленко: \nСмотреть Танцуют все 9 сезон 5 выпуск онлайн – 30.09.2016 – Алёна Кордобан: \nСмотреть Танцуют все 9 сезон 5 выпуск онлайн – 30.09.2016 – Вика Родионова: \nСмотреть Танцуют все 9 сезон 5 выпуск онлайн – 30.09.2016 – Влад Литвиненко: \nтаинственный участник в маске обескуражил своим внешним видом и манерой общаться как судей, так и зрителей. Однако вытянуть хоть несколько связных предложений из этого участника у наших членов жюри так и не вышло. Каким стилем танца удивил конкурсант? Смотрите на видео! \nСмотреть Танцуют все 9 сезон 5 выпуск – 30.09.2016 – Имхотеп: \nСмотреть Танцуют все 9 сезон 5 выпуск – 30.09.2016 – Татьяна Максимова: \nСмотреть Танцуют все 9 сезон 5 выпуск – 30.09.2016 – Антон Золотаревич: \nСмотреть Танцуют все 9 сезон 5 выпуск – 30.09.2016 – Юлия Маерс: \nСмотреть онлайн Танцуют все 9 сезон 5 выпуск – 30.09.2016 – Данила Письменный: \nСмотреть Танцуют все 9 сезон 5 выпуск онлайн – 30.09.2016 – Маргарита Царева: \nСмотреть онлайн Танцуют все 9 сезон 5 выпуск – 30.09.2016 – Влад Кастырин: \nСмотреть онлайн Танцуют все 9 сезон 5 выпуск – 30.09.2016 – Руслана Мороз и Назар Пархоменко: \nСмотреть онлайн Танцуют все 9 сезон 5 выпуск – 30.09.2016 – Дарья Лонская: \nСмотреть онлайн Танцуют все 9 сезон 5 выпуск – 30.09.2016 – Ян и Никита Малаки: \nСмотреть онлайн Танцуют все 9 сезон 5 выпуск – 30.09.2016 – вечерняя хореография: \n\nСмотреть онлайн Танцуют все 9 сезон 5 выпуск – 30.09.2016 – Смотри также", "external_links": [], "published": "2016-10-01T03:57:00.000+03:00", "crawled": "2016-10-01T09:55:03.850+03:00", "highlightTitle": ""}