{"organizations": [], "uuid": "8b2bb3f453c456af98ee70bc71c562dbd301ef7e", "thread": {"social": {"gplus": {"shares": 0}, "pinterest": {"shares": 0}, "vk": {"shares": 0}, "linkedin": {"shares": 0}, "facebook": {"likes": 0, "shares": 0, "comments": 0}, "stumbledupon": {"shares": 0}}, "site_full": "www.spletnik.ru", "main_image": "http://www.spletnik.ru/img/2016/09/veronika/30092016marc_1.jpg", "site_section": "http://www.spletnik.ru/rss/main", "section_title": "СПЛЕТНИК", "url": "http://www.spletnik.ru/look/newsmoda/70356-o-chem-eshce-govorili-v-mire-mody-na-etoy-nedele.html", "country": "RU", "domain_rank": 7578, "title": "От книги бультерьера Марка Джейкобса до сотрудничества Puma и The Weeknd: о чем еще говорили в мире моды", "performance_score": 0, "site": "spletnik.ru", "participants_count": 0, "title_full": "От книги бультерьера Марка Джейкобса до сотрудничества Puma и The Weeknd: о чем еще говорили в мире моды", "spam_score": 0.0, "site_type": "news", "published": "2016-10-01T04:10:00.000+03:00", "replies_count": 0, "uuid": "8b2bb3f453c456af98ee70bc71c562dbd301ef7e"}, "author": "", "url": "http://www.spletnik.ru/look/newsmoda/70356-o-chem-eshce-govorili-v-mire-mody-na-etoy-nedele.html", "ord_in_thread": 0, "title": "От книги бультерьера Марка Джейкобса до сотрудничества Puma и The Weeknd: о чем еще говорили в мире моды", "locations": [], "entities": {"persons": [], "locations": [], "organizations": []}, "highlightText": "", "language": "russian", "persons": [], "text": "30 сентября 2016, 23:10 \nМарк Джейкобс со своим бультерьером Невиллом Парижские показы коллекций весна-лето 2017 - главное, но не единственное, что обсуждалось в мире моды на этой неделе. Вот еще несколько инфоповодов последних семи дней, достойных вашего внимания. \nБультерьер Марка Джейкобса выпустил книгу \nОбложка книги бультерьера Марка Джейкобса \nБультерьер Марка Джейкобса по имени Невилл, соревнующийся в популярности с домашним любимцем Карла Лагефельда - кошечкой Шупетт, выпустил книгу из 300 страниц с двумя сотнями фотографий. Это и снимки бультерьера и его хозяина Марка Джейкобса из Instagram, и профессиональные фото песика, сделанные специально для альбома, и кадры из рекламных кампаний Marc Jacobs. \n\nМарио Тестино запустил онлайн-архив ранее не изданных фотографий Кейт Мосс в объективе Марио Тестино \nМарио Тестино — герой недели. Звезда модной фотографии пополнил свою Towel Series снимком Беллы Хадид , назвал Джиджи Хадиди и Кендалл Дженнер \"новыми супермоделями\" , а еще запустил сайт Miramira.tv с архивом своих ранее не опубликованных фото и видео. В \"меню - съемки бэкстейджа, личные фотографии из путешествий и драмы модного закулисья. \n\nКапсульная коллекция Алены Ахмадуллиной для Dress One \nАлена Ахмадуллина, из сезона в сезон создавая свои коллекции на основе сюжетов русских и зарубежных сказок, неизменно превращает свою клиентку в настоящую царевну. На этот раз роль главной героини волшебной сказки досталась актрисе Гале Тарасовой, ставшей лицом лукбука новой капсульной коллекции дизайнера, выпущенной специально для онлайн-проекта Dress One. \nВ коллекции - платья, брюки и толстовки из хлопкового трикотажа с принтом с изображением хаски, выступавшего в одной из прошлых коллекций Alena Akhmadullina символом природы русского севера. \n\nThe Weeknd выпустит авторскую коллекцию для Puma \nThe Weeknd \nРианна, подвинься! В Puma объявили о сотрудничестве с исполнителем Абелем Тесфайе, известным как The Weeknd, который выступит международным амбассадором бренда и его креативным партнером. \nОбладатель премии Grammy, номинант премии \"Оскар\", гений лирических баллад, икона стиля и бойфренд звезды подиума Беллы Хадид станет лицом новой кампании PUMA Run the streets и в следующем году выпустит вместе с Puma собственную коллекцию одежды и обуви. \n\nМузыкальный клип с Аней Рубик о дебютной коллекции Энтони Ваккарелло для Saint Laurent \nПризнаемся, мы в восторге далеко не от всех из трех отгремевших на этой неделе долгожданных премьер парижского сезона показов, в числе которых - дебют Марии Грации Кьюри в Christian Dior, Бухры Джаррар в Lanvin и Энтони Вакарелло в Saint Laurent . Но от последней из перечисленных - точно без ума! А потому не можем не поделиться видеороликом в поддержку представленной им весенне-летней линейки. \nГлавная героиня видео, ставшего чатью рекламной кампании новой коллекции, - Аня Рубик, в качестве декораций - берег Сены, а по ту сторону камеры - Инез ван Ламсвеерде и Винуд Матадин, которые запечатлели манекенщицу в нескольких образах из новой линейки . Фото GettyImages.ru", "external_links": [], "published": "2016-10-01T04:10:00.000+03:00", "crawled": "2016-10-01T01:49:11.623+03:00", "highlightTitle": ""}