{"organizations": [], "uuid": "f093711ded32c16becb599a6993be62fecd33745", "thread": {"social": {"gplus": {"shares": 0}, "pinterest": {"shares": 0}, "vk": {"shares": 0}, "linkedin": {"shares": 0}, "facebook": {"likes": 0, "shares": 0, "comments": 0}, "stumbledupon": {"shares": 0}}, "site_full": "www.segodnya.ua", "main_image": "http://sport.segodnya.ua/img/article/7566/4_main.jpg", "site_section": "http://www.segodnya.ua/xml/rss/category/2074.html", "section_title": "СЕГОДНЯ | Самые актуальные новости, мнения, комментарии", "url": "http://www.segodnya.ua/boxing/nokaut-ili-simulyaciya-kak-dmitrenko-proigral-prakeru-756604.html", "country": "UA", "domain_rank": 5884, "title": "Нокаут или симуляция: как Дмитренко проиграл Пракеру", "performance_score": 0, "site": "segodnya.ua", "participants_count": 0, "title_full": "Нокаут или симуляция: как Дмитренко проиграл Пракеру", "spam_score": 0.0, "site_type": "news", "published": "2016-10-01T19:34:00.000+03:00", "replies_count": 0, "uuid": "f093711ded32c16becb599a6993be62fecd33745"}, "author": "", "url": "http://www.segodnya.ua/boxing/nokaut-ili-simulyaciya-kak-dmitrenko-proigral-prakeru-756604.html", "ord_in_thread": 0, "title": "Нокаут или симуляция: как Дмитренко проиграл Пракеру", "locations": [], "entities": {"persons": [], "locations": [], "organizations": []}, "highlightText": "", "language": "russian", "persons": [], "text": "× E-mail: Нокаут или симуляция: как Дмитренко проиграл Пракеру (видео) http://www.segodnya.ua/img/article/7566/4_main.jpg http://www.segodnya.ua/img/article/7566/4_tn.jpg 2016-10-01T14:34:23+03:00 Бокс Запись поединка за чемпионский пояс WBO Oriental Нокаут или симуляция: как Дмитренко проиграл Пракеру (видео) Запись поединка за чемпионский пояс WBO Oriental <> В Новой Зеландии прошел вечер бокса, где на кону стоял чемпионский пояс WBO Oriental в супертяжелом весе. Новозеландец Джозеф Паркер (21-0, 18 КО) встречался с уроженцем Украины, выступающим под флагом Германии Александром Дмитренко (38-3, 24 КО). Бой прошел при полном преимуществе Паркера. В каждом из раундов он \"ронял\" Дмитренко на настил ринга. А в третьем – ударом по корпусу, заставил того капитулировать, сообщает boxing-mma . Хотя многие эксперты засомневались, а не симулировал ли Дмитренко, ведь удар был не настолько убийственным, чтобы так долго корчиться от боли. \"Довольно странное окончание боя\", – сошли во мнении новозеландские комментаторы. <>", "external_links": [], "published": "2016-10-01T19:34:00.000+03:00", "crawled": "2016-10-01T14:37:57.482+03:00", "highlightTitle": ""}