{"organizations": [], "uuid": "06392b2f424a61480419daf41763e61e51e87f3b", "thread": {"social": {"gplus": {"shares": 0}, "pinterest": {"shares": 0}, "vk": {"shares": 0}, "linkedin": {"shares": 0}, "facebook": {"likes": 0, "shares": 0, "comments": 0}, "stumbledupon": {"shares": 0}}, "site_full": "news.rambler.ru", "main_image": "https://news.rambler.ru/share/snippets/34876854/dd8857bf109106f251674017d6dac9a4.png", "site_section": "http://news.rambler.ru/rss/boxing/", "section_title": "Бокс — Рамблер/новости", "url": "https://news.rambler.ru/boxing/34876854-kovalevu-pridetsya-ostanovit-uorda-rouch/", "country": "RU", "domain_rank": 289, "title": "Ковалёву придётся остановить Уорда — Роуч", "performance_score": 0, "site": "rambler.ru", "participants_count": 1, "title_full": "Ковалёву придётся остановить Уорда — Роуч", "spam_score": 0.0, "site_type": "news", "published": "2016-10-02T16:21:00.000+03:00", "replies_count": 0, "uuid": "06392b2f424a61480419daf41763e61e51e87f3b"}, "author": "vringe.com", "url": "https://news.rambler.ru/boxing/34876854-kovalevu-pridetsya-ostanovit-uorda-rouch/", "ord_in_thread": 0, "title": "Ковалёву придётся остановить Уорда — Роуч", "locations": [], "entities": {"persons": [], "locations": [], "organizations": []}, "highlightText": "", "language": "russian", "persons": [], "text": "Фото: vringe.com На сегодняшний день россиянин Сергей Ковалёв (30-0-1, 26 КО) является сильнейшим боксёром полутяжёлого веса (до 79,4 кг), которого никто не сможет одолеть. Однако, Сергею придётся остановить Андре Уорда (30-0, 15 КО) в их намеченном на 19 ноября поединке, потому что в противном случае победа достанется американцу, считает известный тренер Фредди Роуч. «Мне нравится Ковалёв, и я считаю его сильнейшим полутяжем в мире. Не думаю, что на данный момент кому-нибудь под силу побить его в 79,4 кг, включая Андре Уорда», — приводит слова Роуча Boxingscene. «Полагаю, Ковалёву придётся остановить Андре, чтобы выиграть бой. Это неполный текст новости", "external_links": [], "published": "2016-10-02T16:21:00.000+03:00", "crawled": "2016-10-02T20:03:28.630+03:00", "highlightTitle": ""}