{"organizations": [], "uuid": "94705727ca3a724ef3fbbb864220687b166c1723", "thread": {"social": {"gplus": {"shares": 0}, "pinterest": {"shares": 0}, "vk": {"shares": 0}, "linkedin": {"shares": 0}, "facebook": {"likes": 0, "shares": 0, "comments": 0}, "stumbledupon": {"shares": 0}}, "site_full": "www.mk.ru", "main_image": "http://www.mk.ru/media/img/mk.ru/mkru_og.jpg", "site_section": "http://mk.ru/rss/news/index.xml", "section_title": "Новостная лента - Московский Комсомолец", "url": "http://www.mk.ru/incident/2016/10/03/v-centre-moskvy-v-reku-upal-avtomobil.html", "country": "RU", "domain_rank": 3246, "title": "В центре Москвы в реку упал автомобиль", "performance_score": 0, "site": "mk.ru", "participants_count": 0, "title_full": "В центре Москвы в реку упал автомобиль", "spam_score": 0.0, "site_type": "news", "published": "2016-10-03T11:56:00.000+03:00", "replies_count": 0, "uuid": "94705727ca3a724ef3fbbb864220687b166c1723"}, "author": "", "url": "http://www.mk.ru/incident/2016/10/03/v-centre-moskvy-v-reku-upal-avtomobil.html", "ord_in_thread": 0, "title": "В центре Москвы в реку упал автомобиль", "locations": [], "entities": {"persons": [], "locations": [], "organizations": []}, "highlightText": "", "language": "russian", "persons": [], "text": "В центре Москвы в реку упал автомобиль Сегодня в 06:56, просмотров: 717 \nВ реку Яузу в центре Москвы упал автомобиль марки Daewoo. По данным столичного ГИБДД, никто не пострадал. \n\"Сегодня утром возле дома №3 на Рубцовской набережной автомобиль марки Daewoo пробил бетонное ограждение парапета и упал в реку Яузу. Очевидцы происшествия помогли водителю выбраться из воды, он не пострадал\", - сообщили ТАСС в пресс-службе Госавтоинспекции. Источник: ТАСС Организации: ГИБДД Места: Москва 3 Контакты \n© ЗАО \"Редакция газеты \"Московский Комсомолец\" Электронное периодическое издание «MK.ru» \nЗарегистрировано Федеральной службой по надзору в сфере связи, информационных технологий и массовых коммуникаций (Роскомнадзор). Свидетельство Эл № ФС77-45245 Редакция - ЗАО \"Редакция газеты \"Московский Комсомолец\". Адрес редакции: 125993, г. Москва, ул. 1905 года, д. 7, стр. 1. Телефон: +7(495)609-44-44, +7(495)609-44-33 Реклама третьих сторон \nВсе права на материалы, опубликованные на сайте www.mk.ru, принадлежат редакции и охраняются в соответствии с законодательством РФ. \nИспользование материалов, опубликованных на сайте www.mk.ru допускается только с письменного разрешения правообладателя и с обязательной прямой гиперссылкой на страницу, с которой материал заимствован. Гиперссылка должна размещаться непосредственно в тексте, воспроизводящем оригинальный материал mk.ru, до или после цитируемого блока.", "external_links": [], "published": "2016-10-03T11:56:00.000+03:00", "crawled": "2016-10-03T07:55:45.623+03:00", "highlightTitle": ""}