{"organizations": [], "uuid": "72666c9122609cd48e8c91828f4a123174bb167d", "thread": {"social": {"gplus": {"shares": 0}, "pinterest": {"shares": 0}, "vk": {"shares": 0}, "linkedin": {"shares": 0}, "facebook": {"likes": 5, "shares": 5, "comments": 0}, "stumbledupon": {"shares": 0}}, "site_full": "www.newsru.com", "main_image": "http://image.newsru.com/v2/02/2016/10/a/a72ab1a855708b1ab9fc0a415608533d.jpg", "site_section": "http://feeds.newsru.com/com/www/news/all", "section_title": "NEWSru.com :: Все новости", "url": "http://www.newsru.com/world/01oct2016/otvod.html", "country": "RU", "domain_rank": 3073, "title": "В Луганской области начался развод сил сепаратистов и украинской армии", "performance_score": 0, "site": "newsru.com", "participants_count": 0, "title_full": "В Луганской области начался развод сил сепаратистов и украинской армии", "spam_score": 0.0, "site_type": "news", "published": "2016-10-01T16:30:00.000+03:00", "replies_count": 0, "uuid": "72666c9122609cd48e8c91828f4a123174bb167d"}, "author": "", "url": "http://www.newsru.com/world/01oct2016/otvod.html", "ord_in_thread": 0, "title": "В Луганской области начался развод сил сепаратистов и украинской армии", "locations": [], "entities": {"persons": [], "locations": [], "organizations": []}, "highlightText": "", "language": "russian", "persons": [], "text": "В Луганской области начался развод сил сепаратистов и украинской армии  30  30 © РИА Новости / Валерий Мельников \nНа Донбассе в субботу пытаются запустить очередной этап мирного урегулирования вооруженного конфликта между Киевом и сепаратистами: представители самопровозглашенной Луганской народной республики заявили о готовности начать развод сил. Также сепаратисты объявили, что из-за неготовности к этому Киева фактически развод начался только в селе Золотое. Для взаимного развода сил было намечено несколько пилотных районов. В субботу \"Интерфакс\" со ссылкой на главу управления народной милиции ЛНР Александра Анащенко передал, что ЛНР не видит сигналов с украинской стороны о готовности к началу разведения сил в Станице Луганской. При этом Анащенко сообщил, что в селе Золотое \"все мероприятия по разведению сил проводятся\". Представитель Совместного центра по контролю и координации сообщил \"Интерфаксу\", что в селе Петровское развод сил задерживается: \"Только что по рации с украинской стороны подтвердили, что не готовы сегодня производить отвод\". О взаимном отводе сил и объявлении перемирия на Донбассе во время сентябрьского визита на Украину договорились главы МИД Германии и Франции. Этот процесс должен реанимировать переговоры по урегулированию. Его также называли условием для новой встречи \"нормандской четверки\".", "external_links": [], "published": "2016-10-01T16:30:00.000+03:00", "crawled": "2016-10-01T11:45:47.624+03:00", "highlightTitle": ""}