{"organizations": [], "uuid": "3e2bebc4b67656ea221d7b557e8f860e5d631d55", "thread": {"social": {"gplus": {"shares": 0}, "pinterest": {"shares": 0}, "vk": {"shares": 0}, "linkedin": {"shares": 0}, "facebook": {"likes": 0, "shares": 0, "comments": 0}, "stumbledupon": {"shares": 0}}, "site_full": "regnum.ru", "main_image": "//regnum.ru/assets/img/default/no-pic-16.jpg", "site_section": "https://regnum.ru/rss/news", "section_title": "Новости России, СНГ и мира - ИА REGNUM", "url": "https://regnum.ru/news/polit/2187974.html", "country": "RU", "domain_rank": 3772, "title": "За три дня в Турции остановлены 126 мигрантов в Грецию", "performance_score": 0, "site": "regnum.ru", "participants_count": 1, "title_full": "За три дня в Турции остановлены 126 мигрантов в Грецию", "spam_score": 0.0, "site_type": "news", "published": "2016-10-04T01:30:00.000+03:00", "replies_count": 0, "uuid": "3e2bebc4b67656ea221d7b557e8f860e5d631d55"}, "author": "ИА REGNUM", "url": "https://regnum.ru/news/polit/2187974.html", "ord_in_thread": 0, "title": "За три дня в Турции остановлены 126 мигрантов в Грецию", "locations": [], "entities": {"persons": [], "locations": [], "organizations": []}, "highlightText": "", "language": "russian", "persons": [], "text": "Политика Их остановили у берегов Измира и Балыкесира \nАнкара  30 — REGNUM За три дня турецкая береговая охрана задержала 126 мигрантов, пытавшихся пересечь границу с Грецией, передаёт ABC News. \nАдминистрация губернатора города Измира сообщает, что два надувных плота были перехвачены 2 октября. Первый перевозил 25 мигрантов, в основном сирийцев, и был остановлен у берегов Балыкесира, а второй с 40 сирийцами — у берегов Измира \n30 сентября турки задержали ещё одну шлюпку с 61 мигрантами у берегов Балыкесира на северо-западе Турции.  ", "external_links": [], "published": "2016-10-04T01:30:00.000+03:00", "crawled": "2016-10-03T20:44:13.724+03:00", "highlightTitle": ""}