{"organizations": [], "uuid": "5fb0b759a560758cfdbe17a56c4a07e953e43fe2", "thread": {"social": {"gplus": {"shares": 0}, "pinterest": {"shares": 0}, "vk": {"shares": 0}, "linkedin": {"shares": 0}, "facebook": {"likes": 0, "shares": 0, "comments": 0}, "stumbledupon": {"shares": 0}}, "site_full": "haqqin.az", "main_image": "http://i.haqqin.az/178708_crop_0.jpg", "site_section": "http://haqqin.az/rss.xml", "section_title": "Haqqin", "url": "http://haqqin.az/news/81357", "country": "AZ", "domain_rank": 7072, "title": "Столкновения в Кале: есть раненые", "performance_score": 0, "site": "haqqin.az", "participants_count": 0, "title_full": "Столкновения в Кале: есть раненые", "spam_score": 0.0, "site_type": "news", "published": "2016-10-02T03:24:00.000+03:00", "replies_count": 0, "uuid": "5fb0b759a560758cfdbe17a56c4a07e953e43fe2"}, "author": "", "url": "http://haqqin.az/news/81357", "ord_in_thread": 0, "title": "Столкновения в Кале: есть раненые", "locations": [], "entities": {"persons": [], "locations": [], "organizations": []}, "highlightText": "", "language": "russian", "persons": [], "text": "Столкновения в Кале: есть раненые 1 Октября 2016, 23:24 \nСтолкновения протестующих с полицией произошли сегодня во французском городе Кале из-за решения властей закрыть лагерь беженцев, есть пострадавшие, сообщают французские СМИ. \nСообщается, что сотни активистов приехали сегодня в Кале из разных городов для участия в несанкционированном митинге. Полиция применила слезоточивый газ и водометы для разгона демонстрантов, которые пытались пройти в центр города, говорится в сообщении газеты L'Express. \nПо данным радиостанции Europe1, во время столкновений пострадали трое стражей порядка. Их ранения оцениваются как легкие. \nПо данным L'Express, полиция также остановила четыре автобуса с 200 демонстрантами из Парижа, им пришлось вернуться назад. \nРанее президент страны Франсуа Олланд призвал закрыть лагерь беженцев в Кале к концу 2016 года и переселить тысячи мигрантов в различные регионы Франции, пока рассматриваются их дела о прошении убежища. 1172 просмотров", "external_links": [], "published": "2016-10-02T03:24:00.000+03:00", "crawled": "2016-10-02T00:12:48.816+03:00", "highlightTitle": ""}