{"organizations": [], "uuid": "9e66b34cd5fc9f550c44dc5497b9d73d10bb5b55", "thread": {"social": {"gplus": {"shares": 0}, "pinterest": {"shares": 0}, "vk": {"shares": 0}, "linkedin": {"shares": 0}, "facebook": {"likes": 5, "shares": 5, "comments": 0}, "stumbledupon": {"shares": 0}}, "site_full": "korrespondent.net", "main_image": "http://kor.ill.in.ua/m/190x120/1888580.jpg", "site_section": "http://k.img.com.ua/rss/ru/all_news2.0.xml", "section_title": "Последние новости на сайте korrespondent.net", "url": "http://korrespondent.net/world/russia/3752889-obnarodovano-vydeo-zaderzhanyia-zhurnalysta-suschenko", "country": "UA", "domain_rank": 2541, "title": "Обнародовано видео задержания журналиста Сущенко", "performance_score": 0, "site": "korrespondent.net", "participants_count": 1, "title_full": "Обнародовано видео задержания журналиста Сущенко", "spam_score": 0.0, "site_type": "news", "published": "2016-10-03T17:09:00.000+03:00", "replies_count": 0, "uuid": "9e66b34cd5fc9f550c44dc5497b9d73d10bb5b55"}, "author": "1", "url": "http://korrespondent.net/world/russia/3752889-obnarodovano-vydeo-zaderzhanyia-zhurnalysta-suschenko", "ord_in_thread": 0, "title": "Обнародовано видео задержания журналиста Сущенко", "locations": [], "entities": {"persons": [], "locations": [], "organizations": []}, "highlightText": "", "language": "russian", "persons": [], "text": "Обнародовано видео задержания журналиста Сущенко Корреспондент.net, Сегодня, 12:09 Задержанный Роман Сущенко в здании ФСБ РФ Гражданин Украины заявил о психологическом давлении в СИЗО. \nВ Интрнете появилось видео задержания сотрудниками ФСБ РФ журналиста украинского агентства Укринформ Романа Сущенко. \nСогласно опубликованным видеоматериалам, на Сущенко надели наручники и усадили в автомобиль, а затем отвезли в здание ФСБ. Сопротивления он не оказывал. \nТакже тало известно о том, что на украинского журналиста в московском СИЗО оказывается психологическое давление. Об этом Сущенко рассказал правозащитнице Зое Световой, о чем она написала в своем Facebook . \n\"Не пытали, только оказывали психологическое давление. Давление продолжается и сейчас: пустая камера карантинного отделения - ни телевизора, ни книги, ни газеты. Если ты оказываешься в тюрьме в субботу, считай, пропал на два дня: никакой информации, полная изоляция. Такая ситуация только в Лефортово. Следователь не разрешил мне позвонить домой, он обещал, что сообщит консулу. Моя семья не знает, что я здесь\", - рассказал Роман правозащитнице. \nПо словам Световой, сотрудник СИЗО не позволял украинскому журналисту называть свою фамилию и статью, по которой он арестован. \nНапомним, Романа Сущенко задержали в Москве 30 сентября . Его обвиняют в шпионаже. В ФСБ считают Сущенко кадровым сотрудником Главного управления разведки Минобороны Украины в звании полковника. \nЛефортовский суд Москвы 1 октября избрал для Сущенко меру пресечения в виде ареста на два месяца.", "external_links": [], "published": "2016-10-03T17:09:00.000+03:00", "crawled": "2016-10-03T12:17:50.927+03:00", "highlightTitle": ""}