{"organizations": [], "uuid": "a7a14cec74f5da0626f7f7b7c4f69e645f89f452", "thread": {"social": {"gplus": {"shares": 0}, "pinterest": {"shares": 0}, "vk": {"shares": 0}, "linkedin": {"shares": 0}, "facebook": {"likes": 0, "shares": 0, "comments": 0}, "stumbledupon": {"shares": 0}}, "site_full": "svpressa.ru", "main_image": "", "site_section": "http://svpressa.ru/xml/news.xml", "section_title": "Свободная Пресса", "url": "http://svpressa.ru/world/news/157723/", "country": "RU", "domain_rank": 9575, "title": "Беспорядки в Германии: местные жители подрались с мигрантами", "performance_score": 0, "site": "svpressa.ru", "participants_count": 1, "title_full": "Беспорядки в Германии: местные жители подрались с мигрантами", "spam_score": 0.0, "site_type": "news", "published": "2016-10-01T22:41:00.000+03:00", "replies_count": 0, "uuid": "a7a14cec74f5da0626f7f7b7c4f69e645f89f452"}, "author": "svpressa.ru", "url": "http://svpressa.ru/world/news/157723/", "ord_in_thread": 0, "title": "Беспорядки в Германии: местные жители подрались с мигрантами", "locations": [], "entities": {"persons": [], "locations": [], "organizations": []}, "highlightText": "", "language": "russian", "persons": [], "text": "Беспорядки в Германии: местные жители подрались с мигрантами 2464 \nМассовая драка с участием около 30 немцев и 10 мигрантов произошла поздно вечером 30 сентября на севере Германии. \nСогласно предварительной информации, в Шверине группа горожан схлестнулась с мигрантами, передаёт «Lenta.ru». \nПо данным издания, которое ссылается на местные СМИ, в результате драки один человек оказался легко ранен. \nОперативно разрешить конфликт удалось благодаря тому, что полицейские находились неподалеку от места происшествия. \nПо факту случившегося возбуждено уголовное дело по статье о нарушении общественного порядка. \nСо слов официального представителя полиции города Шверин, подобные столкновения в городе происходят постоянно. \nВ центре города собираются около 20−30 мигрантов, в основном несовершеннолетние, а также группы местных жителей. \nТак в минувший вторник двое сирийцев атаковали группу иностранцев, угрожали им холодным оружием. \nВ ходе драки был избит местный житель, попытавшийся остановить хулиганов. Нападавшие были задержаны.", "external_links": [], "published": "2016-10-01T22:41:00.000+03:00", "crawled": "2016-10-02T00:49:28.192+03:00", "highlightTitle": ""}