{"organizations": [], "uuid": "ec5e259e3316b5919f30185c6ef492d9c691a61f", "thread": {"social": {"gplus": {"shares": 0}, "pinterest": {"shares": 0}, "vk": {"shares": 0}, "linkedin": {"shares": 0}, "facebook": {"likes": 0, "shares": 0, "comments": 0}, "stumbledupon": {"shares": 0}}, "site_full": "news.meta.ua", "main_image": "http://picsnews.meta.ua/90x90/423/94/42394770-Boeviki-LNR-zaiavili-o-sryve-otvoda-vooruzheniia-v-raione-Stanitsy-Luganskoi.jpeg", "site_section": "http://news.meta.ua/rss/", "section_title": "МЕТА Новости", "url": "http://news.meta.ua/go.php?to=2016-10-50887769", "country": "UA", "domain_rank": 7703, "title": "Общество: Боевики \"ЛНР\" заявили о срыве отвода вооружения в районе Станицы Луганской", "performance_score": 0, "site": "meta.ua", "participants_count": 1, "title_full": "Общество: Боевики \"ЛНР\" заявили о срыве отвода вооружения в районе Станицы Луганской", "spam_score": 0.0, "site_type": "news", "published": "2016-10-01T23:14:00.000+03:00", "replies_count": 0, "uuid": "ec5e259e3316b5919f30185c6ef492d9c691a61f"}, "author": "Общество", "url": "http://news.meta.ua/go.php?to=2016-10-50887769", "ord_in_thread": 0, "title": "Общество: Боевики \"ЛНР\" заявили о срыве отвода вооружения в районе Станицы Луганской", "locations": [], "entities": {"persons": [], "locations": [], "organizations": []}, "highlightText": "", "language": "russian", "persons": [], "text": "Представитель российской стороны в СЦКК Сергей Медведский и представитель ЛНР Олег Анащенко заявили о срыве отвода вооружения в районе Петровского и населенного пункта Станица Луганская. Chaspik >> сегодня, 18:14 \nБоевики заявили о срыве отвода войск в районе населенного пункта Станица Луганская по вине украинской стороны. В заявлении сказано, что ВСУ не готовы оставлять свои позиции, поэтому о дате и времени новой попытке отвода войск будет известно позже.Представитель российской стороны в СЦКК Сергей Медведский и представитель ЛНР Олег Анащенко заявили о срыве отвода вооружения в районе Петровского и населенного пункта Станица Луганская. Об этом они сказали на пресс-конференции.Генерал Кременецкий (глава украинской стороны в СЦКК) сообщил о готовности своих подразделений к отводу, однако сигнала, что ВСУ начали выдвигаться в тыловые районы, не последовало, - сказал Медведский.Он рассказал, что отвод перенесен на более поздний срок. Время второй попытки отвода будет известно через 8 часов.По указанию (украинских представителей в СЦКК) Украина заявила о том, что они не готовы в данный момент отвести войска в направлении Станицы, - заявил Анащенко.Напомним, волонтер Юрий Касьянов считает, что отводить войска в районе Станицы - означает перечеркнуть кропотливый, смертельно опасный труд военных.А заместитель министра по вопросам временно оккупированных территорий Украины Георгий Тука заявил, что на стороне \"ЛНР\" воюют подразделения боевиков, которые открыто \"посылают\" и ОБСЕ, и лидеров \"ЛНР\" и кураторов из России.", "external_links": [], "published": "2016-10-01T23:14:00.000+03:00", "crawled": "2016-10-01T18:30:56.740+03:00", "highlightTitle": ""}