{"organizations": [], "uuid": "b145fb840866eb6ab27ce4a965e315de69faa4ac", "thread": {"social": {"gplus": {"shares": 0}, "pinterest": {"shares": 0}, "vk": {"shares": 0}, "linkedin": {"shares": 0}, "facebook": {"likes": 0, "shares": 0, "comments": 0}, "stumbledupon": {"shares": 0}}, "site_full": "www.bbc.com", "main_image": "http://ichef.bbci.co.uk/news/ws/1024/amz/worldservice/live/assets/images/2015/07/06/150706093007_leonid_kuchma_heidi_tagliavini_minsk_contact_group_640x360_reuters_nocredit.jpg", "site_section": "", "section_title": "", "url": "http://www.bbc.com/ukrainian/rolling_news_russian/2016/09/160930_ru_n_kuchma_dnr", "country": "GB", "domain_rank": 130, "title": "Кучма: \"ДНР\" и \"ЛНР\" не выполняют договоренности о разведении сил - BBC Україна", "performance_score": 0, "site": "bbc.com", "participants_count": 0, "title_full": "Кучма: \"ДНР\" и \"ЛНР\" не выполняют договоренности о разведении сил - BBC Україна", "spam_score": 0.057, "site_type": "news", "published": "2016-09-30T22:05:00.000+03:00", "replies_count": 0, "uuid": "b145fb840866eb6ab27ce4a965e315de69faa4ac"}, "author": "", "url": "http://www.bbc.com/ukrainian/rolling_news_russian/2016/09/160930_ru_n_kuchma_dnr", "ord_in_thread": 0, "title": "Кучма: \"ДНР\" и \"ЛНР\" не выполняют договоренности о разведении сил - BBC Україна", "locations": [], "entities": {"persons": [], "locations": [], "organizations": []}, "highlightText": "", "language": "russian", "persons": [], "text": "Кучма: \"ДНР\" и \"ЛНР\" не выполняют договоренности о разведении сил 30 вересня 2016 Поделиться Вопрос нарушения незаконными вооруженными формированиями договоренностей о разведении сил и средств на трех участках линии разграничения будет рассматриваться на ближайшем заседании в Минске в среду. Об этом заявил представитель Украины на переговорах по Донбассу в Минске Леонид Кучма. \n\"Мы по происходящим в последние дни событиям видим, что та сторона не соблюдает договоренности\", - заявил Кучма журналистам, сообщает агентство \"Интерфакс\". \nПо его словам, единственной целью таких действий сторонников самопровозглашенных \"ДНР\" и \"ЛНР\" является желание сорвать переговорный процесс. \n\"Не думаю, что за этим стоят маленькие командиры – это серьезное политическое решение, которое влечет за собой очень серьезные последствия в целом\", - отметил он. \nПри таких условиях, украинской стороне \"ничего не остается, кроме как в среду в Минске поставить вопрос ребром: ребята, или давайте мы скажем, что мы неспособны решать такие проблемы, или что? Посмотрим\". \n\"Но играть, простите, в поддавки уже нельзя\", - подчеркнул представитель Украины. \n21 сентября участники Трехсторонней контактной группы подписали рамочный документ о разведении сил и средств участников конфликта на Донбассе на трех участках. ", "external_links": [], "published": "2016-09-30T22:05:00.000+03:00", "crawled": "2016-10-01T05:51:55.197+03:00", "highlightTitle": ""}