{"organizations": [], "uuid": "586cc4aa74315972ab2d254df06affd1737f5ca2", "thread": {"social": {"gplus": {"shares": 0}, "pinterest": {"shares": 0}, "vk": {"shares": 0}, "linkedin": {"shares": 0}, "facebook": {"likes": 0, "shares": 0, "comments": 0}, "stumbledupon": {"shares": 0}}, "site_full": "lenta.ru", "main_image": "https://icdn.lenta.ru/images/2016/10/03/17/20161003174158407/original_7dbde01394c1c9753d6fd4734a7b5b32.jpg", "site_section": "http://lenta.ru/rss/news", "section_title": "Lenta.ru : Новости", "url": "https://lenta.ru/news/2016/10/03/obgalova/", "country": "RU", "domain_rank": 659, "title": "Защита Антона Носика обжаловала штраф в полмиллиона рублей", "performance_score": 0, "site": "lenta.ru", "participants_count": 0, "title_full": "Защита Антона Носика обжаловала штраф в полмиллиона рублей", "spam_score": 0.0, "site_type": "news", "published": "2016-10-03T22:40:00.000+03:00", "replies_count": 0, "uuid": "586cc4aa74315972ab2d254df06affd1737f5ca2"}, "author": "", "url": "https://lenta.ru/news/2016/10/03/obgalova/", "ord_in_thread": 0, "title": "Защита Антона Носика обжаловала штраф в полмиллиона рублей", "locations": [], "entities": {"persons": [], "locations": [], "organizations": []}, "highlightText": "", "language": "russian", "persons": [], "text": "Защита Антона Носика обжаловала штраф в полмиллиона рублей Антон Носик Фото: Кирилл Каллиников / РИА Новости \nЗащита Антона Носика обжаловала решение суда, который приговорил блогера к штрафу в размере 500 тысяч рублей по делу об экстремизме. Об этом радиостанции «Говорит Москва» сообщил адвокат Сергей Бадамшин. \n«Краткую апелляцию мы уже подали. Статистика говорит, что по подобным статьям у нас, к сожалению, не оправдывают. Это говорит о том, что у нас судебная система имеет обвинительный уклон», — отметил Бадамшин.", "external_links": [], "published": "2016-10-03T22:40:00.000+03:00", "crawled": "2016-10-03T17:53:08.664+03:00", "highlightTitle": ""}