{"organizations": [], "uuid": "20aca50a68bed84e30c12884b99527f0a7e23404", "thread": {"social": {"gplus": {"shares": 0}, "pinterest": {"shares": 0}, "vk": {"shares": 0}, "linkedin": {"shares": 0}, "facebook": {"likes": 0, "shares": 0, "comments": 0}, "stumbledupon": {"shares": 0}}, "site_full": "news.rambler.ru", "main_image": "https://news.rambler.ru/share/snippets/34883724/7557fe2df7c5bc54523721d5c7b645c0.png", "site_section": "http://news.rambler.ru/rss/travel/", "section_title": "Путешествия — Рамблер/новости", "url": "https://news.rambler.ru/travel/34883724-tretyakovka-hochet-privlech-inostrantsev-s-pomoschyu-kart-citypass/", "country": "RU", "domain_rank": 289, "title": "Третьяковка хочет привлечь иностранцев с помощью карт CityPass", "performance_score": 0, "site": "rambler.ru", "participants_count": 1, "title_full": "Третьяковка хочет привлечь иностранцев с помощью карт CityPass", "spam_score": 0.0, "site_type": "news", "published": "2016-10-03T17:05:00.000+03:00", "replies_count": 0, "uuid": "20aca50a68bed84e30c12884b99527f0a7e23404"}, "author": "Газета.Ru", "url": "https://news.rambler.ru/travel/34883724-tretyakovka-hochet-privlech-inostrantsev-s-pomoschyu-kart-citypass/", "ord_in_thread": 0, "title": "Третьяковка хочет привлечь иностранцев с помощью карт CityPass", "locations": [], "entities": {"persons": [], "locations": [], "organizations": []}, "highlightText": "", "language": "russian", "persons": [], "text": "Фото: РИАМО Государственная Третьяковская галерея хочет привлечь иностранных туристов с помощью карт CityPass, сообщает \"Интерфакс\" со ссылкой на гендиректора музея Зельфиру Трегулову . \"Я предложила коллегам подумать, как мы можем интегрироваться в систему CityPass\", – заявила Трегулова. Она напомнила, что Третьяковка работает в системе с начала 2016 года, и число туристов, которые ей пользуются, увеличивается от квартала к кварталу. По словам гендиректора музея, только 10% посетителей галереи – иностранцы, и Третьяковка заинтересована во всех формах привлечения иностранных путешественников. Со своей стороны, директор Russia CityPass Александр Митяев рассказал, что в галерее планируется установить бесконтактные считыватели, чтобы можно было пройти без очереди, минуя кассы.", "external_links": [], "published": "2016-10-03T17:05:00.000+03:00", "crawled": "2016-10-03T15:38:47.773+03:00", "highlightTitle": ""}