{"organizations": [], "uuid": "17825fca8d05eb0b364795dcd7d267a2ee331990", "thread": {"social": {"gplus": {"shares": 0}, "pinterest": {"shares": 0}, "vk": {"shares": 0}, "linkedin": {"shares": 0}, "facebook": {"likes": 25, "shares": 25, "comments": 0}, "stumbledupon": {"shares": 0}}, "site_full": "news.nike.com", "main_image": "https://s3.amazonaws.com/nikeinc/assets/62671/T5584x3728-00763_native_600.jpg?1475489426", "site_section": "http://nikeinc.com/feed", "section_title": "news.nike.com", "url": "http://news.nike.com/news/k11-final-game", "country": "US", "domain_rank": 468, "title": "NIKE К11: ФИНАЛЬНАЯ ИГРА - ТОЛЬКО НАЧАЛО", "performance_score": 0, "site": "nike.com", "participants_count": 0, "title_full": "NIKE К11: ФИНАЛЬНАЯ ИГРА - ТОЛЬКО НАЧАЛО", "spam_score": 0.0, "site_type": "news", "published": "2016-10-03T09:29:00.000+03:00", "replies_count": 0, "uuid": "17825fca8d05eb0b364795dcd7d267a2ee331990"}, "author": "", "url": "http://news.nike.com/news/k11-final-game", "ord_in_thread": 0, "title": "NIKE К11: ФИНАЛЬНАЯ ИГРА - ТОЛЬКО НАЧАЛО", "locations": [], "entities": {"persons": [], "locations": [], "organizations": []}, "highlightText": "", "language": "russian", "persons": [], "text": "Share Image \nЛучшим в составе команды гостей стал россиянин Максим Бойчук. А у К11 - Николай Абрамов (Обнинск), который отметился голом и голевой передачей. Он, а также Эрик Товмасян (Москва), Никита Демин (Москва) и Александр Панченко (Ставрополь) получили приглашение пройти просмотр в Академии Nike. «С нетерпением жду просмотра в Академии. Надеюсь подписать профессиональный контракт и связать свою жизнь с футболом. Я верю, что это возможно», – прокомментировал Николай Абрамов. \nShare Image \n«Я доволен работой, которую мы провели с ребятами, – прокомментировал Валерий Непомнящий. – Времени было немного, у всех был разный уровень подготовки, не всем легко дается игра на большом поле. Но ребята преданы игре и очень любят футбол – в этом их главное преимущество. Лично для меня результат будет положительным, если тренеры Академии Nike или селекционеры клубов обратят на кого-то из них внимание. Среди них я вижу игроков, которые уже сегодня могли бы выступать на профессиональном уровне» \n«Исторически в России сильная сборная, и программа К11 – важный шаг в развитии и популяризации спорта в стране, – прокомментировал Джон Гудман, главный тренер Академии Nike. – Сегодня на поле мы увидели командную игру, ребята проявили характер и волю к победе» Share Image \nМаксим Бойчук, сделавший дубль в этой игре, – первый россиянин в Академии Nike. Он также попал туда через отбор Nike Most Wanted. На одном из московских турниров Максим был признан лучшим игроком и получил приглашение на просмотр. В Академию он попал не сразу, оказавшись в числе первых резервистов. За год пребывания там Максим стал ее лидером и лучшим бомбардиром. «Для меня большая честь вернуться в Россию в составе команды Академии и выйти на поле с капитанской повязкой. Я благодарю тренеров за доверие и надеюсь, что не подвел их сегодня. Ребятам из К11 желаю не сбавлять обороты, много и усердно работать, и тогда результат не заставит ждать», - прокомментировал он. \nСреди десятков скаутов, которые присутствовали на финальной игре, был Виктор Панченко, футбольный агент и селекционер. «Игра команды К11 – результат долгой и упорной работы. Им удалось показать хороший уровень игры сегодня. Буду следить за их успехами», – добавил он. \nСергей Пушкин, представляющий интересы профессиональных футболистов, также отметил игру ребят и персонально Максима Бойчука. «Без сомнений, кто-то из ребят при правильном подходе сможет выступать на профессиональном уровне. 9 номер команды Академии сегодня был очень хорош», - прокомментировал он.", "external_links": [], "published": "2016-10-03T09:29:00.000+03:00", "crawled": "2016-10-04T18:24:41.484+03:00", "highlightTitle": ""}