{"organizations": [], "uuid": "4257931013ae0928835f58676d68b4a777ef3cbb", "thread": {"social": {"gplus": {"shares": 0}, "pinterest": {"shares": 0}, "vk": {"shares": 0}, "linkedin": {"shares": 0}, "facebook": {"likes": 1, "shares": 1, "comments": 0}, "stumbledupon": {"shares": 0}}, "site_full": "ru.euronews.com", "main_image": "http://static.euronews.com/articles/345412/1000x563_345412.jpg", "site_section": "http://ru.euronews.com/", "section_title": "Euronews |Последние международные новости с европейской точки зрения", "url": "http://ru.euronews.com/2016/09/30/uk-based-carmakers-voice-concerns-about-brexit-effects", "country": "FR", "domain_rank": 4015, "title": "В ожидании \"брексита\": Nissan пригрозил Британии сокращением инвестиций", "performance_score": 0, "site": "euronews.com", "participants_count": 1, "title_full": "В ожидании \"брексита\": Nissan пригрозил Британии сокращением инвестиций", "spam_score": 0.0, "site_type": "news", "published": "2016-09-30T16:41:00.000+03:00", "replies_count": 0, "uuid": "4257931013ae0928835f58676d68b4a777ef3cbb"}, "author": "ru.euronews.com", "url": "http://ru.euronews.com/2016/09/30/uk-based-carmakers-voice-concerns-about-brexit-effects", "ord_in_thread": 0, "title": "В ожидании \"брексита\": Nissan пригрозил Британии сокращением инвестиций", "locations": [], "entities": {"persons": [], "locations": [], "organizations": []}, "highlightText": "", "language": "russian", "persons": [], "text": "Европейский автопром гадает, что принесет ему выход Великобритании из Евросоюза. Японский Nissan заявил, что может свернуть вложения в свое крупнейшее предприятие в стране: если в результате “развода” появятся таможенные барьеры с ЕС, компания требует от правительства компенсации.\nГлава Renault-Nissan Карлос Гон, гость Парижского автосалоне, объяснил:\n“Очень трудно принимать решения об инвестициях или новых проектах, когда вы не понимаете, какими в итоге будут отношения между Великобританией и ее ключевыми торговыми партнерами, а именно – с остальной Европой. Ну вот, например, если в Европе будет введен налог на товары, которые импортируются из Британии, это нанесло бы огромный ущерб развитию нашего бизнеса в Великобритании “.\nУльтиматум Nissan нашел отклик у игроков отрасли. Так\nJaguar Land Rover, британский автобренд, принадлежащий индийской Tata Motors, заявил, что пересмотрит инвестиции в национальный рынок. Более того, по словам гендиректора компании Ральфа Шпета, после референдума по “брекситу” некоторые клиенты из континентальной Европы отказываются покупать британские “ягуары”.", "external_links": [], "published": "2016-09-30T16:41:00.000+03:00", "crawled": "2016-10-01T08:24:50.401+03:00", "highlightTitle": ""}