{"organizations": [], "uuid": "10e2d3a71f2f923808c06873c6b19000a897ab05", "thread": {"social": {"gplus": {"shares": 0}, "pinterest": {"shares": 0}, "vk": {"shares": 0}, "linkedin": {"shares": 0}, "facebook": {"likes": 4, "shares": 4, "comments": 0}, "stumbledupon": {"shares": 0}}, "site_full": "rg.ru", "main_image": "https://rg.ru/res/images/logo/rg-600x600.jpg", "site_section": "http://www.rg.ru/xml/index.xml", "section_title": "Российская Газета", "url": "https://rg.ru/2016/10/02/sirijskaia-armiia-dala-boevikam-iz-aleppo-eshche-odin-shans-pokinut-gorod.html", "country": "RU", "domain_rank": 3002, "title": "Сирийская армия дала боевикам из Алеппо еще один шанс покинуть город", "performance_score": 0, "site": "rg.ru", "participants_count": 0, "title_full": "Сирийская армия дала боевикам из Алеппо еще один шанс покинуть город", "spam_score": 0.0, "site_type": "news", "published": "2016-10-02T21:55:00.000+03:00", "replies_count": 0, "uuid": "10e2d3a71f2f923808c06873c6b19000a897ab05"}, "author": "", "url": "https://rg.ru/2016/10/02/sirijskaia-armiia-dala-boevikam-iz-aleppo-eshche-odin-shans-pokinut-gorod.html", "ord_in_thread": 0, "title": "Сирийская армия дала боевикам из Алеппо еще один шанс покинуть город", "locations": [], "entities": {"persons": [], "locations": [], "organizations": []}, "highlightText": "", "language": "russian", "persons": [], "text": "Командование сирийской армии 2 октября призвало вооруженные оппозиционные группировки, находящиеся в восточном Алеппо, покинуть город, обещая им безопасный проход. Об этом сообщает сирийское государственное новостное агентство SANA. \nСогласно призыву Дамаска, \"лидеры сирийской и российской армии гарантируют повстанцам безопасный выход и необходимую помощь\". читайте также Лавров и Керри дважды за день обсудили Сирию \nМежду тем подразделения сирийской армии 2 октября с боями взяли северные окраины кварталов в восточной части Алеппо, занятые боевиками, вынудив последних спешно отступать. Одновременно армия перекрыла дорогу Эль-Джанджуль, по которой боевики получали продовольствие и оружие с севера Сирии. \nМИД Сирии поблагодарил Россию за поддержку, сообщило РИА Новости . \"Стратегические отношения между дружественными государствами проявляются не только в военном плане, но и в политическом. Данное сотрудничество направлено на поиск политического решения сирийского кризиса\", - заявили в сирийском внешнеполитическом ведомстве.", "external_links": [], "published": "2016-10-02T21:55:00.000+03:00", "crawled": "2016-10-02T17:13:27.932+03:00", "highlightTitle": ""}