{"organizations": [], "uuid": "6ecb70d16a0610eee05ded348895ed4087f9d57c", "thread": {"social": {"gplus": {"shares": 0}, "pinterest": {"shares": 0}, "vk": {"shares": 0}, "linkedin": {"shares": 0}, "facebook": {"likes": 6, "shares": 6, "comments": 0}, "stumbledupon": {"shares": 0}}, "site_full": "rg.ru", "main_image": "https://cdnimg.rg.ru/img/content/131/49/91/1_t_650x433.jpg", "site_section": "http://www.rg.ru/xml/index.xml", "section_title": "Российская Газета", "url": "https://rg.ru/2016/10/03/odin-iz-samyh-znamenityh-akterov-karlikov-vernetsia-v-zvezdnye-vojny.html", "country": "RU", "domain_rank": 3002, "title": "Один из самых знаменитых актеров-карликов вернется в \"Звездные войны\"", "performance_score": 0, "site": "rg.ru", "participants_count": 0, "title_full": "Один из самых знаменитых актеров-карликов вернется в \"Звездные войны\"", "spam_score": 0.0, "site_type": "news", "published": "2016-10-03T18:32:00.000+03:00", "replies_count": 0, "uuid": "6ecb70d16a0610eee05ded348895ed4087f9d57c"}, "author": "", "url": "https://rg.ru/2016/10/03/odin-iz-samyh-znamenityh-akterov-karlikov-vernetsia-v-zvezdnye-vojny.html", "ord_in_thread": 0, "title": "Один из самых знаменитых актеров-карликов вернется в \"Звездные войны\"", "locations": [], "entities": {"persons": [], "locations": [], "organizations": []}, "highlightText": "", "language": "russian", "persons": [], "text": "Один из самых знаменитых актеров-карликов вернется в \"Звездные войны\" Новость 03.10.2016, 13:32 Фото: Grant Pollard/Invision/AP \nУорвик Дэвис, один из трех самых прославленных на Земле актеров-карликов, начавший свою кинокарьеру в 1983 году на \"Возвращении джедая\" (эвок Уикет Уистри Уоррик, герой Эндорской битвы), возвращается в звездную сагу. У ресурса /Film есть подтверждение тому, что болельщики увидят Уорвика в Эпизоде VIII. \nДэвис недавно появился на австралийском телевидении, и в то время, как большая часть обсуждения вращалась вокруг работы Джей Джей Абрамса над \"Пробуждением силы\", актера мимоходом спросили, а какие его планы на продолжение шевелений в далекой-далекой галактике. На что Уорвик ответствовал, что поприсутствует. Но сверх того никаких деталей не вскрыл. читайте также Герои \"Звездных войн\" заговорят по-якутски \nХотя наблюдатели уверены, что Дэвис скромничает, и его дальнейшее участие в лентах эпопеи обязательно: и в \"сольнике\" Хана Соло, и в Эпизоде IX. Впрочем, роли эти, скорее всего, будут эпизодическими - как у своего рода маскота серии. Плюс актер вбросил фэнам несколько абстрактных \"заманух\", похваставшись, что в Эпизоде VIII зрителя ждет россыпь \"действительно прекрасных и волнующих моментов\", и он \"полон экшна\", а все это вместе дружно ведет публику к кульминации в Эпизоде IX. \n\"Звездные войны: Эпизод VIII\" обещаны к премьере на 15 декабря 2017 года. \nУорик Дэвис родился в 1970 году в Англии. К этому дню на его счету более семидесяти фильмов и телешоу. По большей части, разумеется, сказок и фэнтези, а также фантастики и фильмов ужасов. Среди которых выделяется комедийная хоррор-франшиза \"Лепрекон\". И далее: \"Лабиринт\", \"Уиллоу\", \"Хроники Нарнии\" (гном Никабрик) - как сериалы, так и полнометражки, \"Путешествия Гулливера\", \"Белоснежка\", фильмы о Гарри Поттере (профессор Флитвик и гоблин Крюкохват), \"Доктор Кто\". \nВ отличие от подавляющего большинства карликов, страдающих ахондроплазией, болезнь Дэвиса вызвана очень редким генетическим состоянием - спондилоэпифизарной дисплазией, с годами вызывающей мучительные боли в суставах. Дэвис женат, его супруга, Саманта страдает ахондроплазией, тогда как детям, Аннабель (1997 г.р.) и Харрисону (2003) передалась болезнь отца. В 2010 года Дэвис опубликовал автобиографию Size Matters Not: The Extraordinary Life and Career of Warwick Davis, предисловие к которой написал Джордж Лукас.", "external_links": [], "published": "2016-10-03T18:32:00.000+03:00", "crawled": "2016-10-03T13:38:33.956+03:00", "highlightTitle": ""}