{"organizations": [], "uuid": "943f123f1811990ceb320551ae61ab9defc4b239", "thread": {"social": {"gplus": {"shares": 0}, "pinterest": {"shares": 0}, "vk": {"shares": 0}, "linkedin": {"shares": 0}, "facebook": {"likes": 1, "shares": 1, "comments": 0}, "stumbledupon": {"shares": 0}}, "site_full": "rg.ru", "main_image": "https://rg.ru/res/images/logo/rg-600x600.jpg", "site_section": "http://rg.ru/xml/index.xml", "section_title": "Российская Газета", "url": "https://rg.ru/2016/10/01/reg-ufo/v-simferopole-studenta-zapodozrili-v-ubijstve-v-obshchezhitii-kfu.html", "country": "RU", "domain_rank": 3002, "title": "В Симферополе студента заподозрили в убийстве в общежитии КФУ", "performance_score": 0, "site": "rg.ru", "participants_count": 0, "title_full": "В Симферополе студента заподозрили в убийстве в общежитии КФУ", "spam_score": 0.0, "site_type": "news", "published": "2016-10-01T20:01:00.000+03:00", "replies_count": 0, "uuid": "943f123f1811990ceb320551ae61ab9defc4b239"}, "author": "", "url": "https://rg.ru/2016/10/01/reg-ufo/v-simferopole-studenta-zapodozrili-v-ubijstve-v-obshchezhitii-kfu.html", "ord_in_thread": 0, "title": "В Симферополе студента заподозрили в убийстве в общежитии КФУ", "locations": [], "entities": {"persons": [], "locations": [], "organizations": []}, "highlightText": "", "language": "russian", "persons": [], "text": "Трагедия произошла в ночь на 27 сентября 2016 года. Как выяснили следователи СУ СК РФ по Республике Крым, в общежитии КФУ между двумя студентами произошла ссора на бытовой почве, в ходе которой один из них нанес другому ножевые ранения. \n- Тело молодого человека с признаками насильственной смерти было обнаружено на улице, - сообщили в СУ СК РФ. \nПодозреваемого быстро установили и задержали. В отношении 30-летнего студента КФУ возбуждено уголовное дело по части 1 статьи 105 УК РФ (убийство). По ходатайству следователя суд избрал ему меру пресечения в виде заключения под стражу. В ближайшее время ему предъявят обвинение. \nПо информации со страницы \"Союза азербайджанской молодежи Крыма\" в соцсети, погибшего звали Магомед Сафаралиев, он приехал учиться в Симферополь из Азербайджана. Сообщается также, что арестованный по подозрению в убийстве студент - гражданин Ирана, а конфликт между ними возник из-за комнаты в общежитии. Читайте в рубрике Происшествия", "external_links": [], "published": "2016-10-01T20:01:00.000+03:00", "crawled": "2016-10-01T15:14:03.401+03:00", "highlightTitle": ""}