{"organizations": [], "uuid": "7082410e3a2fd7b69fcdcc3fae5d7d601c5e8425", "thread": {"social": {"gplus": {"shares": 0}, "pinterest": {"shares": 0}, "vk": {"shares": 0}, "linkedin": {"shares": 0}, "facebook": {"likes": 0, "shares": 0, "comments": 0}, "stumbledupon": {"shares": 0}}, "site_full": "www.yaplakal.com", "main_image": "http://s00.yaplakal.com/pics/pics_original/8/0/4/8485408.jpg", "site_section": "http://www.yaplakal.com/news.xml", "section_title": "ЯПлакалъ - развлекательное сообщество", "url": "http://www.yaplakal.com/forum2/topic1462115.html", "country": "DE", "domain_rank": 1217, "title": "Смертельные дозы героина и фентанила. Для сравнения", "performance_score": 0, "site": "yaplakal.com", "participants_count": 1, "title_full": "Смертельные дозы героина и фентанила. Для сравнения", "spam_score": 0.0, "site_type": "news", "published": "2016-10-01T03:12:00.000+03:00", "replies_count": 0, "uuid": "7082410e3a2fd7b69fcdcc3fae5d7d601c5e8425"}, "author": "adm@yaplakal.com (leoflight)", "url": "http://www.yaplakal.com/forum2/topic1462115.html", "ord_in_thread": 0, "title": "Смертельные дозы героина и фентанила. Для сравнения", "locations": [], "entities": {"persons": [], "locations": [], "organizations": []}, "highlightText": "", "language": "russian", "persons": [], "text": "Сообщений: 59 Почитал. Эту хуйню (фентанил) даже просто в руках держать опасно...Да она вообще пиздец опасная, если её немного достать-можно устроить ебанический армагеддон в отдельно взятом городе, тупо где-нить в магазине рассыпав по прилавку или в автобусе дунув в воздух Это ж реально химическое оружие. Защититься от такой микродозы практически невозможно. Это сообщение отредактировал Xardos - 30.09.2016 - 22:20", "external_links": [], "published": "2016-10-01T03:12:00.000+03:00", "crawled": "2016-10-01T10:41:29.787+03:00", "highlightTitle": ""}