{"organizations": [], "uuid": "e5999a18403c32fbc4d60703eb5832ce0d52204d", "thread": {"social": {"gplus": {"shares": 2}, "pinterest": {"shares": 0}, "vk": {"shares": 0}, "linkedin": {"shares": 0}, "facebook": {"likes": 8, "shares": 8, "comments": 0}, "stumbledupon": {"shares": 0}}, "site_full": "www.yaplakal.com", "main_image": "http://s00.yaplakal.com/pics/pics_original/9/2/6/8482629.jpg", "site_section": "http://www.yaplakal.com/news.xml", "section_title": "ЯПлакалъ - развлекательное сообщество", "url": "http://www.yaplakal.com/forum2/topic1461813.html", "country": "DE", "domain_rank": 1217, "title": "Как правильно есть Чокопай", "performance_score": 0, "site": "yaplakal.com", "participants_count": 1, "title_full": "Как правильно есть Чокопай", "spam_score": 0.0, "site_type": "news", "published": "2016-09-30T19:23:00.000+03:00", "replies_count": 0, "uuid": "e5999a18403c32fbc4d60703eb5832ce0d52204d"}, "author": "adm@yaplakal.com (newswek)", "url": "http://www.yaplakal.com/forum2/topic1461813.html", "ord_in_thread": 0, "title": "Как правильно есть Чокопай", "locations": [], "entities": {"persons": [], "locations": [], "organizations": []}, "highlightText": "", "language": "russian", "persons": [], "text": "Регистрация: 6.04.15 Сообщений: 84 Эх с алкашкой было бы так, хуяк на 30 секунд поставил 0,5, а достал литр и бежать за второй не нужно (вы не подумайте я не алкаш) Bublik11 Это сообщение отредактировал Бюджетник23 - 30.09.2016 - 14:28", "external_links": [], "published": "2016-09-30T19:23:00.000+03:00", "crawled": "2016-10-01T06:51:34.325+03:00", "highlightTitle": ""}