{"organizations": [], "uuid": "316f5661266617a4b352a62a39ab75b33f366fae", "thread": {"social": {"gplus": {"shares": 0}, "pinterest": {"shares": 0}, "vk": {"shares": 0}, "linkedin": {"shares": 0}, "facebook": {"likes": 0, "shares": 0, "comments": 0}, "stumbledupon": {"shares": 0}}, "site_full": "www.yaplakal.com", "main_image": "http://s00.yaplakal.com/pics/pics_original/1/4/0/8493041.png", "site_section": "http://www.yaplakal.com/news.xml", "section_title": "ЯПлакалъ - развлекательное сообщество", "url": "http://www.yaplakal.com/forum2/topic1462934.html", "country": "DE", "domain_rank": 1217, "title": "Картоха с огорода ЯПовцев !", "performance_score": 0, "site": "yaplakal.com", "participants_count": 1, "title_full": "Картоха с огорода ЯПовцев !", "spam_score": 0.0, "site_type": "news", "published": "2016-10-03T00:37:00.000+03:00", "replies_count": 0, "uuid": "316f5661266617a4b352a62a39ab75b33f366fae"}, "author": "adm@yaplakal.com (Renamax)", "url": "http://www.yaplakal.com/forum2/topic1462934.html", "ord_in_thread": 0, "title": "Картоха с огорода ЯПовцев !", "locations": [], "entities": {"persons": [], "locations": [], "organizations": []}, "highlightText": "", "language": "russian", "persons": [], "text": "Витамин мона упустить.Вари как есть. не болтай ерундойу картофана снаружи надо сантиметр срезать, т.к. эта часть все яды накапливаетмне девочка технолог пищевой промышленности так говорила и рубила из картошки кубики", "external_links": [], "published": "2016-10-03T00:37:00.000+03:00", "crawled": "2016-10-03T08:18:40.112+03:00", "highlightTitle": ""}