{"organizations": [], "uuid": "4494ada9544cd6132d60d97f81fa93a5a6337fc6", "thread": {"social": {"gplus": {"shares": 0}, "pinterest": {"shares": 0}, "vk": {"shares": 0}, "linkedin": {"shares": 0}, "facebook": {"likes": 0, "shares": 0, "comments": 0}, "stumbledupon": {"shares": 0}}, "site_full": "lenta.ru", "main_image": "https://icdn.lenta.ru/images/2016/10/03/20/20161003204431992/original_87e68eeab68370bea982adb79db48104.jpg", "site_section": "http://lenta.ru/rss/news", "section_title": "Lenta.ru : Новости", "url": "https://lenta.ru/news/2016/10/03/estonia/", "country": "RU", "domain_rank": 659, "title": "Новый президент Эстонии согласилась говорить по-русски", "performance_score": 0, "site": "lenta.ru", "participants_count": 0, "title_full": "Новый президент Эстонии согласилась говорить по-русски", "spam_score": 0.0, "site_type": "news", "published": "2016-10-04T02:01:00.000+03:00", "replies_count": 0, "uuid": "4494ada9544cd6132d60d97f81fa93a5a6337fc6"}, "author": "", "url": "https://lenta.ru/news/2016/10/03/estonia/", "ord_in_thread": 0, "title": "Новый президент Эстонии согласилась говорить по-русски", "locations": [], "entities": {"persons": [], "locations": [], "organizations": []}, "highlightText": "", "language": "russian", "persons": [], "text": "Новый президент Эстонии согласилась говорить по-русски Керсти Кальюлайд Фото: imago stock&people / Globallookpress.com \nНовый президент Эстонии Керсти Кальюлайд заявила о готовности общаться с жителями на русском языке. Об этом в понедельник, 3 октября, сообщает РИА Новости . \n«Мы с удовольствием поговорим. Я — на своем, пока что довольно слабом, русском языке, а они пусть говорят так, как им будет удобно. Быть может, мой акцент подтолкнет их к тому, чтобы смелее использовать эстонский», — сказала она на встрече с журналистами. \nТакже она вспомнила свой опыт работы на Ируской электростанции, где преобладал русскоязычный коллектив. «Мои коллеги с Ируской электростанции подтвердят, что в более узком кругу я могу общаться на русском языке», — заявила глава государства. \nРанее 3 октября депутаты парламента Эстонии (Рийгикогу) выбрали Кальюлайд на должность президента страны. За ее кандидатуру высказался 81 депутат, 17 бюллетеней для голосования остались незаполненными. В выборах главы государства участвовали 98 депутатов из 101.", "external_links": [], "published": "2016-10-04T02:01:00.000+03:00", "crawled": "2016-10-03T22:23:34.756+03:00", "highlightTitle": ""}