{"organizations": [], "uuid": "1d1b8f6c7c09af502b2f3562115e154a9156235a", "thread": {"social": {"gplus": {"shares": 0}, "pinterest": {"shares": 0}, "vk": {"shares": 0}, "linkedin": {"shares": 0}, "facebook": {"likes": 0, "shares": 0, "comments": 0}, "stumbledupon": {"shares": 0}}, "site_full": "www.championat.com", "main_image": "https://img.championat.com/news2/social/1/52/2595978.jpg", "site_section": "http://www.championat.com/xml/rss.xml", "section_title": "Чемпионат.com  (новости)", "url": "https://www.championat.com/tennis/news-2595978-lindstedt-my-s-fonini-pobedili-neskolko-ochen-horoshih-par-na-etoj-nedele.html", "country": "RU", "domain_rank": 1710, "title": "Линдстедт: мы с Фоньини победили несколько очень хороших пар на этой неделе", "performance_score": 0, "site": "championat.com", "participants_count": 0, "title_full": "Линдстедт: мы с Фоньини победили несколько очень хороших пар на этой неделе", "spam_score": 0.0, "site_type": "news", "published": "2016-10-02T23:26:00.000+03:00", "replies_count": 0, "uuid": "1d1b8f6c7c09af502b2f3562115e154a9156235a"}, "author": "", "url": "https://www.championat.com/tennis/news-2595978-lindstedt-my-s-fonini-pobedili-neskolko-ochen-horoshih-par-na-etoj-nedele.html", "ord_in_thread": 0, "title": "Линдстедт: мы с Фоньини победили несколько очень хороших пар на этой неделе", "locations": [], "entities": {"persons": [], "locations": [], "organizations": []}, "highlightText": "", "language": "russian", "persons": [], "text": "Линдстедт: мы с Фоньини победили несколько очень хороших пар на этой неделе  26. Теннис Шведский теннисист Роберт Линдстедт прокомментировал победу на турнире в Шэньчжэне в паре с итальянцем Фабио Фоньини . В финале Линдстедт и Фоньини победили австрийца Оливера Мараха и француза Фабриса Мартена (2) со счётом 7:6 (7:4), 6:3. «Мы оба играли очень хорошо с нашего первого матча здесь. Единственный сет, который мы проиграли за весь турнир, был очень равным. Мы победили несколько очень хороших пар на этой неделе и получили большое удовольствие от выступления», — приводит слова Линдстедта официальный сайт ATP.", "external_links": [], "published": "2016-10-02T23:26:00.000+03:00", "crawled": "2016-10-02T18:31:49.349+03:00", "highlightTitle": ""}