{"organizations": [], "uuid": "33cc597fe6d3dc092f6434ae87b53e02d3db8e25", "thread": {"social": {"gplus": {"shares": 0}, "pinterest": {"shares": 0}, "vk": {"shares": 0}, "linkedin": {"shares": 0}, "facebook": {"likes": 3, "shares": 3, "comments": 0}, "stumbledupon": {"shares": 0}}, "site_full": "www.kp.ru", "main_image": "http://kp.ru/share/i/12/9854336/wr-720.sh-18.jpg", "site_section": "http://www.kp.ru/rss/allsections.xml", "section_title": "KP.RU :: Комсомольская правда", "url": "http://www.kp.ru/daily/26588/3604244/", "country": "RU", "domain_rank": 1696, "title": "\"Касл\" прогулялся про Красной Площади: \"Гремлинов пока не нашел\"", "performance_score": 0, "site": "kp.ru", "participants_count": 0, "title_full": "\"Касл\" прогулялся про Красной Площади: \"Гремлинов пока не нашел\"", "spam_score": 0.0, "site_type": "news", "published": "2016-09-30T20:20:00.000+03:00", "replies_count": 0, "uuid": "33cc597fe6d3dc092f6434ae87b53e02d3db8e25"}, "author": "", "url": "http://www.kp.ru/daily/26588/3604244/", "ord_in_thread": 0, "title": "\"Касл\" прогулялся про Красной Площади: \"Гремлинов пока не нашел\"", "locations": [], "entities": {"persons": [], "locations": [], "organizations": []}, "highlightText": "", "language": "russian", "persons": [], "text": "Aa \"Касл\" прогулялся про Красной Площади: \"Гремлинов пока не нашел\" Для прогулки по городу актер выбрал шляпу и черные очки - конспирация в стиле Касла Фото: Личная страничка героя публикации в соцсети Натан Филлион приехал в Москву \nВ столице стартует грандиозная выставка \"Комик Кон\", где помимо всего прочего покажут отрывки из будущих блокбастеров. Туда же устремился и исполнитель роли Ричарда Касла в одноименном сериале, Натан Филлион . Натан выступит на сцене мероприятия 1 и 2 октября. Зрители и поклонники сериала смогут лично познакомиться со знаменитым актером, принять участие в автограф-сессии и даже сфотографироваться со своим кумиром. А пока он гуляет по столице, где ему довелось оказаться первый раз. \n\"Я слышал, что в России живут гремлины. Но вот я тут уже целый день, а пока ни одного не увидел\" - жалуется Ричард, тьфу, Натан в своем инстаграме. \nДалее актер отправился осматривать местные достопримечательности. Картина, выставленная на продажу на Красной Площади, его не впечатлила. \" Москва великолепна. Единственное, чего тут не хватало - это гигантской картины с утками\". Для прогулки по городу актер выбрал шляпу и черные очки - конспирация в стиле Касла. Тем не менее, поклонники его узнавали и просили селфи - он не отказал. Нашли ошибку в тексте? Выделите ее, и нажмите CTRL+ENTER Поделиться:", "external_links": [], "published": "2016-09-30T20:20:00.000+03:00", "crawled": "2016-10-01T01:28:35.588+03:00", "highlightTitle": ""}