{"organizations": [], "uuid": "aec849f6d7d423dfb19a19e0bc48f5a0ce5333ca", "thread": {"social": {"gplus": {"shares": 0}, "pinterest": {"shares": 0}, "vk": {"shares": 0}, "linkedin": {"shares": 0}, "facebook": {"likes": 0, "shares": 0, "comments": 0}, "stumbledupon": {"shares": 0}}, "site_full": "www.kp.ru", "main_image": "http://kp.ru/share/i/fill/FFFFFF/cr-458x185.t-10-2527420-osb-18-7-000-375-l-30-m-0.b-FFF-0-0-0-49.b-0083cd-6.t-4-1045972-osr-14-5-565656-480-l-100-b-40.wm-rm-100-bl-24-24.png", "site_section": "http://www.kp.ru/rss/allsections.xml", "section_title": "KP.RU :: Комсомольская правда", "url": "http://www.kp.ru/online/news/2527420/", "country": "RU", "domain_rank": 1696, "title": "Товарищеский матч сборной России по футболу против Румынии пройдет в Грозном", "performance_score": 0, "site": "kp.ru", "participants_count": 0, "title_full": "Товарищеский матч сборной России по футболу против Румынии пройдет в Грозном", "spam_score": 0.0, "site_type": "news", "published": "2016-10-02T16:55:00.000+03:00", "replies_count": 0, "uuid": "aec849f6d7d423dfb19a19e0bc48f5a0ce5333ca"}, "author": "", "url": "http://www.kp.ru/online/news/2527420/", "ord_in_thread": 0, "title": "Товарищеский матч сборной России по футболу против Румынии пройдет в Грозном", "locations": [], "entities": {"persons": [], "locations": [], "organizations": []}, "highlightText": "", "language": "russian", "persons": [], "text": "Товарищеский матч сборной России по футболу против Румынии пройдет в Грозном Поединок состоится 15 ноября \nВ воскресенье, 2 октября, прояснилась ситуация вокруг следующего товарищеского матча сборной России по футболу. Как ожидалось, в ноябре этого года команда Станислава Черчесова сыграет против Румынии . Первоначально местом поединка выбрали город Казань . Однако потом решение было изменено. \n- По контрольному матчу с Румынией все нормально, играем в Грозном , это уже точно, - заявил в интервью \"Р-Спорт\" глава минспорта РФ Виталий Мутко. \nРумынской команде предлагались вместо Казани два города с благоприятными погодными условиями - Грозный и Махачкала . В итоге выбор пал на столицу Чечни . Контрольная встреча пройдет 15 ноября.   Подписка \nУЧРЕДИТЕЛЬ И РЕДАКЦИЯ: АО ИД «Комсомольская правда». \nСетевое издание (сайт) зарегистрировано Роскомнадзором, свидетельство Эл № ФC77-50166 от 15 июня 2012.Главный редактор — Сунгоркин В. Н. Шеф-редактор сайта — Носова О.В. \nСообщения и комментарии читателей сайта размещаются без предварительного редактирования. Редакция оставляет за собой право удалить их с сайта или отредактировать, если указанные сообщения и комментарии являются злоупотреблением свободой массовой информации или нарушением иных требований закона. ВОЗРАСТНАЯ КАТЕГОРИЯ САЙТА: 12+ \n127287, Москва, Старый Петровско-Разумовский проезд, 1/23, стр. 1. Тел. +7 (495) 777-02-82. \nИсключительные права на материалы, размещённые на интернет-сайте www.kp.ru, в соответствии с законодательством Российской Федерации об охране результатов интеллектуальной деятельности принадлежат АО «Издательский дом «Комсомольская правда», и не подлежат использованию другими лицами в какой бы то ни было форме без письменного разрешения правообладателя. \nПриобретение авторских прав:", "external_links": [], "published": "2016-10-02T16:55:00.000+03:00", "crawled": "2016-10-02T15:09:51.127+03:00", "highlightTitle": ""}