{"organizations": [], "uuid": "2ca2b3a8746019040eca1cd480809d2fce03c4db", "thread": {"social": {"gplus": {"shares": 0}, "pinterest": {"shares": 0}, "vk": {"shares": 0}, "linkedin": {"shares": 0}, "facebook": {"likes": 1, "shares": 1, "comments": 0}, "stumbledupon": {"shares": 0}}, "site_full": "www.bbc.com", "main_image": "http://ichef.bbci.co.uk/news/1024/cpsprodpb/12BA1/production/_91450767_mediaitem91450766.jpg", "site_section": "", "section_title": "", "url": "http://www.bbc.com/russian/news-37510006", "country": "GB", "domain_rank": 130, "title": "Авария поезда в Нью-Джерси: один человек погиб, более 100 ранены - BBC Русская служба", "performance_score": 0, "site": "bbc.com", "participants_count": 0, "title_full": "Авария поезда в Нью-Джерси: один человек погиб, более 100 ранены - BBC Русская служба", "spam_score": 0.219, "site_type": "news", "published": "2016-09-30T03:52:00.000+03:00", "replies_count": 0, "uuid": "2ca2b3a8746019040eca1cd480809d2fce03c4db"}, "author": "", "url": "http://www.bbc.com/russian/news-37510006", "ord_in_thread": 0, "title": "Авария поезда в Нью-Джерси: один человек погиб, более 100 ранены - BBC Русская служба", "locations": [], "entities": {"persons": [], "locations": [], "organizations": []}, "highlightText": "", "language": "russian", "persons": [], "text": "Авария поезда в Нью-Джерси: один человек погиб, более 100 ранены 29 сентября 2016 Image copyright Reuters Image caption Поезд в Хобокене сошел с рельсов и врезался в платформу Губернатор американского штата Нью-Джерси, в котором сегодня произошла авария поезда, сообщил, что в результате катастрофы погиб один человек, а 108 получили различные травмы, 74 из них - госпитализированы. \nРанее местные СМИ сообщали о троих погибших в этой аварии. \nВ четверг утром во время часа пик на станции Хобокен, находящейся примерно в 11 км от Нью-Йорка, поезд врезался в платформу. Судя по сообщениям очевидцев, поезд не остановился у буферного стопора, а продолжил движение, протаранив зал ожидания. В результате рухнула часть крыши над ним. \nВ данный момент железнодорожное движение на станции полностью приостановлено. Губернатор штата Крис Кристи сказал, что в ближайшее время движение будет вновь открыто. \nПричины катастрофы выясняются. ", "external_links": [], "published": "2016-09-30T03:52:00.000+03:00", "crawled": "2016-10-01T05:51:38.576+03:00", "highlightTitle": ""}