{"organizations": [], "uuid": "9db357eced598ff21e27774a6eb1a1aaa9f9014a", "thread": {"social": {"gplus": {"shares": 0}, "pinterest": {"shares": 0}, "vk": {"shares": 0}, "linkedin": {"shares": 0}, "facebook": {"likes": 0, "shares": 0, "comments": 0}, "stumbledupon": {"shares": 0}}, "site_full": "www.chel.aif.ru", "main_image": "http://images.aif.ru/010/129/5708b80b3c751c53fae40df69798be08.jpg", "site_section": "http://www.chel.aif.ru/rss/all.php", "section_title": "АиФ-Челябинск", "url": "http://www.chel.aif.ru/incidents/other/v_plaste_izyali_bolee_polkilo_marihuany_i_gashishnogo_masla", "country": "RU", "domain_rank": 3127, "title": "В Пласте изъяли более полкило марихуаны и гашишного масла", "performance_score": 0, "site": "aif.ru", "participants_count": 0, "title_full": "В Пласте изъяли более полкило марихуаны и гашишного масла", "spam_score": 0.0, "site_type": "news", "published": "2016-10-02T01:41:00.000+03:00", "replies_count": 0, "uuid": "9db357eced598ff21e27774a6eb1a1aaa9f9014a"}, "author": "", "url": "http://www.chel.aif.ru/incidents/other/v_plaste_izyali_bolee_polkilo_marihuany_i_gashishnogo_masla", "ord_in_thread": 0, "title": "В Пласте изъяли более полкило марихуаны и гашишного масла", "locations": [], "entities": {"persons": [], "locations": [], "organizations": []}, "highlightText": "", "language": "russian", "persons": [], "text": "В Пласте изъяли более полкило марихуаны и гашишного масла Задержан 21-летний местный житель pixabay.com   \nСотрудники отдела уголовного розыска задержали в Пласте молодого человека, у которого были обнаружены наркотические вещества, сообщают в пресс-службе ГУ МВД России по Челябинской области. 41 год на четверых получили члены банды, возившие на Южный Урал наркотики \n21-летний местный житель, ранее судимый, передвигался по улице Тургенева к частному дому. С собой парень переносил наркотики. Исследования экспертов определили, что общий вес наркотических средств составил около 600 граммов: 400 граммов марихуаны и 139 граммов гашишное масло. \nВ отношении мужчины возбуждено уголовное дело по ч. 2 ст. 228 УК РФ «Незаконное приобретение, хранение, перевозка, изготовление, переработка наркотических средств». Подозреваемому грозит лишение свободы от трех до десяти лет. \nНапомним, южноуральцам дали 17 лет колонии за хранение и сбыт 60 килограммов марихуаны.", "external_links": [], "published": "2016-10-02T01:41:00.000+03:00", "crawled": "2016-10-01T22:46:45.001+03:00", "highlightTitle": ""}