{"organizations": [], "uuid": "d46eb9b3ed5f0126655ae07dea2dc6ac213c5058", "thread": {"social": {"gplus": {"shares": 1}, "pinterest": {"shares": 0}, "vk": {"shares": 0}, "linkedin": {"shares": 0}, "facebook": {"likes": 31, "shares": 31, "comments": 0}, "stumbledupon": {"shares": 0}}, "site_full": "www.interfax.ru", "main_image": "http://www.interfax.ru/aspimg/530744.png", "site_section": "http://www.interfax.ru/rss.asp", "section_title": "Интерфакс", "url": "http://www.interfax.ru/moscow/530744", "country": "RU", "domain_rank": 4701, "title": "В Москве совершено нападение на синагогу", "performance_score": 0, "site": "interfax.ru", "participants_count": 0, "title_full": "В Москве совершено нападение на синагогу", "spam_score": 0.0, "site_type": "news", "published": "2016-10-02T00:57:00.000+03:00", "replies_count": 0, "uuid": "d46eb9b3ed5f0126655ae07dea2dc6ac213c5058"}, "author": "", "url": "http://www.interfax.ru/moscow/530744", "ord_in_thread": 0, "title": "В Москве совершено нападение на синагогу", "locations": [], "entities": {"persons": [], "locations": [], "organizations": []}, "highlightText": "", "language": "russian", "persons": [], "text": "19:57, 1 октября 2016 В Москве совершено нападение на синагогу \nМосква. 1 октября. INTERFAX.RU - Неизвестный ворвался в синагогу в центре Москвы и ранил охранника из травматического пистолета, сообщил \"Интерфаксу\" источник в правоохранительных органах в субботу. \n\"Вечером в субботу неизвестный мужчина ворвался в синагогу в Большом Спасо-Глинищевском переулке в центре Москвы\", - сказал собеседник агентства.", "external_links": [], "published": "2016-10-02T00:57:00.000+03:00", "crawled": "2016-10-01T20:16:09.908+03:00", "highlightTitle": ""}