{"organizations": [], "uuid": "bdf39891647853443d66af4519dcb04cc07586e1", "thread": {"social": {"gplus": {"shares": 0}, "pinterest": {"shares": 0}, "vk": {"shares": 0}, "linkedin": {"shares": 0}, "facebook": {"likes": 2, "shares": 2, "comments": 0}, "stumbledupon": {"shares": 0}}, "site_full": "telegraf.com.ua", "main_image": "http://telegraf.com.ua/files/2016/10/015-567x309.jpg", "site_section": "http://telegraf.com.ua/yandex-feed/", "section_title": "ТЕЛЕГРАФ - последние новости Украины и мира", "url": "http://telegraf.com.ua/dom-i-sad/2870632-modnyie-interernyie-trendyi-2017-goda-o-kotoryih-nuzhno-znat-uzhe-segodnya-foto.html", "country": "UA", "domain_rank": 1750, "title": "Модные интерьерные тренды 2017 года, о которых нужно знать уже сегодня (Фото)", "performance_score": 0, "site": "telegraf.com.ua", "participants_count": 0, "title_full": "Модные интерьерные тренды 2017 года, о которых нужно знать уже сегодня (Фото)", "spam_score": 0.0, "site_type": "news", "published": "2016-10-02T18:41:00.000+03:00", "replies_count": 0, "uuid": "bdf39891647853443d66af4519dcb04cc07586e1"}, "author": "", "url": "http://telegraf.com.ua/dom-i-sad/2870632-modnyie-interernyie-trendyi-2017-goda-o-kotoryih-nuzhno-znat-uzhe-segodnya-foto.html", "ord_in_thread": 0, "title": "Модные интерьерные тренды 2017 года, о которых нужно знать уже сегодня (Фото)", "locations": [], "entities": {"persons": [], "locations": [], "organizations": []}, "highlightText": "", "language": "russian", "persons": [], "text": "Модные интерьерные тренды 2017 года, о которых нужно знать уже сегодня (Фото) Самые интересные и актуальные тенденции 2017 года, о которых нужно знать уже сегодня! Модный и стильный интерьер всегда смотрится эффектно, в нем комфортно находиться, в него не стыдно приглашать гостей. Что нужно знать, чтобы быть в тренде и держать свой дом в постоянном тонусе? Отдел: Телеграф Жизнь", "external_links": [], "published": "2016-10-02T18:41:00.000+03:00", "crawled": "2016-10-02T13:46:14.134+03:00", "highlightTitle": ""}