{"organizations": [], "uuid": "0e59fb0e3e8c8bc2e2525136da51d05ac60982f6", "thread": {"social": {"gplus": {"shares": 0}, "pinterest": {"shares": 0}, "vk": {"shares": 0}, "linkedin": {"shares": 0}, "facebook": {"likes": 0, "shares": 0, "comments": 0}, "stumbledupon": {"shares": 0}}, "site_full": "www.kp.ru", "main_image": "http://kp.ru/share/i/12/9853932/wr-720.sh-18.jpg", "site_section": "http://www.kp.ru/rss/allsections.xml", "section_title": "KP.RU :: Комсомольская правда", "url": "http://www.kp.ru/daily/26588/3604086/", "country": "RU", "domain_rank": 1696, "title": "В Париже показали новый Audi Q5", "performance_score": 0, "site": "kp.ru", "participants_count": 0, "title_full": "В Париже показали новый Audi Q5", "spam_score": 0.0, "site_type": "news", "published": "2016-09-30T20:10:00.000+03:00", "replies_count": 0, "uuid": "0e59fb0e3e8c8bc2e2525136da51d05ac60982f6"}, "author": "", "url": "http://www.kp.ru/daily/26588/3604086/", "ord_in_thread": 0, "title": "В Париже показали новый Audi Q5", "locations": [], "entities": {"persons": [], "locations": [], "organizations": []}, "highlightText": "", "language": "russian", "persons": [], "text": "В Париже показали новый Audi Q5 Audi Q5 Битва за сегмент среди европейских кроссоверов продолжается \nВседорожники Peugeot, новый взгляд на движение вне асфальта у Mitsubishi, Skoda c непроизносимым названием, а теперь и новинка из Ингольштадта! \nНовый Audi Q5 должен навести шороху. Просто обязан. Во-первых, роскошная, немного угловатая и оттого более притягательная внешность, выверенная в стилистике Q7. Сохранив прежние размеры, кроссовер стал значительно богаче в дополнительном оснащении. Так, например, стала возможна установка сверхбольшого экрана, диагональ которого более 12 дюймов, массаж, у климатической установки три зоны. Audi Q5 \nВ топовой модификации новинка получит трехлитровый турбодизель, выдающий 286 л. с., и восьмиступенчатую АКП. Помимо вышеуказанного, у покупателя появится возможность выбрать один из трех «дизелей» попроще или бензиновый мотор на 252 силы. В качестве тандема к движкам выступят механические «шестиступки» и автоматические коробки на семь передач. Привод, естественно, передний или полный. Audi Q5", "external_links": [], "published": "2016-09-30T20:10:00.000+03:00", "crawled": "2016-10-01T01:28:35.826+03:00", "highlightTitle": ""}