{"organizations": [], "uuid": "a0ef76f84ed1b460d30da2e648b3d0b4b482d0ac", "thread": {"social": {"gplus": {"shares": 0}, "pinterest": {"shares": 0}, "vk": {"shares": 0}, "linkedin": {"shares": 0}, "facebook": {"likes": 0, "shares": 0, "comments": 0}, "stumbledupon": {"shares": 0}}, "site_full": "searchengines.guru", "main_image": "http://searchenginesru.s3.amazonaws.com/pics2/2016/SE_1.jpg", "site_section": "http://searchengines.guru/external.php?type=RSS2", "section_title": "Форум об интернет-маркетинге", "url": "http://searchengines.guru/showthread.php?t=945531", "country": "US", "domain_rank": 3506, "title": "Google App Engine vs Выделенный сервер", "performance_score": 0, "site": "searchengines.guru", "participants_count": 1, "title_full": "Google App Engine vs Выделенный сервер", "spam_score": 0.0, "site_type": "news", "published": "2016-10-03T01:52:00.000+03:00", "replies_count": 0, "uuid": "a0ef76f84ed1b460d30da2e648b3d0b4b482d0ac"}, "author": "romagromov", "url": "http://searchengines.guru/showthread.php?t=945531", "ord_in_thread": 0, "title": "Google App Engine vs Выделенный сервер", "locations": [], "entities": {"persons": [], "locations": [], "organizations": []}, "highlightText": "", "language": "russian", "persons": [], "text": "Google App Engine vs Выделенный сервер Здравствуйте! Я наверное чего-то не понимаю, а гугл не дает внятных ответов. Перечитал кучу блогов и статей - непонятно... У меня в данный момент выделенный сервер. При стоимости 59 евро, я имею Intel® Core™ i7-4770 Quadcore Haswell, ДИСК 2 x 240 GB SSD SATA-III, ПАМЯТЬ 32 GB DDR3. Я начал рассматривать новые варианты размещения сайтов. Наткнулся на Google App Engine. С помощью калькулятора стоимости услуг получаю какие-то страшные цифры: То есть, выбрав минимальную конфигурацию с shared процессором и 0.6 памяти + винт на 375 GB я влетаю на $86.72. Я понимаю, что где-то недогоняю что-то. Есть статья, как установить Joomla на Google App Engine - вероятно, она и подтолкнула меня к попыткам разобраться в сервисе. Но какой в нем смысл при таких ценах? Спасибо.", "external_links": [], "published": "2016-10-03T01:52:00.000+03:00", "crawled": "2016-10-02T22:03:09.860+03:00", "highlightTitle": ""}