{"organizations": [], "uuid": "4403e1c7878fbaee3a3950bddaac6686c7a1b1dc", "thread": {"social": {"gplus": {"shares": 0}, "pinterest": {"shares": 0}, "vk": {"shares": 0}, "linkedin": {"shares": 0}, "facebook": {"likes": 0, "shares": 0, "comments": 0}, "stumbledupon": {"shares": 0}}, "site_full": "news.rambler.ru", "main_image": "https://news.rambler.ru/share/snippets/34865179/284e44693262f64221194435baba4fa8.png", "site_section": "http://news.rambler.ru/rss/economics/", "section_title": "Экономика — Рамблер/новости", "url": "https://news.rambler.ru/economics/34865179-medvedev-gospakety-aktsiy-bashnefti-i-rosnefti-budut-privatizirovany-v-2016-godu/", "country": "RU", "domain_rank": 289, "title": "Медведев: Госпакеты акций «Башнефти» и «Роснефти» будут приватизированы в 2016 году", "performance_score": 0, "site": "rambler.ru", "participants_count": 1, "title_full": "Медведев: Госпакеты акций «Башнефти» и «Роснефти» будут приватизированы в 2016 году", "spam_score": 0.0, "site_type": "news", "published": "2016-10-03T16:23:00.000+03:00", "replies_count": 0, "uuid": "4403e1c7878fbaee3a3950bddaac6686c7a1b1dc"}, "author": "ФИНАМ", "url": "https://news.rambler.ru/economics/34865179-medvedev-gospakety-aktsiy-bashnefti-i-rosnefti-budut-privatizirovany-v-2016-godu/", "ord_in_thread": 0, "title": "Медведев: Госпакеты акций «Башнефти» и «Роснефти» будут приватизированы в 2016 году", "locations": [], "entities": {"persons": [], "locations": [], "organizations": []}, "highlightText": "", "language": "russian", "persons": [], "text": "Фото: YTPO.ru Госпакеты акций «Башнефти» и «Роснефти» будут приватизированы в этом году, заявил премьер-министр РФ Дмитрий Медведев в ходе встречи с российскими деловыми кругами в рамках международного инвестфорума «Сочи-2016». «Очевидно, что общий курс на поддержку бизнеса, на развитие частного бизнеса, на защиту частной собственности должен быть вне всяких сомнений продолжен и подкрепляться конкретными решениями государства, включая, решения, например, о приватизации. И мы будем это делать, в том числе и в этом году, в том числе и по ряду довольно больших, крупных пакетов акций, например таких, как „Роснефть“ и „Башнефть“», — заявил Медведев. Это неполный текст новости", "external_links": [], "published": "2016-10-03T16:23:00.000+03:00", "crawled": "2016-10-03T11:30:37.833+03:00", "highlightTitle": ""}