{"organizations": [], "uuid": "f638adf15bb0558b769e1cfef2ec497a65f143d4", "thread": {"social": {"gplus": {"shares": 0}, "pinterest": {"shares": 0}, "vk": {"shares": 0}, "linkedin": {"shares": 0}, "facebook": {"likes": 0, "shares": 0, "comments": 0}, "stumbledupon": {"shares": 0}}, "site_full": "news.rambler.ru", "main_image": "https://news.rambler.ru/share/snippets/34879683/becd32b821a383f84ed29f517df82e19.png", "site_section": "http://news.rambler.ru/rss/economics/", "section_title": "Экономика — Рамблер/новости", "url": "https://news.rambler.ru/economics/34879683-statistika-chto-segodnya-ozhidat/", "country": "RU", "domain_rank": 289, "title": "Статистика. Что сегодня ожидать?", "performance_score": 0, "site": "rambler.ru", "participants_count": 1, "title_full": "Статистика. Что сегодня ожидать?", "spam_score": 0.0, "site_type": "news", "published": "2016-10-03T05:35:00.000+03:00", "replies_count": 0, "uuid": "f638adf15bb0558b769e1cfef2ec497a65f143d4"}, "author": "ФИНАМ", "url": "https://news.rambler.ru/economics/34879683-statistika-chto-segodnya-ozhidat/", "ord_in_thread": 0, "title": "Статистика. Что сегодня ожидать?", "locations": [], "entities": {"persons": [], "locations": [], "organizations": []}, "highlightText": "", "language": "russian", "persons": [], "text": "Главные события у вас в почте Цена операции в Сирии Подписаться В понедельник, 3 октября, ожидается публикация умеренного количества важной для валютного рынка статистики. В 10:15 МСК появится динамика розничных продаж Швейцарии за август, на которую советуем обратить внимание любителям швейцарского франка. В 10:55 МСК станет известен индекс деловой активности в промышленности Германии за сентябрь, а в 11:00 МСК и 11:30 МСК будут опубликованы аналогичные показатели по еврозоне и Великобритании соответственно. С прогнозами по этим показателям вы можете ознакомиться на нашем сайте в разделе «Календарь статистики». Это неполный текст новости", "external_links": [], "published": "2016-10-03T05:35:00.000+03:00", "crawled": "2016-10-03T01:07:46.761+03:00", "highlightTitle": ""}