{"organizations": [], "uuid": "5016245929e72e8e6a451192891b55190578ffff", "thread": {"social": {"gplus": {"shares": 0}, "pinterest": {"shares": 0}, "vk": {"shares": 0}, "linkedin": {"shares": 0}, "facebook": {"likes": 0, "shares": 0, "comments": 0}, "stumbledupon": {"shares": 0}}, "site_full": "ria.ru", "main_image": "https://cdn4.img.ria.ru/images/147676/86/1476768654.jpg", "site_section": "http://ria.ru/incidents/", "section_title": "Происшествия | РИА Новости", "url": "http://ria.ru/incidents/20161001/1478288232.html", "country": "RU", "domain_rank": 868, "title": "Итоги проверки по делу об ослепших в московской клинике озвучат 3 октября", "performance_score": 0, "site": "ria.ru", "participants_count": 1, "title_full": "Итоги проверки по делу об ослепших в московской клинике озвучат 3 октября | РИА Новости", "spam_score": 0.188, "site_type": "news", "published": "2016-10-01T08:55:00.000+03:00", "replies_count": 0, "uuid": "5016245929e72e8e6a451192891b55190578ffff"}, "author": "ria.ru", "url": "http://ria.ru/incidents/20161001/1478288232.html", "ord_in_thread": 0, "title": "Итоги проверки по делу об ослепших в московской клинике озвучат 3 октября", "locations": [], "entities": {"persons": [], "locations": [], "organizations": []}, "highlightText": "", "language": "russian", "persons": [], "text": "СОЧИ, 1 окт — РИА Новости. Результаты первого этапа проверки по инциденту в Московском НИИ глазных болезней имени Гельмгольца будут озвучены в понедельник, 3 октября, сообщила РИА Новости министр здравоохранения Вероника Скворцова.\nРанее в СМИ появилась информация, что 11 пациентов Московского Научно-исследовательского института глазных болезней им. Гельмгольца потеряли зрение после укола препарата \"Авастина\", в клинике проходит проверка Минздрава по распоряжению Вероники Скворцовой. Пресс-служба института позже сообщила, что пострадавшим сделали операции, у них хорошая динамика.\n\"Результаты мы планируем озвучить в понедельник. Это не то, что даёт следственный комитет, а Росздравнадзор проверяет\", — сказала Скворцова в кулуарах международного инвестиционного форума \"Сочи-2016\".\nОна пояснила, что в ходе проверки будет изучена возможность применения этого препарата при заболевании глаз, качество препарата, а также фактическое соблюдение регламентации всех процессов.\nСкворцова также отметила, что Минздрав надеется на то, что в связи с этим инцидентом репутация выдающейся клиники не пострадает.", "external_links": [], "published": "2016-10-01T08:55:00.000+03:00", "crawled": "2016-10-01T17:41:11.791+03:00", "highlightTitle": ""}