{"organizations": [], "uuid": "1eea277bd83ba57f2aa0fe51469dd6c89b8c4eeb", "thread": {"social": {"gplus": {"shares": 0}, "pinterest": {"shares": 0}, "vk": {"shares": 0}, "linkedin": {"shares": 0}, "facebook": {"likes": 182, "shares": 182, "comments": 0}, "stumbledupon": {"shares": 0}}, "site_full": "korrespondent.net", "main_image": "http://kor.ill.in.ua/m/190x120/1888245.jpg", "site_section": "http://k.img.com.ua/rss/ru/ukraine.xml", "section_title": "Последние новости по разделу Новости Украины на сайте korrespondent.net", "url": "http://korrespondent.net/ukraine/3752531-saakashvyly-vernetsia-v-hruzyui-smy", "country": "UA", "domain_rank": 2541, "title": "Саакашвили вернется в Грузию - СМИ", "performance_score": 1, "site": "korrespondent.net", "participants_count": 1, "title_full": "Саакашвили вернется в Грузию - СМИ", "spam_score": 0.0, "site_type": "news", "published": "2016-10-02T15:39:00.000+03:00", "replies_count": 0, "uuid": "1eea277bd83ba57f2aa0fe51469dd6c89b8c4eeb"}, "author": "1", "url": "http://korrespondent.net/ukraine/3752531-saakashvyly-vernetsia-v-hruzyui-smy", "ord_in_thread": 0, "title": "Саакашвили вернется в Грузию - СМИ", "locations": [], "entities": {"persons": [], "locations": [], "organizations": []}, "highlightText": "", "language": "russian", "persons": [], "text": "Саакашвили уверен, что его партия одержит победу на предстоящих выборах в Грузии Губернатор Одесской области хочет забрать с собой и главу Нацполиции Деканоидзе. \nГлава Одесской облгосадминистрации, бывший президент Грузии Михаид Саакашвили намерен вернуться на родину, где он обвиняется по уголовным делам. В Грузии на должность будущего главы Министерства внутренних дел Саакашвили видит и нынешнюю главу Национальной полиции Украины Хатию Деканоидзе, сообщает грузинская телекомпания Рустави-2 . \n\"Я действительно собираюсь вернуться в Грузию и защитить интересы результатов выборов\", – заявил Саакашвили в Нью-Йорке во время встречи со сторонниками созданной им партии Единое национальное движение. \nСаакашвили уверен, что его партия одержит победу на предстоящих выборах в Грузии, так как она стала более сильной. \n\"Данный вопрос не решен с членами партии, так как партия в конечном итоге сама должна все решить, но я, например, привез бы Хатию Деканоидзе в Грузию и назначил бы министром внутренних дел\", – добавил Саакашвили. \nОтметим, парламентские выборы в Грузии состоятся 8 октября 2016 года. \nКак сообщал Корреспондент.net, грузинские силовики проверяют информацию о возможной причастности Саакашвили в подготовке госпереворота в стране в случае, если партия ЕНД проиграет выборы.", "external_links": [], "published": "2016-10-02T15:39:00.000+03:00", "crawled": "2016-10-02T11:07:51.361+03:00", "highlightTitle": ""}