{"organizations": [], "uuid": "1778fa8a40f370fd4cab2e837bf7a018c8fbd80d", "thread": {"social": {"gplus": {"shares": 0}, "pinterest": {"shares": 0}, "vk": {"shares": 0}, "linkedin": {"shares": 0}, "facebook": {"likes": 0, "shares": 0, "comments": 0}, "stumbledupon": {"shares": 0}}, "site_full": "rus.delfi.ee", "main_image": "", "site_section": "", "section_title": "", "url": "http://rus.delfi.ee/daily/estonia/foto-i-video-kersti-kalyulajd-byla-predstavlena-v-kandidaty-na-post-prezidenta-estonii?id=75776385&com=1", "country": "EE", "domain_rank": 5049, "title": "Комментарии - ФОТО и ВИДЕО: Керсти Кальюлайд была представлена в кандидаты на пост президента Эстонии - Delfi", "performance_score": 0, "site": "delfi.ee", "participants_count": 0, "title_full": "Комментарии - ФОТО и ВИДЕО: Керсти Кальюлайд была представлена в кандидаты на пост президента Эстонии - Delfi", "spam_score": 0.212, "site_type": "news", "published": "2016-10-01T00:35:00.000+03:00", "replies_count": 0, "uuid": "1778fa8a40f370fd4cab2e837bf7a018c8fbd80d"}, "author": "", "url": "http://rus.delfi.ee/daily/estonia/foto-i-video-kersti-kalyulajd-byla-predstavlena-v-kandidaty-na-post-prezidenta-estonii?id=75776385&com=1", "ord_in_thread": 0, "title": "Комментарии - ФОТО и ВИДЕО: Керсти Кальюлайд была представлена в кандидаты на пост президента Эстонии - Delfi", "locations": [], "entities": {"persons": [], "locations": [], "organizations": []}, "highlightText": "", "language": "russian", "persons": [], "text": "ФОТО и ВИДЕО: Керсти Кальюлайд была представлена в кандидаты на пост президента Эстонии Внимание! Комментарии пишут читатели. Комментарии не редактируются. Содержание комментариев может не совпадать с мнением редакции. DELFI не отвечает за содержание комментариев читателей и просит читателей, пишущих комментарии, соблюдать нормы морали, не разжигать национальную и расовую рознь и обходиться без грубости. В случае игнорирования просьбы DELFI оставляет за собой право лишить пользователя возможности оставлять комментарии. ", "external_links": [], "published": "2016-10-01T00:35:00.000+03:00", "crawled": "2016-10-01T00:04:14.336+03:00", "highlightTitle": ""}