{"organizations": [], "uuid": "3fddbe1ff009b59eeb1775b427646ed56f6454f2", "thread": {"social": {"gplus": {"shares": 0}, "pinterest": {"shares": 0}, "vk": {"shares": 0}, "linkedin": {"shares": 0}, "facebook": {"likes": 0, "shares": 0, "comments": 0}, "stumbledupon": {"shares": 0}}, "site_full": "rg.ru", "main_image": "https://rg.ru/res/images/logo/rg-600x600.jpg", "site_section": "http://www.rg.ru/xml/index.xml", "section_title": "Российская Газета", "url": "https://rg.ru/2016/10/02/v-efiopii-na-prazdnike-zadavili-svyshe-100-chelovek.html", "country": "RU", "domain_rank": 3002, "title": "В Эфиопии на празднике задавили свыше 100 человек", "performance_score": 0, "site": "rg.ru", "participants_count": 0, "title_full": "В Эфиопии на празднике задавили свыше 100 человек", "spam_score": 0.0, "site_type": "news", "published": "2016-10-03T01:03:00.000+03:00", "replies_count": 0, "uuid": "3fddbe1ff009b59eeb1775b427646ed56f6454f2"}, "author": "", "url": "https://rg.ru/2016/10/02/v-efiopii-na-prazdnike-zadavili-svyshe-100-chelovek.html", "ord_in_thread": 0, "title": "В Эфиопии на празднике задавили свыше 100 человек", "locations": [], "entities": {"persons": [], "locations": [], "organizations": []}, "highlightText": "", "language": "russian", "persons": [], "text": "Текст: Константин Волков \nЧисло погибших в давке в Эфиопии 2 октября превысило 100 человек. Об этом сообщают эфиопские СМИ. \nТрагедия произошла во время празднования самой большой этнической группой в стране, народом оромо, Фестиваля благодарения Ирречаа в городе Бишофту, регион Оромо, в 40 километрах к юго-востоку от столицы Аддис-Абеббы. На праздник собралось порядка 2 миллионов человек, сообщает эфиопский новостной портал Nazret . В том числе на празднике акцию устроила и эфиопская оппозиция, в частности, движение \"Федералистский конгресс Оромо\". Регион Оромо считается одним из самых беспокойных в Эфиопии, так как оппозиция там особенно сильна и выступает с требованиями к правящему Народному революционному демократическому фронту Эфиопии дать больше свободы и реформировать судебную систему. читайте также При пожаре в тюрьме в столице Эфиопии погибли 23 человека \n2 октября для разгона митинга оппозиции полиция применила слезоточивый газ и начала стрелять в воздух. Началась паника и давка, которые и привели к гибели более чем 100 человек. \nМасштабные протесты в Эфиопии продолжаются с ноября 2015 года. Вначале их проводил народ оромо, потом к нему присоединился второй по численности народ - амхара. Оба они недовольны правящей этнической группой тиграй, составляющей лишь около 6 процентов населения страны. \nКак утверждают правозащитники из Human Rights Watch, за время протестов силовики убили порядка 500 человек. Правительство отрицает факты убийств, хотя и заявляло, что периодически \"полицейские офицеры берут правосудие в свои руки\". \nПри этом власти заявляют, что волнения в Эфиопии инспирированы диссидентами из-за рубежа.", "external_links": [], "published": "2016-10-03T01:03:00.000+03:00", "crawled": "2016-10-02T20:14:22.908+03:00", "highlightTitle": ""}