{"organizations": [], "uuid": "bd154c7a3f9f1442044562a5558b9d3e331e567f", "thread": {"social": {"gplus": {"shares": 0}, "pinterest": {"shares": 0}, "vk": {"shares": 0}, "linkedin": {"shares": 0}, "facebook": {"likes": 2, "shares": 2, "comments": 0}, "stumbledupon": {"shares": 0}}, "site_full": "www.vesti.ru", "main_image": "", "site_section": "http://www.vesti.ru/vesti.rss", "section_title": "ВЕСТИ", "url": "http://www.vesti.ru/doc.html?id=2805285", "country": "RU", "domain_rank": 1536, "title": "Команда Тоуэла не знала о его болях", "performance_score": 0, "site": "vesti.ru", "participants_count": 0, "title_full": "Команда Тоуэла не знала о его болях", "spam_score": 0.0, "site_type": "news", "published": "2016-10-01T23:17:00.000+03:00", "replies_count": 0, "uuid": "bd154c7a3f9f1442044562a5558b9d3e331e567f"}, "author": "", "url": "http://www.vesti.ru/doc.html?id=2805285", "ord_in_thread": 0, "title": "Команда Тоуэла не знала о его болях", "locations": [], "entities": {"persons": [], "locations": [], "organizations": []}, "highlightText": "", "language": "russian", "persons": [], "text": "1 октября 2016 18:17 Команда Тоуэла не знала о его болях \nВ четверг боксера Майка Тоуэла нокаутировал Дэйл Эванс. От тяжелой травмы Тоуэл скончался в госпитале через 12 часов после отключения аппарата искусственной вентиляции легких. Боксер жаловался на головные боли последние несколько недель. Представители команды Тоуэла заявили, что не имели понятия о его проблемах со здоровьем. \nДевушка спортсмена Хлоя Росс на странице в Facebook сообщила, у Тоуэла были сильное кровотечение и отек мозга. Мигрени же казались проявлением стресса перед поединком, передает ТАСС . На сайте функционирует система коррекции ошибок. Обнаружив неточность в тексте, выделите ее и нажмите Ctrl+Enter. реклама на сайте оповещения vesti.ru \n© \"Вести\" интернет-газета\" (\"VESTI.RU\"). 2001 - 2016. Свидетельство о регистрации СМИ Эл № 77-8597 от 10 февраля 2004 года выдано Министерством РФ по делам печати, телерадиовещания и средств массовых коммуникаций. Все права на любые материалы, опубликованные на сайте, защищены в соответствии с российским и международным законодательством об авторском праве и смежных правах. Любое использование текстовых, фото, аудио и видеоматериалов возможно только с согласия правообладателя (ВГТРК). Для детей старше 16 лет. \nEmail редакции . Реклама на сайте . Справочный телефон ВГТРК +7 (495) 232-63-33. \nВы можете получать оповещения от vesti.ru в вашем браузере", "external_links": [], "published": "2016-10-01T23:17:00.000+03:00", "crawled": "2016-10-01T18:39:06.803+03:00", "highlightTitle": ""}