{"organizations": [], "uuid": "99ae13930e55c715bed13c9714b064197a59f979", "thread": {"social": {"gplus": {"shares": 0}, "pinterest": {"shares": 0}, "vk": {"shares": 0}, "linkedin": {"shares": 0}, "facebook": {"likes": 0, "shares": 0, "comments": 0}, "stumbledupon": {"shares": 0}}, "site_full": "news.rambler.ru", "main_image": "https://news.rambler.ru/share/snippets/34880057/20613f6942c1c6ff37ef23e88de64fdc.png", "site_section": "http://news.rambler.ru/rss/roadaccidents/", "section_title": "ДТП — Рамблер/новости", "url": "https://news.rambler.ru/roadaccidents/34880057-pyanyy-voditel-na-ogromnoy-skorosti-sbil-voennosluzhaschego-v-komsomolske-na-amure/", "country": "RU", "domain_rank": 289, "title": "Пьяный водитель на огромной скорости сбил военнослужащего в Комсомольске-на-Амуре", "performance_score": 0, "site": "rambler.ru", "participants_count": 1, "title_full": "Пьяный водитель на огромной скорости сбил военнослужащего в Комсомольске-на-Амуре", "spam_score": 0.0, "site_type": "news", "published": "2016-10-03T09:21:00.000+03:00", "replies_count": 0, "uuid": "99ae13930e55c715bed13c9714b064197a59f979"}, "author": "amurmedia.ru", "url": "https://news.rambler.ru/roadaccidents/34880057-pyanyy-voditel-na-ogromnoy-skorosti-sbil-voennosluzhaschego-v-komsomolske-na-amure/", "ord_in_thread": 0, "title": "Пьяный водитель на огромной скорости сбил военнослужащего в Комсомольске-на-Амуре", "locations": [], "entities": {"persons": [], "locations": [], "organizations": []}, "highlightText": "", "language": "russian", "persons": [], "text": "Фото: amurmedia.ru Страшное ДТП с участием автомобиля Toyota Crown произошло в Комсомольске-на-Амуре. Машина на огромной скорости сбила переходившего дорогу мужчину в военной форме, даже не пытаясь притормозить. На видеохостинге youtube появилось видео, которое очевидец ДТП, воспользовавшись камерой видеорегистратора в машине, заснял на проспекте Ленина, сообщает ИА AmurMedia со ссылкой на РЕН ТВ. Как сообщает пресс-служба ГИБДД по Комсомольску-на-Амуре, пострадавшим оказался мужчина 27 лет. Пешеход получил серьезные травмы, из-за чего был госпитализирован. Виновником ДТП оказался 36-летний водитель. Сотрудниками правоохранительных органов было установлено, что на момент аварии мужчина за рулем Toyota находился в состоянии алкогольного опьянения. Видео с места ДТП можно посмотреть ЗДЕСЬ.  ", "external_links": [], "published": "2016-10-03T09:21:00.000+03:00", "crawled": "2016-10-03T08:41:20.845+03:00", "highlightTitle": ""}