{"organizations": [], "uuid": "d6eb1b93ddcb79b35a9f5dc0d8a6b79c4303ea6b", "thread": {"social": {"gplus": {"shares": 0}, "pinterest": {"shares": 0}, "vk": {"shares": 0}, "linkedin": {"shares": 0}, "facebook": {"likes": 0, "shares": 0, "comments": 0}, "stumbledupon": {"shares": 0}}, "site_full": "telegraf.com.ua", "main_image": "http://telegraf.com.ua/files/2016/10/256492-567x309.jpg", "site_section": "http://telegraf.com.ua/yandex-feed/", "section_title": "ТЕЛЕГРАФ - последние новости Украины и мира", "url": "http://telegraf.com.ua/mir/drugie/2867668-mvf-vklyuchil-v-valyutnuyu-korzinu-kitayskiy-yuan.html", "country": "UA", "domain_rank": 1750, "title": "МВФ включил в валютную корзину китайский юань", "performance_score": 0, "site": "telegraf.com.ua", "participants_count": 0, "title_full": "МВФ включил в валютную корзину китайский юань", "spam_score": 0.0, "site_type": "news", "published": "2016-10-01T12:40:00.000+03:00", "replies_count": 0, "uuid": "d6eb1b93ddcb79b35a9f5dc0d8a6b79c4303ea6b"}, "author": "", "url": "http://telegraf.com.ua/mir/drugie/2867668-mvf-vklyuchil-v-valyutnuyu-korzinu-kitayskiy-yuan.html", "ord_in_thread": 0, "title": "МВФ включил в валютную корзину китайский юань", "locations": [], "entities": {"persons": [], "locations": [], "organizations": []}, "highlightText": "", "language": "russian", "persons": [], "text": "Китайская национальная валюта юань стал резервной валютой Международного валютного фонда (МВФ). \nКитайская национальная валюта юань стал резервной валютой Международного валютного фонда (МВФ). \nОб этом сообщает Reuters. \n\"1 октября юань, также известный как ренминби, присоединится к доллару, евро, иене и британскому фунту, войдя в корзину \"специальных прав заимствования\", которую формирует МВФ\", – говорится в сообщении. \nТакое решение принял совет директоров Международного валютного фонда (МВФ). \nПо словам министра финансов США Джека Лью, в Китае в течение 10 лет произошли \"огромные изменения\", в частности это касается и экономических реформ, что сделало национальную валюту более открытой. \nПри этом юань сразу же занял третье по значению место, получив долю почти в 11%. Доллар остался на уровне примерно в 40%, а вот доля евро снизилась с 37% до 31%, пишут СМИ. \nКак известно, в валютной корзине МВФ первоначально находились 16 валют, но в 1981 году их число сократили до пяти основных. В 2000 году, после введения в безналичный оборот европейской денежной единицы, марка и франк уступили место евро.", "external_links": [], "published": "2016-10-01T12:40:00.000+03:00", "crawled": "2016-10-01T07:50:59.581+03:00", "highlightTitle": ""}