{"organizations": [], "uuid": "3d1a8a4d69f377c2159647ef65edb68a142fadf9", "thread": {"social": {"gplus": {"shares": 0}, "pinterest": {"shares": 0}, "vk": {"shares": 0}, "linkedin": {"shares": 0}, "facebook": {"likes": 0, "shares": 0, "comments": 0}, "stumbledupon": {"shares": 0}}, "site_full": "www.svoboda.org", "main_image": "http://gdb.rferl.org/A372EC45-7EB2-4382-AD7C-E25B051FF643_mw1024_mh1024_s.jpg", "site_section": "http://svoboda.org/api/", "section_title": "Радио Свобода", "url": "http://www.svoboda.org/a/28026250.html", "country": "US", "domain_rank": 7526, "title": "Суд в Чехии требует от \"представительства ДНР\" сменить название", "performance_score": 0, "site": "svoboda.org", "participants_count": 0, "title_full": "Суд в Чехии требует от \"представительства ДНР\" сменить название", "spam_score": 0.0, "site_type": "news", "published": "2016-10-02T04:12:00.000+03:00", "replies_count": 0, "uuid": "3d1a8a4d69f377c2159647ef65edb68a142fadf9"}, "author": "", "url": "http://www.svoboda.org/a/28026250.html", "ord_in_thread": 0, "title": "Суд в Чехии требует от \"представительства ДНР\" сменить название", "locations": [], "entities": {"persons": [], "locations": [], "organizations": []}, "highlightText": "", "language": "russian", "persons": [], "text": "Суд в Чехии требует от \"представительства ДНР\" сменить название 38 минут(ы) назад Открытие так называемого \"представительства ДНР\" Поделиться Распечатать \nВ Чехии суд требует от так называемого \"Представительства ДНР в Чешской Республике\" сменить название. \nКак сообщает сайт Aktualne.cz, суд в городе Острава, где 1 сентября было открыто так называемое \"представительство\", считает, что общественная организация, которая использует это название, выдает себя за \"консульство\" самопровозглашенной республики, на самом деле не являясь им. Пресс-секретарь суда подтвердил, что суд начал рассматривать этот вопрос на основании письма Министерства иностранных дел Чехии, которое ранее заявляло, что никакого \"представительства\" донецких сепаратистов в стране существовать не может, поскольку Прага не признает существования \"ДНР\". \nСообщается, что организация, официально именуемая сейчас \"Представительский центр ДНР\", должна изменить название в течение 20 дней. В противном случае ей грозит ликвидация. Глава так называемого \"представительства\" Нела Лискова утверждает, что пока не получала письмо из суда. \nРуководство \"ДНР\" утверждало , что открывшееся в Остраве \"представительство\" является \"первым в Евросоюзе консульством\" сепаратистского образования на востоке Украины.", "external_links": [], "published": "2016-10-02T04:12:00.000+03:00", "crawled": "2016-10-01T23:54:24.527+03:00", "highlightTitle": ""}