{"organizations": [], "uuid": "ff6cf640464c25182b4b7d0413d1e7be97311fe5", "thread": {"social": {"gplus": {"shares": 0}, "pinterest": {"shares": 0}, "vk": {"shares": 0}, "linkedin": {"shares": 0}, "facebook": {"likes": 0, "shares": 0, "comments": 0}, "stumbledupon": {"shares": 0}}, "site_full": "news.rambler.ru", "main_image": "https://news.rambler.ru/share/snippets/34884543/7950f871d06620d0ad7eef087728129f.png", "site_section": "http://news.rambler.ru/rss/Ukraine/auto/", "section_title": "Авто — Рамблер/новости", "url": "https://news.rambler.ru/auto/34884543-vybrany-samye-populyarnye-evropeyskie-avtomobili-v-rossii/", "country": "RU", "domain_rank": 289, "title": "Выбраны самые популярные европейские автомобили в России", "performance_score": 0, "site": "rambler.ru", "participants_count": 1, "title_full": "Выбраны самые популярные европейские автомобили в России", "spam_score": 0.0, "site_type": "news", "published": "2016-10-03T18:03:00.000+03:00", "replies_count": 0, "uuid": "ff6cf640464c25182b4b7d0413d1e7be97311fe5"}, "author": "Российская Газета", "url": "https://news.rambler.ru/auto/34884543-vybrany-samye-populyarnye-evropeyskie-avtomobili-v-rossii/", "ord_in_thread": 0, "title": "Выбраны самые популярные европейские автомобили в России", "locations": [], "entities": {"persons": [], "locations": [], "organizations": []}, "highlightText": "", "language": "russian", "persons": [], "text": "Фото: depositphotos.com Кроссовер Renault Duster оказался самым популярным европейским автомобилем в России по итогам восьми месяцев 2016 года. Об этом свидетельствует статистика регистраций новых машин в органах ГИБДД , представленная агентством \"Автостат Инфо\". С января по август включительно на учет поставили 28 326 Duster - на 25,8 процента больше, чем годом ранее С небольшим отставанием на втором месте идет седан Volkswagen Polo - 26 544 регистраций (плюс 14,3%). На третьем оказался еще один представитель Renault - седан Logan с показателем 20 294 (минус 14,3%). Отметим, что все лидеры - по сути, представляют отечественный автопром. Французские машины собирают в Москве, немецкую модель - в Калуге. В топ-10 также вошли Skoda Rapid (15 631), Skoda Octavia (12 829), Volkswagen Tiguan (5 125), Volkswagen Jetta (5 125), Skoda Yeti (3 751), BMW X5 (3 089), Mercedes GLK-Klasse (3 041) и Audi Q7 (3 028). В споре европейских брендов предсказуемо лидируют Renault (68 415 зарегистрированных автомобилей, плюс 4,8% относительно аналогичного периода 2015 года), Volkswagen (41 501, минус 1,7%) и Skoda (33 019, плюс 15,8%). Далее идут Mercedes (21 152, минус 6,0%) и BMW (16 721, плюс 5,6%). Кстати, ранее \"РГ\" опубликовала аналогичные рейтинги популярности китайских и японских автомобилей в России. В обоих случаях лидерами также стали кроссоверы.", "external_links": [], "published": "2016-10-03T18:03:00.000+03:00", "crawled": "2016-10-03T16:18:15.851+03:00", "highlightTitle": ""}