{"organizations": [], "uuid": "846878b434958e107f87fadf2fc8479bd06deb5b", "thread": {"social": {"gplus": {"shares": 0}, "pinterest": {"shares": 0}, "vk": {"shares": 0}, "linkedin": {"shares": 0}, "facebook": {"likes": 0, "shares": 0, "comments": 0}, "stumbledupon": {"shares": 0}}, "site_full": "sport.bigmir.net", "main_image": "http://sport.img.com.ua/b/orig/e/13/0a06156c011db856128456f054dfa13e.jpg", "site_section": "http://sport.bigmir.net//sport.bigmir.net/?_ctr=rss", "section_title": "СПОРТ", "url": "http://sport.bigmir.net/worldcup_2018/1778014-MJu-poprosil-ne-vyzyvat--Mhitarjana-v-sbornuju-", "country": "UA", "domain_rank": 3864, "title": "МЮ попросил не вызывать Мхитаряна в сборную", "performance_score": 0, "site": "bigmir.net", "participants_count": 0, "title_full": "МЮ попросил не вызывать Мхитаряна в сборную", "spam_score": 0.0, "site_type": "news", "published": "2016-10-04T00:48:00.000+03:00", "replies_count": 0, "uuid": "846878b434958e107f87fadf2fc8479bd06deb5b"}, "author": "", "url": "http://sport.bigmir.net/worldcup_2018/1778014-MJu-poprosil-ne-vyzyvat--Mhitarjana-v-sbornuju-", "ord_in_thread": 0, "title": "МЮ попросил не вызывать Мхитаряна в сборную", "locations": [], "entities": {"persons": [], "locations": [], "organizations": []}, "highlightText": "", "language": "russian", "persons": [], "text": "МЮ попросил не вызывать Мхитаряна в сборную 18 мин назад Манчестер Юнайтед попросил у Федерации футбола Армении не вызывать Генриха Мхитаряна на матчи сбрных. Мхитарян пропустит матчи сборной EPA/UPG \nПолузащитник Манчестер Юнайтед Генрих Мхитарян с большой вероятностью пропустит матчи отборочного турнира ЧМ-2018 против Румынии и Польши, сообщает официальный сайт Федерации футбола Армении. Читай также: Моуринью высказал свое мнение относительно будущего Руни в МЮ \nПричиной невызова лидера сборной стало восстановление Мхитаряна от травмы, в связи с чем Манчестер Юнайтед сделал запрос к ФФА. \n\"Будем благодарны, если Федерация футбола Армении позволит Генриху Мхитаряну не участвовать в предстоящих двух матчах команды, остаться в Манчестере и продолжить процесс реабилитации\", - гласит заявление МЮ. \nНапомним, ранее Спорт bigmir)net сообщал о том, что Ярмоленко прокомментировал слухи относительно своего перехода в МЮ . lstsl1", "external_links": [], "published": "2016-10-04T00:48:00.000+03:00", "crawled": "2016-10-03T20:09:00.091+03:00", "highlightTitle": ""}