{"organizations": [], "uuid": "22dc1914b76f5550ab54a1a17c85becb214a05e7", "thread": {"social": {"gplus": {"shares": 0}, "pinterest": {"shares": 0}, "vk": {"shares": 0}, "linkedin": {"shares": 0}, "facebook": {"likes": 0, "shares": 0, "comments": 0}, "stumbledupon": {"shares": 0}}, "site_full": "news.mail.ru", "main_image": "https://news.mail.ru/social_preview/27304085/?time=cfac04154dd0bf0391f8028c74490c5c", "site_section": "http://news.mail.ru//rss/incident/", "section_title": "Новости Mail.Ru: События", "url": "https://news.mail.ru/incident/27304085/", "country": "RU", "domain_rank": 27, "title": "Автокран рухнул в котлован на стройке перегона метро в Москве", "performance_score": 0, "site": "mail.ru", "participants_count": 0, "title_full": "Автокран рухнул в котлован на стройке перегона метро в Москве", "spam_score": 0.0, "site_type": "news", "published": "2016-10-01T17:19:00.000+03:00", "replies_count": 0, "uuid": "22dc1914b76f5550ab54a1a17c85becb214a05e7"}, "author": "", "url": "https://news.mail.ru/incident/27304085/", "ord_in_thread": 0, "title": "Автокран рухнул в котлован на стройке перегона метро в Москве", "locations": [], "entities": {"persons": [], "locations": [], "organizations": []}, "highlightText": "", "language": "russian", "persons": [], "text": "  \nТеперь вы можете обсуждать последние новости и высказывать свое отношение к происходящему. 12:19 (мск) , источник: Интерфакс Автокран рухнул в котлован на стройке перегона метро в Москве \nМосква. 1 октября. INTERFAX.RU — Строительный автокран упал в котлован на западе Москвы, сообщил «Интерфаксу» в субботу источник в экстренных службах города.", "external_links": [], "published": "2016-10-01T17:19:00.000+03:00", "crawled": "2016-10-01T12:59:54.034+03:00", "highlightTitle": ""}