{"organizations": [], "uuid": "c117bec1e161775d08883fcfa3b09aad5d735c63", "thread": {"social": {"gplus": {"shares": 1}, "pinterest": {"shares": 0}, "vk": {"shares": 0}, "linkedin": {"shares": 0}, "facebook": {"likes": 0, "shares": 0, "comments": 0}, "stumbledupon": {"shares": 0}}, "site_full": "www.lostfilm.tv", "main_image": "", "site_section": "http://www.lostfilm.tv/rss.xml", "section_title": "LostFilm.TV", "url": "https://www.lostfilm.tv/details.php?id=19678&hit=1", "country": "TV", "domain_rank": 1677, "title": "Барыги (Narcos). Выход хозяина (Exit El Patrón) [MP4]. (S02E08)", "performance_score": 0, "site": "lostfilm.tv", "participants_count": 0, "title_full": "Барыги (Narcos). Выход хозяина (Exit El Patrón) [MP4]. (S02E08)", "spam_score": 0.0, "site_type": "news", "published": "2016-10-01T04:15:00.000+03:00", "replies_count": 0, "uuid": "c117bec1e161775d08883fcfa3b09aad5d735c63"}, "author": "", "url": "https://www.lostfilm.tv/details.php?id=19678&hit=1", "ord_in_thread": 0, "title": "Барыги (Narcos). Выход хозяина (Exit El Patrón) [MP4]. (S02E08)", "locations": [], "entities": {"persons": [], "locations": [], "organizations": []}, "highlightText": "", "language": "russian", "persons": [], "text": "Пользователя с таким e-Mail не существует Не удалось выполнить процедуру восстановления пароля. Попробуйте повторить попытку позже латинские буквы и цифры, сменить юзернейм нельзя. Такой юзернейм уже есть минимум 6 знаков, латинские буквы, цифры и символы: ! @ # $ % ^ & * ( ) _ - + : ; , . Пользователь с таким eMail уже зарегистрирован. Попробуйте повторить попытку позже.", "external_links": [], "published": "2016-10-01T04:15:00.000+03:00", "crawled": "2016-10-01T09:45:43.504+03:00", "highlightTitle": ""}