{"organizations": [], "uuid": "031fd8d9d5d7dd9a4b03f9795387b209abd2e031", "thread": {"social": {"gplus": {"shares": 0}, "pinterest": {"shares": 0}, "vk": {"shares": 0}, "linkedin": {"shares": 0}, "facebook": {"likes": 0, "shares": 0, "comments": 0}, "stumbledupon": {"shares": 0}}, "site_full": "news.bigmir.net", "main_image": "http://bm.img.com.ua/berlin/storage/news/orig/4/53/dbaacac2e13c103871a8c506228db534.jpg", "site_section": "http://news.bigmir.net/?_ctr=rss", "section_title": "Новости - Главная", "url": "http://news.bigmir.net/world/1029334-SShA-pochti-ischerpali-limit-po-priemy-bejencev---SMI", "country": "UA", "domain_rank": 3864, "title": "США почти исчерпали лимит по приему беженцев - СМИ", "performance_score": 0, "site": "bigmir.net", "participants_count": 0, "title_full": "США почти исчерпали лимит по приему беженцев - СМИ", "spam_score": 0.0, "site_type": "news", "published": "2016-10-03T14:10:00.000+03:00", "replies_count": 0, "uuid": "031fd8d9d5d7dd9a4b03f9795387b209abd2e031"}, "author": "", "url": "http://news.bigmir.net/world/1029334-SShA-pochti-ischerpali-limit-po-priemy-bejencev---SMI", "ord_in_thread": 0, "title": "США почти исчерпали лимит по приему беженцев - СМИ", "locations": [], "entities": {"persons": [], "locations": [], "organizations": []}, "highlightText": "", "language": "russian", "persons": [], "text": "США почти исчерпали лимит по приему беженцев - СМИ 58 мин назад Комментариев: 0 Среди крупнейших групп беженцев, принятых в этом году, более 12 тыс 500 сирийцев. \nСША практически исчерпали лимит по приему беженцев в завершившемся финансовом году. За последние 12 месяцев США приняла лишь на 5 человек меньше установленного администрацией лимита - 85 тысяч человек. Об этом сообщает Голос Америки . \nДанные Госдепартамента по состоянию на 1 октября - дату начала 2017 финансового года, с которой отсчитывается финансовый календарь правительства, - показывают, что в минувшем году программа по приему беженцев ближе всего подошла к установленному президентом лимиту за последние 24 года. \n\"Среди крупнейших групп беженцев, принятых в этом году, более 12 тыс 500 сирийцев. В сентябре прошлого года администрация США поставила цель - принять не менее 10 тысяч человек, скрывающихся от гражданской войны в Сирии и действий Исламского государства в этой стране\", - отмечается в сообщении \nСреди других стран, лидирующих по числу размещенных беженцев, Конго и Мьянма. \n16 сентября на саммите ЕС в Братиславе Вышеградская четверка приняла собственное заявление, в котором отвергла квоты по распределению беженцев по странам Евросоюза. Liga.net В мире", "external_links": [], "published": "2016-10-03T14:10:00.000+03:00", "crawled": "2016-10-03T10:10:07.462+03:00", "highlightTitle": ""}