{"organizations": [], "uuid": "2832e9192b2f34af59befb7839f5e12b7cc2e070", "thread": {"social": {"gplus": {"shares": 0}, "pinterest": {"shares": 0}, "vk": {"shares": 0}, "linkedin": {"shares": 0}, "facebook": {"likes": 0, "shares": 0, "comments": 0}, "stumbledupon": {"shares": 0}}, "site_full": "searchengines.guru", "main_image": "http://searchenginesru.s3.amazonaws.com/pics2/2016/SE_1.jpg", "site_section": "http://searchengines.guru/external.php?type=RSS2", "section_title": "Форум об интернет-маркетинге", "url": "http://searchengines.guru/showthread.php?t=945470", "country": "US", "domain_rank": 3506, "title": "сайт ограничен в мобильном поиске со стороны наших алгоритмов", "performance_score": 0, "site": "searchengines.guru", "participants_count": 1, "title_full": "сайт ограничен в мобильном поиске со стороны наших алгоритмов", "spam_score": 0.0, "site_type": "news", "published": "2016-10-02T02:23:00.000+03:00", "replies_count": 0, "uuid": "2832e9192b2f34af59befb7839f5e12b7cc2e070"}, "author": "1vanoff", "url": "http://searchengines.guru/showthread.php?t=945470", "ord_in_thread": 0, "title": "сайт ограничен в мобильном поиске со стороны наших алгоритмов", "locations": [], "entities": {"persons": [], "locations": [], "organizations": []}, "highlightText": "", "language": "russian", "persons": [], "text": "Репутация: 348 сайт ограничен в мобильном поиске со стороны наших алгоритмов Добрый вечер, ребята может быть кто-то сталкивался с такой проблемой, сегодня просел трафик на 50 % на 2 сайтах, пришел ответ: 1) mega-trek.net В настоящий момент Ваш сайт mega-trek.net ограничен в мобильном поиске со стороны наших алгоритмов. С подобными ограничениями могут сталкиваться сайты, обманывающие пользователей мобильного интернета. Иногда пользователи при переходе на сайты из результатов поиска не могут получить найденную для них информацию. Это происходит из-за того, что сайты не показывают таким пользователям тот контент, который был проиндексирован поисковым роботом. А часто просто перенаправляют посетителей на страницы с подпиской на платные контент-услуги. 2) mega-torrent.org Благодарим за письмо. Мы проверим, всё ли сейчас в порядке с Вашим сайтом, и сообщим Вам. На сайтах стоить реклама только от advmaker.net, в фильтрах мобильная реклама отключена, значить дело не в advmaker ? тогда в чем может быть проблема ? кто поможет, с меня $ P.S. так как сайты переносили с юкоз на дле, и стандартный редирект не работает, то я установил http://hostdev.pw/module/redirects-for-dle/ , ну и пару недель назад, поставил редирект на 200 ссылок где-то, пример:", "external_links": [], "published": "2016-10-02T02:23:00.000+03:00", "crawled": "2016-10-01T22:03:58.653+03:00", "highlightTitle": ""}