{"organizations": [], "uuid": "327caf2efff70c9b9af63e4a7250d3bd7372372c", "thread": {"social": {"gplus": {"shares": 0}, "pinterest": {"shares": 0}, "vk": {"shares": 0}, "linkedin": {"shares": 0}, "facebook": {"likes": 0, "shares": 0, "comments": 0}, "stumbledupon": {"shares": 0}}, "site_full": "www.kp.ru", "main_image": "http://kp.ru/share/i/fill/FFFFFF/cr-458x185.t-10-2527280-osb-18-7-000-375-l-30-m-0.b-FFF-0-0-0-49.b-0083cd-6.t-4-1045972-osr-14-5-565656-480-l-100-b-40.wm-rm-100-bl-24-24.png", "site_section": "http://www.kp.ru/rss/allsections.xml", "section_title": "KP.RU :: Комсомольская правда", "url": "http://www.kp.ru/online/news/2527280/", "country": "RU", "domain_rank": 1696, "title": "Леверкузенский \"Байер\" победил 2:0 дортмундскую \"Боруссию\" в чемпионате Германии по футболу", "performance_score": 0, "site": "kp.ru", "participants_count": 0, "title_full": "Леверкузенский \"Байер\" победил 2:0 дортмундскую \"Боруссию\" в чемпионате Германии по футболу", "spam_score": 0.0, "site_type": "news", "published": "2016-10-02T12:41:00.000+03:00", "replies_count": 0, "uuid": "327caf2efff70c9b9af63e4a7250d3bd7372372c"}, "author": "", "url": "http://www.kp.ru/online/news/2527280/", "ord_in_thread": 0, "title": "Леверкузенский \"Байер\" победил 2:0 дортмундскую \"Боруссию\" в чемпионате Германии по футболу", "locations": [], "entities": {"persons": [], "locations": [], "organizations": []}, "highlightText": "", "language": "russian", "persons": [], "text": "Леверкузенский \"Байер\" победил 2:0 дортмундскую \"Боруссию\" в чемпионате Германии по футболу Соперник ЦСКА по Лиге Чемпионов забил по голу в каждом из таймов \nФутболисты леверкузенского \"Байера\" одержали победу со счетом 2:0 в поединке 6 тура чемпионата Германии над дортмундской \"Боруссией\". Встреча прошла на поле соперников столичного ЦСКА по групповому этапу Лиги Чемпионов. \n\"Байер\" забил по голу в каждом из двух таймов поединка. На 10-й минуте счет открыл Адмир Мехмеди. Ну а на 79-й минуте встречи мексиканец Хавьер Эрнандес установил окончательный счет в поединке. \n\" Боруссия \" после этого поражения с 12 очками идет на 3 месте в Бундеслиге. \"Байер\" с 10 баллами - седьмой.   Подписка \nУЧРЕДИТЕЛЬ И РЕДАКЦИЯ: АО ИД «Комсомольская правда». \nСетевое издание (сайт) зарегистрировано Роскомнадзором, свидетельство Эл № ФC77-50166 от 15 июня 2012.Главный редактор — Сунгоркин В. Н. Шеф-редактор сайта — Носова О.В. \nСообщения и комментарии читателей сайта размещаются без предварительного редактирования. Редакция оставляет за собой право удалить их с сайта или отредактировать, если указанные сообщения и комментарии являются злоупотреблением свободой массовой информации или нарушением иных требований закона. ВОЗРАСТНАЯ КАТЕГОРИЯ САЙТА: 12+ \n127287, Москва, Старый Петровско-Разумовский проезд, 1/23, стр. 1. Тел. +7 (495) 777-02-82. \nИсключительные права на материалы, размещённые на интернет-сайте www.kp.ru, в соответствии с законодательством Российской Федерации об охране результатов интеллектуальной деятельности принадлежат АО «Издательский дом «Комсомольская правда», и не подлежат использованию другими лицами в какой бы то ни было форме без письменного разрешения правообладателя. \nПриобретение авторских прав:", "external_links": [], "published": "2016-10-02T12:41:00.000+03:00", "crawled": "2016-10-02T08:17:11.465+03:00", "highlightTitle": ""}