{"organizations": [], "uuid": "1462d9b3724deeca92c43db76b7200efe164d9cd", "thread": {"social": {"gplus": {"shares": 0}, "pinterest": {"shares": 0}, "vk": {"shares": 0}, "linkedin": {"shares": 0}, "facebook": {"likes": 0, "shares": 0, "comments": 0}, "stumbledupon": {"shares": 0}}, "site_full": "news.rambler.ru", "main_image": "https://news.rambler.ru/share/snippets/34875977/4608d822b6fd40b877432a4bd8ceb257.png", "site_section": "http://news.rambler.ru/rss/weather/", "section_title": "Погода — Рамблер/новости", "url": "https://news.rambler.ru/science/34875977-uchenye-rasskazali-chto-zhdet-chelovechestvo-esli-globalnoe-poteplenie-ne-prekratitsya/", "country": "RU", "domain_rank": 289, "title": "Ученые рассказали, что ждет человечество, если глобальное потепление не прекратится", "performance_score": 0, "site": "rambler.ru", "participants_count": 1, "title_full": "Ученые рассказали, что ждет человечество, если глобальное потепление не прекратится", "spam_score": 0.0, "site_type": "news", "published": "2016-10-02T09:56:00.000+03:00", "replies_count": 0, "uuid": "1462d9b3724deeca92c43db76b7200efe164d9cd"}, "author": "РИА «ВладТайм»", "url": "https://news.rambler.ru/science/34875977-uchenye-rasskazali-chto-zhdet-chelovechestvo-esli-globalnoe-poteplenie-ne-prekratitsya/", "ord_in_thread": 0, "title": "Ученые рассказали, что ждет человечество, если глобальное потепление не прекратится", "locations": [], "entities": {"persons": [], "locations": [], "organizations": []}, "highlightText": "", "language": "russian", "persons": [], "text": "Фото: РИА «ВладТайм» Ученые вместе с специалистами NASA провели научную конференцию, на которой обсуждался вопрос таяния ледников. По словам научных сотрудников, за последние несколько лет таяние ледников в мировом океане увеличилось в десять раз. Если ситуация с ледниками в ближайшее время не поменяется, то в скором будущем планету ожидает затопление. Представитель NASA от университета Колорада выступил с заявлением, что одна треть повышения уровня воды в мировом океане связана с изменениями в климате, остальное связано с ледниковыми изменениями. Были приведены данные, которые наглядно демонстрируют увеличение уровня воды мирового океана, что приведет к затоплению целых материков.  ", "external_links": [], "published": "2016-10-02T09:56:00.000+03:00", "crawled": "2016-10-02T06:12:05.854+03:00", "highlightTitle": ""}