{"organizations": [], "uuid": "1b025a740c4498c6abfa29f967552533b064f88d", "thread": {"social": {"gplus": {"shares": 0}, "pinterest": {"shares": 0}, "vk": {"shares": 0}, "linkedin": {"shares": 0}, "facebook": {"likes": 0, "shares": 0, "comments": 0}, "stumbledupon": {"shares": 0}}, "site_full": "112.ua", "main_image": "http://img.112.agency/original/2016/10/02/262858.jpg", "site_section": "http://112.ua/rss/index.rss", "section_title": "Новости 112.ua", "url": "http://112.ua/mir/referendum-o-kvotah-na-bezhencev-v-vengrii-priznan-nesostoyavshimsya-343015.html", "country": "UA", "domain_rank": 8311, "title": "Референдум о квотах на беженцев в Венгрии признан несостоявшимся", "performance_score": 0, "site": "112.ua", "participants_count": 0, "title_full": "Референдум о квотах на беженцев в Венгрии признан несостоявшимся", "spam_score": 0.0, "site_type": "news", "published": "2016-10-03T14:11:00.000+03:00", "replies_count": 0, "uuid": "1b025a740c4498c6abfa29f967552533b064f88d"}, "author": "", "url": "http://112.ua/mir/referendum-o-kvotah-na-bezhencev-v-vengrii-priznan-nesostoyavshimsya-343015.html", "ord_in_thread": 0, "title": "Референдум о квотах на беженцев в Венгрии признан несостоявшимся", "locations": [], "entities": {"persons": [], "locations": [], "organizations": []}, "highlightText": "", "language": "russian", "persons": [], "text": "Референдум о квотах на беженцев в Венгрии признан несостоявшимся 09:11, 3 октября 2016 Из открытых источников \nВ воскресенье, 2 октября, в Венгрии прошел референдум об участии страны в обязательной программе распределения беженцев в соответствии с определенными Европейским Союзом квотами. Избирательная комиссия Венгрии официально признала плебисцит несостоявшимся в связи с низкой явкой, которая составила только 40%. Об этом сообщает DW . \nВ то же время подавляющее большинство проголосовавших - 98,3% (около 3,2 млн человек) - высказались против квот на распределение беженцев. Правом голоса обладают около 8 миллионов жителей Венгрии. Референдум был бы признан состоявшимся, если бы явка составила более 50%. \n\"Мы можем гордиться тем, что мы стали первой и пока единственной страной в ЕС\", где прошел такой референдум, заявил премьер-министр Венгрии Виктор Орбан. Новости по теме: Французская полиция разогнала протестующих у лагеря для мигрантов \nГлава правительства считает, что, несмотря на недействительность голосования из-за низкой явки, жители страны высказались против предлагаемых Брюсселем квот. Итоги референдума не имеют никакой юридической силы, но Орбан собирается использовать их для давления на европейских политиков при обсуждении вопроса о распределении беженцев. \nРанее Орбан заявил, что уйдет в отставку , если на референдуме о квотах мигрантов венгры проголосуют \"за\". <>", "external_links": [], "published": "2016-10-03T14:11:00.000+03:00", "crawled": "2016-10-03T10:36:20.170+03:00", "highlightTitle": ""}