{"organizations": [], "uuid": "ec6c8c68a1dbd88b29d54bee57cba7fdfe270dfe", "thread": {"social": {"gplus": {"shares": 0}, "pinterest": {"shares": 0}, "vk": {"shares": 0}, "linkedin": {"shares": 0}, "facebook": {"likes": 0, "shares": 0, "comments": 0}, "stumbledupon": {"shares": 0}}, "site_full": "www.rbc.ru", "main_image": "http://s.rbk.ru/v7_top_static/current/images/social-icon.png", "site_section": "http://static.feed.rbc.ru/rbc/internal/rss.rbc.ru/rbc.ru/mainnews.rss", "section_title": "РБК - Главные новости", "url": "http://www.rbc.ru/politics/03/10/2016/57f26b399a7947b555939671", "country": "RU", "domain_rank": 474, "title": "Путин выпустил из загона лошадей Пржевальского", "performance_score": 0, "site": "rbc.ru", "participants_count": 1, "title_full": "Путин выпустил из загона лошадей Пржевальского", "spam_score": 0.0, "site_type": "news", "published": "2016-10-03T22:48:00.000+03:00", "replies_count": 0, "uuid": "ec6c8c68a1dbd88b29d54bee57cba7fdfe270dfe"}, "author": "Мария Лейва", "url": "http://www.rbc.ru/politics/03/10/2016/57f26b399a7947b555939671", "ord_in_thread": 0, "title": "Путин выпустил из загона лошадей Пржевальского", "locations": [], "entities": {"persons": [], "locations": [], "organizations": []}, "highlightText": "", "language": "russian", "persons": [], "text": "Мария Лейва Путин выпустил из загона лошадей Пржевальского Президент Владимир Путин побывал в природном заповеднике «Оренбургский», который воссоздает популяцию лошади Пржевальского. Там он выпустил на открытую территорий шесть животных \nПрезидент России Владимир Путин постеил природный заповедник «Оренбургский», который воссоздает популяцию лошади Пржевальского, и в рамках визита выпустил из акклиматизационного загона в основную часть заповедника шесть особей, сообщает «Интерфакс» . \nВместе с руководителем государственного заповедника Путин подошел к воротам вольера, где находилось стадо лошадей Пржевальского. Для приманки животных в руках у президента было ведро с заготовленным овсом, однако лошади не торопились выходить из знакомого им вольера на неизвестную территорию. \nСамой смелой оказалась кобыла Лаванда, последним же на новую территорию вышел вожак, отмечает «Интерфакс» . В целом дикие животные, о пугливости которых предупреждали сотрудники заповедника, вели себя с гостями спокойной и дружелюбно, добавляет агентство. \nЦентр реинтродукции лошадей Пржевальского — обитающего в Азии подвида дикой лошади — официально открылся в Оренбургской области в мае 2016 года и был создан при поддержке Минприроды России, Программы развития ООН и Глобального экологического фонда. \nПервый табун был завезен в заповедник в 2015 году из Франции, и год адаптировался к новым условиям. Лошадь Пржевальского занесена в красные книги России и Международного союза охраны природы. Теги", "external_links": [], "published": "2016-10-03T22:48:00.000+03:00", "crawled": "2016-10-03T17:52:46.658+03:00", "highlightTitle": ""}