{"organizations": [], "uuid": "556c1ec6b8cdc20b28833cda659070f6ce22a79f", "thread": {"social": {"gplus": {"shares": 0}, "pinterest": {"shares": 0}, "vk": {"shares": 0}, "linkedin": {"shares": 0}, "facebook": {"likes": 0, "shares": 0, "comments": 0}, "stumbledupon": {"shares": 0}}, "site_full": "www.segodnya.ua", "main_image": "http://www.segodnya.ua/img/article/7569/28_main.jpg", "site_section": "http://www.segodnya.ua/xml/rss.html", "section_title": "СЕГОДНЯ | Самые актуальные новости, мнения, комментарии", "url": "http://www.segodnya.ua/culture/stars/alina-kabaeva-okonfuzilas-s-naryadom-na-shou-ivana-urganta-foto-756928.html", "country": "UA", "domain_rank": 5884, "title": "Алина Кабаева оконфузилась с нарядом на шоу Ивана Урганта (фото)", "performance_score": 0, "site": "segodnya.ua", "participants_count": 0, "title_full": "Алина Кабаева оконфузилась с нарядом на шоу Ивана Урганта (фото)", "spam_score": 0.0, "site_type": "news", "published": "2016-10-03T17:30:00.000+03:00", "replies_count": 0, "uuid": "556c1ec6b8cdc20b28833cda659070f6ce22a79f"}, "author": "", "url": "http://www.segodnya.ua/culture/stars/alina-kabaeva-okonfuzilas-s-naryadom-na-shou-ivana-urganta-foto-756928.html", "ord_in_thread": 0, "title": "Алина Кабаева оконфузилась с нарядом на шоу Ивана Урганта (фото)", "locations": [], "entities": {"persons": [], "locations": [], "organizations": []}, "highlightText": "", "language": "russian", "persons": [], "text": "× E-mail: Алина Кабаева оконфузилась с нарядом на шоу Ивана Урганта (фото) http://www.segodnya.ua/img/article/7569/28_main.jpg http://www.segodnya.ua/img/article/7569/28_tn.jpg 2016-10-03T12:30:42+03:00 Звезды Под черную блузку Кабаева надела белый атласный топ Алина Кабаева Кадр из видео Алина Кабаева оконфузилась с нарядом на шоу Ивана Урганта (фото) Под черную блузку Кабаева надела белый атласный топ Гимнастка Алина Кабаева удивила внешним видом. На днях олимпийская чемпионка побывала в гостях у Ивана Урганта. 33-летняя спортсменка появилась в студии в неудачном наряде. Кабаева пришла к Урганту в юбке-карандаше и прозрачной черной блузке. Под блузку Алина надела белый атласный топ, украшенный кружевом. Кабаеву раскритиковали за безвкусный образ: \"Какой ужас! Надеть белую комбинацию под прозрачную черную блузку, все испортила, дурной тон на лицо\", \"Явно друзей стилистов у нее нет\", \"Снова похудела\", \"Почему Алине не расскажет никто, что нынче просвечивающееся нижнее белье-это ужасный моветон\", – прокомментировали пользователи.", "external_links": [], "published": "2016-10-03T17:30:00.000+03:00", "crawled": "2016-10-03T12:36:28.333+03:00", "highlightTitle": ""}