{"organizations": [], "uuid": "eaa9e6066feca9e3cf20f868566e0b609cf3b412", "thread": {"social": {"gplus": {"shares": 0}, "pinterest": {"shares": 0}, "vk": {"shares": 0}, "linkedin": {"shares": 0}, "facebook": {"likes": 0, "shares": 0, "comments": 0}, "stumbledupon": {"shares": 0}}, "site_full": "news.meta.ua", "main_image": "", "site_section": "http://news.meta.ua/rss/", "section_title": "МЕТА Новости", "url": "http://news.meta.ua/go.php?to=2016-10-50893859", "country": "UA", "domain_rank": 7703, "title": "norubric: У Львові збудують ІТ-парк площею 10 гектарів. СЕО львівського ІТ-кластеру Степан Веселовський заявив про підписання угоди щодо втілення проекту Innovation District IT Park", "performance_score": 0, "site": "meta.ua", "participants_count": 1, "title_full": "norubric: У Львові збудують ІТ-парк площею 10 гектарів. СЕО львівського ІТ-кластеру Степан Веселовський заявив про підписання угоди щодо втілення проекту Innovation District IT Park", "spam_score": 0.0, "site_type": "news", "published": "2016-10-02T18:06:00.000+03:00", "replies_count": 0, "uuid": "eaa9e6066feca9e3cf20f868566e0b609cf3b412"}, "author": "norubric", "url": "http://news.meta.ua/go.php?to=2016-10-50893859", "ord_in_thread": 0, "title": "norubric: У Львові збудують ІТ-парк площею 10 гектарів. СЕО львівського ІТ-кластеру Степан Веселовський заявив про підписання угоди щодо втілення проекту Innovation District IT Park", "locations": [], "entities": {"persons": [], "locations": [], "organizations": []}, "highlightText": "", "language": "russian", "persons": [], "text": "У Львові збудують ІТ-парк площею 10 гектарів zaxid.net >> сегодня,", "external_links": [], "published": "2016-10-02T18:06:00.000+03:00", "crawled": "2016-10-02T13:20:48.564+03:00", "highlightTitle": ""}