{"organizations": [], "uuid": "e4327154b6508874a84c0e4c1400d130f8f6bd59", "thread": {"social": {"gplus": {"shares": 0}, "pinterest": {"shares": 0}, "vk": {"shares": 0}, "linkedin": {"shares": 0}, "facebook": {"likes": 0, "shares": 0, "comments": 0}, "stumbledupon": {"shares": 0}}, "site_full": "feedback.hh.ru", "main_image": "", "site_section": "http://feedback.hh.ru/topics/rss", "section_title": "Новые темы в сообществе Сообщество поддержки", "url": "http://feedback.hh.ru/question/details/id/550937", "country": "RU", "domain_rank": 926, "title": "резюме", "performance_score": 0, "site": "hh.ru", "participants_count": 1, "title_full": "резюме", "spam_score": 0.0, "site_type": "news", "published": "2016-10-01T20:06:00.000+03:00", "replies_count": 0, "uuid": "e4327154b6508874a84c0e4c1400d130f8f6bd59"}, "author": "Игорь Салищев", "url": "http://feedback.hh.ru/question/details/id/550937", "ord_in_thread": 0, "title": "резюме", "locations": [], "entities": {"persons": [], "locations": [], "organizations": []}, "highlightText": "", "language": "russian", "persons": [], "text": "Пользователь резюме \nздравствуйте. Вопрос такой навожу курсор на резюме показывает ноль а открываешь их два может работодатель не вмдит мои резюме а то на все запросы не одного просмотра спасибо.", "external_links": [], "published": "2016-10-01T20:06:00.000+03:00", "crawled": "2016-10-01T15:25:17.242+03:00", "highlightTitle": ""}