{"organizations": [], "uuid": "0a1a6c3099eddd93d77081d217d0844517c39d2a", "thread": {"social": {"gplus": {"shares": 0}, "pinterest": {"shares": 0}, "vk": {"shares": 0}, "linkedin": {"shares": 0}, "facebook": {"likes": 0, "shares": 0, "comments": 0}, "stumbledupon": {"shares": 0}}, "site_full": "sochi.mk.ru", "main_image": "http://sochi.mk.ru/media/img/mk.ru/mkru_og.jpg", "site_section": "http://www.mk.ru/rss/news/index.xml", "section_title": "Новостная лента - Московский Комсомолец", "url": "http://sochi.mk.ru/articles/2016/10/03/sochinskie-spasateli-pomogli-vladelcu-perevernuvsheysya-v-reke-lodki.html", "country": "RU", "domain_rank": 3246, "title": "Сочинские спасатели помогли владельцу перевернувшейся в реке лодки", "performance_score": 0, "site": "mk.ru", "participants_count": 0, "title_full": "Сочинские спасатели помогли владельцу перевернувшейся в реке лодки", "spam_score": 0.0, "site_type": "news", "published": "2016-10-03T16:56:00.000+03:00", "replies_count": 0, "uuid": "0a1a6c3099eddd93d77081d217d0844517c39d2a"}, "author": "", "url": "http://sochi.mk.ru/articles/2016/10/03/sochinskie-spasateli-pomogli-vladelcu-perevernuvsheysya-v-reke-lodki.html", "ord_in_thread": 0, "title": "Сочинские спасатели помогли владельцу перевернувшейся в реке лодки", "locations": [], "entities": {"persons": [], "locations": [], "organizations": []}, "highlightText": "", "language": "russian", "persons": [], "text": "Сочинские спасатели помогли владельцу перевернувшейся в реке лодки Сегодня в 11:56, просмотров: 28 \nСочинские спасатели эвакуировали из реки Мзымта 60-летнего мужчину. Его лодка находилась в 200 метрах от берега, перевернулась. Спасателям позвонили очевидцы. Специалисты Адлерского подразделения МЧС отправились к месту происшествия на катере, сообщает ЮРПСО МЧС России. Они взяли лодку на буксир и доставили к берегу. Мужчина не пострадал. Сетевое издание «МК в Сочи» sochi.mk.ru Зарегистрировано Федеральной службой по надзору в сфере связи, информационных технологий и массовых коммуникаций (Роскомнадзор). Свидетельство о регистрации СМИ Эл № ФС 77-57496 Учредитель СМИ – ЗАО «Редакция газеты «Московский Комсомолец» Редакция СМИ - ООО \"Редакция телерадиокомпании \"Екатеринодар\" Адрес редакции: 350000, Краснодар, улица Бабушкина, 252, Телефон: +7 (861) 212-65-59, 212-65-63 \nВсе права на материалы, опубликованные на сайте sochi.mk.ru, принадлежат редакции и охраняются в соответствии с законодательством РФ. \nИспользование материалов, опубликованных на сайте sochi.mk.ru допускается только с письменного разрешения правообладателя и с обязательной прямой гиперссылкой на страницу, с которой материал заимствован. Гиперссылка должна размещаться непосредственно в тексте, воспроизводящем оригинальный материал mk.ru, до или после цитируемого блока.", "external_links": [], "published": "2016-10-03T16:56:00.000+03:00", "crawled": "2016-10-03T12:02:51.064+03:00", "highlightTitle": ""}