{"organizations": [], "uuid": "e03d4a041bd398f89c63e099db004c1733c0cef1", "thread": {"social": {"gplus": {"shares": 0}, "pinterest": {"shares": 0}, "vk": {"shares": 0}, "linkedin": {"shares": 0}, "facebook": {"likes": 10, "shares": 10, "comments": 0}, "stumbledupon": {"shares": 0}}, "site_full": "kommersant.ru", "main_image": "http://im2.kommersant.ru/Issues.photo/LifeStyle_News/2016/10/03/KLS_000001_02075_1_t218_174140.jpg", "site_section": "", "section_title": "", "url": "http://kommersant.ru/doc/3106380", "country": "RU", "domain_rank": 3250, "title": "Ъ-Lifestyle-Новости - Facebook запускает сервис для продажи вещей", "performance_score": 0, "site": "kommersant.ru", "participants_count": 0, "title_full": "Ъ-Lifestyle-Новости - Facebook запускает сервис для продажи вещей", "spam_score": 0.163, "site_type": "news", "published": "2016-10-03T08:00:00.000+03:00", "replies_count": 0, "uuid": "e03d4a041bd398f89c63e099db004c1733c0cef1"}, "author": "", "url": "http://kommersant.ru/doc/3106380", "ord_in_thread": 0, "title": "Ъ-Lifestyle-Новости - Facebook запускает сервис для продажи вещей", "locations": [], "entities": {"persons": [], "locations": [], "organizations": []}, "highlightText": "", "language": "russian", "persons": [], "text": "Фото: facebook.com/fbmarketplace/ Facebook запускает сервис для продажи вещей Несмотря на огромное количество сайтов с бесплатными объявлениями, искать подержанный ноутбук или детскую кроватку многие предпочитают все-таки в Facebook. Представители социальной сети уверяют, что ежемесячно через Facebook что-либо продают или покупают 450 млн человек. Поставить перепродажу ненужных вещей на поток поможет новая функция Marketplace, воспользоваться которой жители США, Великобритании, Австралии и Новой Зеландии смогут уже на этой неделе. В мобильном приложении Facebook кнопка Marketplace заменит Messenger. Чтобы выставить тот или иной предмет на продажу, достаточно просто зайти в раздел, выложить изображение товара, добавить его описание, цену и свое местоположение. Если вы желаете что-то купить, то вам потребуется просто ввести название нужной вещи в поле поиска. Кроме того, на основании вашей активности в социальной сети Marketplace будет формировать для вас персональные подборки. ", "external_links": [], "published": "2016-10-03T08:00:00.000+03:00", "crawled": "2016-10-03T19:33:14.218+03:00", "highlightTitle": ""}