{"organizations": [], "uuid": "3ea5c594dab0244194509c1c12958dc5cd192889", "thread": {"social": {"gplus": {"shares": 0}, "pinterest": {"shares": 0}, "vk": {"shares": 0}, "linkedin": {"shares": 0}, "facebook": {"likes": 0, "shares": 0, "comments": 0}, "stumbledupon": {"shares": 0}}, "site_full": "www.championat.com", "main_image": "https://img.championat.com/news2/social/3/03/2596416.jpg", "site_section": "http://www.championat.com/xml/rss.xml", "section_title": "Чемпионат.com  (новости)", "url": "https://www.championat.com/football/news-2596416-ronaldu-ochevidno-chto-futbol--moja-strast-no-nuzhno-dumat-i-o-buduschem.html", "country": "RU", "domain_rank": 1710, "title": "Роналду: очевидно, что футбол – моя страсть, но нужно думать и о будущем", "performance_score": 0, "site": "championat.com", "participants_count": 0, "title_full": "Роналду: очевидно, что футбол – моя страсть, но нужно думать и о будущем", "spam_score": 0.0, "site_type": "news", "published": "2016-10-03T12:48:00.000+03:00", "replies_count": 0, "uuid": "3ea5c594dab0244194509c1c12958dc5cd192889"}, "author": "", "url": "https://www.championat.com/football/news-2596416-ronaldu-ochevidno-chto-futbol--moja-strast-no-nuzhno-dumat-i-o-buduschem.html", "ord_in_thread": 0, "title": "Роналду: очевидно, что футбол – моя страсть, но нужно думать и о будущем", "locations": [], "entities": {"persons": [], "locations": [], "organizations": []}, "highlightText": "", "language": "russian", "persons": [], "text": "Роналду: очевидно, что футбол – моя страсть, но нужно думать и о будущем 3 октября 2016, понедельник. 07:48. Футбол Нападающий мадридского «Реала» Криштиану Роналду поделился соображениями о жизни. Выступая на открытии своего отеля в Лиссабоне, футболист сборной Португалии отметил, что она не ограничивается лишь игрой в футбол. «Жизнь – не только футбол. Очевидно, что футбол – моя страсть, но нужно думать и о будущем. Моя футбольная история имеет свои страницы и в Лиссабоне, где я провёл семь лет. Поэтому я не мог упустить возможность открыть гостиницу в этом городе», — приводит слова Роналду Marca. Роналду воспитывался в академии лиссабонского «Спортинга», а с 2002 по 2003 год защищал цвета главной команды клуба.", "external_links": [], "published": "2016-10-03T12:48:00.000+03:00", "crawled": "2016-10-03T07:55:40.790+03:00", "highlightTitle": ""}