{"organizations": [], "uuid": "b4e10fe308581af80005e5a9853cf8e46b49d72a", "thread": {"social": {"gplus": {"shares": 0}, "pinterest": {"shares": 0}, "vk": {"shares": 0}, "linkedin": {"shares": 0}, "facebook": {"likes": 0, "shares": 0, "comments": 0}, "stumbledupon": {"shares": 0}}, "site_full": "svpressa.ru", "main_image": "", "site_section": "http://svpressa.ru/xml/news.xml", "section_title": "Свободная Пресса", "url": "http://svpressa.ru/politic/news/157693/", "country": "RU", "domain_rank": 9575, "title": "Шутка Медведева про кабмин развеселила участников круглого стола в Сочи", "performance_score": 0, "site": "svpressa.ru", "participants_count": 1, "title_full": "Шутка Медведева про кабмин развеселила участников круглого стола в Сочи", "spam_score": 0.0, "site_type": "news", "published": "2016-10-01T00:49:00.000+03:00", "replies_count": 0, "uuid": "b4e10fe308581af80005e5a9853cf8e46b49d72a"}, "author": "svpressa.ru", "url": "http://svpressa.ru/politic/news/157693/", "ord_in_thread": 0, "title": "Шутка Медведева про кабмин развеселила участников круглого стола в Сочи", "locations": [], "entities": {"persons": [], "locations": [], "organizations": []}, "highlightText": "", "language": "russian", "persons": [], "text": "Шутка Медведева про кабмин развеселила участников круглого стола в Сочи 2653 \nПремьер-министр России Дмитрий Медведев в ходе круглого стола «Новый бизнес в России — реализованные возможности» в Сочи предложил опробовать детскую развивающую игрушку на членах правительства. Его шутка вызвала громкий смех у участников встречи. \nКак сообщает РИА Новости, представляя участников круглого стола, ведущая отметила, что один из присутствующих презентует проект развивающей игры для детей до двух лет «Мультикубик». «Дмитрий Анатольевич, я попробовала на собственном внуке — работает, развивает», — поделилась опытом ведущая. \n«На внуке попробовали — попробуйте на представителях правительства Российской Федерации. Я не себя имел виду», — пошутил Медведев. \nРанее на пленарном заседании Международного инвестиционного форума в Сочи Медведев поставил «амбициозную» задачу превратить моногорода в территорию успеха.", "external_links": [], "published": "2016-10-01T00:49:00.000+03:00", "crawled": "2016-10-01T03:25:36.119+03:00", "highlightTitle": ""}