{"organizations": [], "uuid": "50fd6827c4a36a82add26da2af6fbdf2307cc464", "thread": {"social": {"gplus": {"shares": 0}, "pinterest": {"shares": 0}, "vk": {"shares": 0}, "linkedin": {"shares": 0}, "facebook": {"likes": 29, "shares": 29, "comments": 0}, "stumbledupon": {"shares": 0}}, "site_full": "www.kp.ru", "main_image": "http://kp.ru/share/i/fill/FFFFFF/cr-458x185.t-10-2526949-osb-18-7-000-375-l-30-m-0.b-FFF-0-0-0-49.b-0083cd-6.t-4-1045972-osr-14-5-565656-480-l-100-b-40.wm-rm-100-bl-24-24.png", "site_section": "http://www.kp.ru/rss/allsections.xml", "section_title": "KP.RU :: Комсомольская правда", "url": "http://www.kp.ru/online/news/2526949/", "country": "RU", "domain_rank": 1696, "title": "Борис Джонсон и другие представители власти могут бойкотировать ЧМ-2018 из-за Сирии", "performance_score": 0, "site": "kp.ru", "participants_count": 0, "title_full": "Борис Джонсон и другие представители власти могут бойкотировать ЧМ-2018 из-за Сирии", "spam_score": 0.0, "site_type": "news", "published": "2016-10-01T16:17:00.000+03:00", "replies_count": 0, "uuid": "50fd6827c4a36a82add26da2af6fbdf2307cc464"}, "author": "", "url": "http://www.kp.ru/online/news/2526949/", "ord_in_thread": 0, "title": "Борис Джонсон и другие представители власти могут бойкотировать ЧМ-2018 из-за Сирии", "locations": [], "entities": {"persons": [], "locations": [], "organizations": []}, "highlightText": "", "language": "russian", "persons": [], "text": "Борис Джонсон и другие представители власти могут бойкотировать ЧМ-2018 из-за Сирии Глава британского МИД уверен, что Россия рискует стать страной-изгоем \nВеликобритания и США ищут новые точки, чтобы оказать на Россию большее давление, и заставить ее прекратить поддерживать легитимную власть в Сирии . Об этом рассказал министр иностранных дел Британии Борис Джонсон. \nОн отметил, что у Запада есть только один способ борьбы - это стыд. То есть Лондон и Вашингтон хотят застыдить Кремль. И поэтому глава британского МИД пообещал, что он и другие представители власти Соединенного Королевства могут бойкотировать Чемпионат мира по футболу 2018 года, который будет принимать у себя Россия, пишет The Sun . \n«Единственное самое мощное оружие, какое у нас есть - стыд. Мы рассматриваем ряд вариантов. Нет никакого смысла просто обливать грязью и вести пустую риторику об этих вещах - вы должны сделать то, о чем говорили. Отношение мира к России ухудшилось, и люди теперь поверили, что Россия рискует стать страной-изгоем», - заявил Джонсон.  ", "external_links": [], "published": "2016-10-01T16:17:00.000+03:00", "crawled": "2016-10-01T13:35:11.476+03:00", "highlightTitle": ""}