{"organizations": [], "uuid": "ac1dba1f1da4b65f0c9b767eb57dc768d62e170b", "thread": {"social": {"gplus": {"shares": 0}, "pinterest": {"shares": 0}, "vk": {"shares": 0}, "linkedin": {"shares": 0}, "facebook": {"likes": 16, "shares": 16, "comments": 0}, "stumbledupon": {"shares": 0}}, "site_full": "news.mail.ru", "main_image": "https://news.mail.ru/social_preview/27309502/?time=1387cad89c084d7cc95c3aef5fbed30d", "site_section": "http://news.mail.ru//rss/society/", "section_title": "Новости Mail.Ru: Общество", "url": "https://news.mail.ru/society/27309502/", "country": "RU", "domain_rank": 27, "title": "В Алматы хор Валаамского монастыря спел вместе с рок-группой Motor-Roller", "performance_score": 0, "site": "mail.ru", "participants_count": 0, "title_full": "В Алматы хор Валаамского монастыря спел вместе с рок-группой Motor-Roller", "spam_score": 0.0, "site_type": "news", "published": "2016-10-02T15:44:00.000+03:00", "replies_count": 0, "uuid": "ac1dba1f1da4b65f0c9b767eb57dc768d62e170b"}, "author": "", "url": "https://news.mail.ru/society/27309502/", "ord_in_thread": 0, "title": "В Алматы хор Валаамского монастыря спел вместе с рок-группой Motor-Roller", "locations": [], "entities": {"persons": [], "locations": [], "organizations": []}, "highlightText": "", "language": "russian", "persons": [], "text": "  \nТеперь вы можете обсуждать последние новости и высказывать свое отношение к происходящему. 10:44 (мск) , источник: Tengrinews В Алматы хор Валаамского монастыря спел вместе с рок-группой Motor-Roller \nПо словам организаторов, это один из первых в мире подобных экспериментов.", "external_links": [], "published": "2016-10-02T15:44:00.000+03:00", "crawled": "2016-10-02T10:51:28.083+03:00", "highlightTitle": ""}