{"organizations": [], "uuid": "28e273503fc9f705586247f2343bf00691e878e6", "thread": {"social": {"gplus": {"shares": 0}, "pinterest": {"shares": 0}, "vk": {"shares": 0}, "linkedin": {"shares": 0}, "facebook": {"likes": 0, "shares": 0, "comments": 0}, "stumbledupon": {"shares": 0}}, "site_full": "rus.delfi.ee", "main_image": "", "site_section": "", "section_title": "", "url": "http://rus.delfi.ee/daily/abroad/tereza-mej-poobeschala-zapustit-brexit-vesnoj-2017-goda?id=75784413&com=1", "country": "EE", "domain_rank": 5049, "title": "Комментарии - Тереза Мэй пообещала запустить Brexit весной 2017 года - Delfi", "performance_score": 0, "site": "delfi.ee", "participants_count": 0, "title_full": "Комментарии - Тереза Мэй пообещала запустить Brexit весной 2017 года - Delfi", "spam_score": 0.2, "site_type": "news", "published": "2016-10-02T18:10:00.000+03:00", "replies_count": 0, "uuid": "28e273503fc9f705586247f2343bf00691e878e6"}, "author": "", "url": "http://rus.delfi.ee/daily/abroad/tereza-mej-poobeschala-zapustit-brexit-vesnoj-2017-goda?id=75784413&com=1", "ord_in_thread": 0, "title": "Комментарии - Тереза Мэй пообещала запустить Brexit весной 2017 года - Delfi", "locations": [], "entities": {"persons": [], "locations": [], "organizations": []}, "highlightText": "", "language": "russian", "persons": [], "text": "Тереза Мэй пообещала запустить Brexit весной 2017 года Внимание! Комментарии пишут читатели. Комментарии не редактируются. Содержание комментариев может не совпадать с мнением редакции. DELFI не отвечает за содержание комментариев читателей и просит читателей, пишущих комментарии, соблюдать нормы морали, не разжигать национальную и расовую рознь и обходиться без грубости. В случае игнорирования просьбы DELFI оставляет за собой право лишить пользователя возможности оставлять комментарии. ", "external_links": [], "published": "2016-10-02T18:10:00.000+03:00", "crawled": "2016-10-02T11:16:13.019+03:00", "highlightTitle": ""}