{"organizations": [], "uuid": "addae083a79220d7f82170fa11fa54cf36358a83", "thread": {"social": {"gplus": {"shares": 0}, "pinterest": {"shares": 0}, "vk": {"shares": 0}, "linkedin": {"shares": 0}, "facebook": {"likes": 5, "shares": 5, "comments": 0}, "stumbledupon": {"shares": 0}}, "site_full": "www.vesti.ru", "main_image": "", "site_section": "http://www.vesti.ru/vesti.rss", "section_title": "ВЕСТИ", "url": "http://www.vesti.ru/doc.html?id=2805516", "country": "RU", "domain_rank": 1536, "title": "На Куликовом поле и в Доме профсоюзов ищут бомбы", "performance_score": 0, "site": "vesti.ru", "participants_count": 0, "title_full": "На Куликовом поле и в Доме профсоюзов ищут бомбы", "spam_score": 0.0, "site_type": "news", "published": "2016-10-02T23:16:00.000+03:00", "replies_count": 0, "uuid": "addae083a79220d7f82170fa11fa54cf36358a83"}, "author": "", "url": "http://www.vesti.ru/doc.html?id=2805516", "ord_in_thread": 0, "title": "На Куликовом поле и в Доме профсоюзов ищут бомбы", "locations": [], "entities": {"persons": [], "locations": [], "organizations": []}, "highlightText": "", "language": "russian", "persons": [], "text": "2 октября 2016 18:16 На Куликовом поле и в Доме профсоюзов ищут бомбы \nВ Одессе неизвестный \"заминировал\" Дом профсоюзов и Куликово поле. Полиция, взрывотехники и кинологи проверяют сообщение, передает ТАСС . \nСМИ сообщают, что возле Куликова поля собрались несколько десятков человек, которые пришли почтить память погибших в Доме профсоюзов 2 мая 2014 года. Активисты принесли флаги Одессы и растяжку с надписью \"2 мая 2014 года произошло массовое убийство одесситов. Требуем привлечь убийц к суду\". \nИх оппоненты их патриотических объединений выкрикивают \"Слава Украине!\". Стороны разделяет цепь из сотрудников правоохранительных органов. \n2 мая 2014 года в Одессе радикалы \"Правого сектора\" (организация запрещена в РФ) и так называемой Самообороны Майдана подожгли Дом профсоюзов , в котором укрылись сторонники федерализации. Погибли 48 человек, свыше 200 получили ранения. Ранее по теме", "external_links": [], "published": "2016-10-02T23:16:00.000+03:00", "crawled": "2016-10-02T18:27:54.428+03:00", "highlightTitle": ""}