{"organizations": [], "uuid": "8496e11c30befab65ee42a2c119617e243a0a213", "thread": {"social": {"gplus": {"shares": 0}, "pinterest": {"shares": 0}, "vk": {"shares": 0}, "linkedin": {"shares": 0}, "facebook": {"likes": 0, "shares": 0, "comments": 0}, "stumbledupon": {"shares": 0}}, "site_full": "www.ntv.ru", "main_image": "http://img2.ntv.ru/home/news/20161001/samo_sno.jpg", "site_section": "http://www.ntv.ru/exp/newsrss.jsp", "section_title": "НТВ. Новости", "url": "http://www.ntv.ru/novosti/1667556/?fb", "country": "RU", "domain_rank": 4110, "title": "Военные самолеты США продолжают разведку у берегов Крыма", "performance_score": 0, "site": "ntv.ru", "participants_count": 0, "title_full": "Военные самолеты США продолжают разведку у берегов Крыма", "spam_score": 0.0, "site_type": "news", "published": "2016-10-01T18:10:00.000+03:00", "replies_count": 0, "uuid": "8496e11c30befab65ee42a2c119617e243a0a213"}, "author": "", "url": "http://www.ntv.ru/novosti/1667556/?fb", "ord_in_thread": 0, "title": "Военные самолеты США продолжают разведку у берегов Крыма", "locations": [], "entities": {"persons": [], "locations": [], "organizations": []}, "highlightText": "", "language": "russian", "persons": [], "text": "разведка и контрразведка Как сообщает « Интерфакс », стратегический разведывательный самолет ВВС США RC-135W в настоящее время совершает полет к юго-западу от побережья Крыма. С Кроме этого, в восточной части Средиземноморья ведет разведку американский патрульный противолодочный самолет P-8A Poseidon, вылетевший с авиабазы Sigonella на Сицилии. Он приблизился к пункту материально-технического обеспечения ВМФ России в сирийском порту Тартус. После получасового полета близ побережья Сирии самолет отклонился на юг к В последние недели резко возросла интенсивность полетов американских разведывательных самолетов у российских границ. Так, 30 сентября сразу два самолета-разведчика США приблизились к российским рубежам в акватории Черного моря и", "external_links": [], "published": "2016-10-01T18:10:00.000+03:00", "crawled": "2016-10-01T14:05:10.703+03:00", "highlightTitle": ""}