{"organizations": [], "uuid": "48360bf7cd76788bccb2a8e3ed7f4ca4b2895e25", "thread": {"social": {"gplus": {"shares": 0}, "pinterest": {"shares": 0}, "vk": {"shares": 0}, "linkedin": {"shares": 0}, "facebook": {"likes": 0, "shares": 0, "comments": 0}, "stumbledupon": {"shares": 0}}, "site_full": "news.rambler.ru", "main_image": "https://news.rambler.ru/share/snippets/34876132/d844d7dac5bf1de0ce97d6d9441278e7.png", "site_section": "http://news.rambler.ru/rss/weather/", "section_title": "Погода — Рамблер/новости", "url": "https://news.rambler.ru/weather/34876132-sever-priamurya-okutalo-snezhnoe-pokryvalo/", "country": "RU", "domain_rank": 289, "title": "Север Приамурья окутало снежное покрывало", "performance_score": 0, "site": "rambler.ru", "participants_count": 1, "title_full": "Север Приамурья окутало снежное покрывало", "spam_score": 0.0, "site_type": "news", "published": "2016-10-02T12:13:00.000+03:00", "replies_count": 0, "uuid": "48360bf7cd76788bccb2a8e3ed7f4ca4b2895e25"}, "author": "Амурская служба новостей", "url": "https://news.rambler.ru/weather/34876132-sever-priamurya-okutalo-snezhnoe-pokryvalo/", "ord_in_thread": 0, "title": "Север Приамурья окутало снежное покрывало", "locations": [], "entities": {"persons": [], "locations": [], "organizations": []}, "highlightText": "", "language": "russian", "persons": [], "text": "Фото: Амурская служба новостей Обильный снегопад выпал минувшей ночью в Тындинском районе. Жители поселка Юктали сфотографировали необычайно красивые пейзажи своей местности и выложили в Сети. В воскресенье северные районы региона окажутся в тылу уходящего далее на восток циклона. Местами еще возможны дожди, и посвежеет. В южных районах сохранится преимущественно сухая и теплая погода, сообщает сайт «Метеовестей». Завтра в Благовещенске и Белогорске ясно, около +6°, 8°. Осадков не ожидается. В Свободном воздух прогреется до +3°. В Архаре утром возможен дождь. Днем облачно, +6°. В Райчихинске утром около 0°, снег. Днем столбики уличных термометров поднимутся до +4°. В Завитинске без осадков, +7°. Это неполный текст новости", "external_links": [], "published": "2016-10-02T12:13:00.000+03:00", "crawled": "2016-10-02T07:33:39.959+03:00", "highlightTitle": ""}