{"organizations": [], "uuid": "7bef5f8f766f14f49e9f110eec97b080d567846d", "thread": {"social": {"gplus": {"shares": 0}, "pinterest": {"shares": 0}, "vk": {"shares": 0}, "linkedin": {"shares": 0}, "facebook": {"likes": 0, "shares": 0, "comments": 0}, "stumbledupon": {"shares": 0}}, "site_full": "www.championat.com", "main_image": "https://img.championat.com/news2/social/d/46/2596560.jpg", "site_section": "http://www.championat.com/xml/rss.xml", "section_title": "Чемпионат.com  (новости)", "url": "https://www.championat.com/hockey/news-2596560-bebkok-zajcev---luchshij-iz-gruppy-molodyh-igrokov-na-dannyj-moment.html", "country": "RU", "domain_rank": 1710, "title": "Бэбкок: Зайцев — лучший из группы молодых игроков на данный момент", "performance_score": 0, "site": "championat.com", "participants_count": 0, "title_full": "Бэбкок: Зайцев — лучший из группы молодых игроков на данный момент", "spam_score": 0.0, "site_type": "news", "published": "2016-10-03T15:44:00.000+03:00", "replies_count": 0, "uuid": "7bef5f8f766f14f49e9f110eec97b080d567846d"}, "author": "", "url": "https://www.championat.com/hockey/news-2596560-bebkok-zajcev---luchshij-iz-gruppy-molodyh-igrokov-na-dannyj-moment.html", "ord_in_thread": 0, "title": "Бэбкок: Зайцев — лучший из группы молодых игроков на данный момент", "locations": [], "entities": {"persons": [], "locations": [], "organizations": []}, "highlightText": "", "language": "russian", "persons": [], "text": "Бэбкок: Зайцев — лучший из группы молодых игроков на данный момент  44. Хоккей Главный тренер «Торонто Мэйпл Лифс» Майк Бэбкок высоко оценил уровень российского нападающего Никиты Зайцева. 24-летний россиянин в сегодняшнем выставочном матче с «Монреаль Канадиенс» (3:2 ОТ), который стал для него дебютным, отметился заброшенной шайбой . «Зайцев — лучший из группы молодых игроков на данный момент, безусловно», — цитирует MetroNews Canada Бэбкока.", "external_links": [], "published": "2016-10-03T15:44:00.000+03:00", "crawled": "2016-10-03T10:54:13.231+03:00", "highlightTitle": ""}