{"organizations": [], "uuid": "ee407adc92b80b652646eff2de0d0c78368feaf4", "thread": {"social": {"gplus": {"shares": 0}, "pinterest": {"shares": 0}, "vk": {"shares": 0}, "linkedin": {"shares": 0}, "facebook": {"likes": 2, "shares": 2, "comments": 0}, "stumbledupon": {"shares": 0}}, "site_full": "www.vesti.ru", "main_image": "//cdn-st1.rtr-vesti.ru/p/xw_1313591.jpg", "site_section": "http://www.vesti.ru/vesti.rss", "section_title": "ВЕСТИ", "url": "http://www.vesti.ru/doc.html?id=2805140", "country": "RU", "domain_rank": 1536, "title": "В Алеппо продолжает поступать российская гуманитарная помощь", "performance_score": 0, "site": "vesti.ru", "participants_count": 0, "title_full": "В Алеппо продолжает поступать российская гуманитарная помощь", "spam_score": 0.0, "site_type": "news", "published": "2016-10-01T13:00:00.000+03:00", "replies_count": 0, "uuid": "ee407adc92b80b652646eff2de0d0c78368feaf4"}, "author": "", "url": "http://www.vesti.ru/doc.html?id=2805140", "ord_in_thread": 0, "title": "В Алеппо продолжает поступать российская гуманитарная помощь", "locations": [], "entities": {"persons": [], "locations": [], "organizations": []}, "highlightText": "", "language": "russian", "persons": [], "text": "1 октября 2016 08:00 В Алеппо продолжает поступать российская гуманитарная помощь \nРоссийские военные доставили в Алеппо очередную партию гуманитарной помощи – 1,5 тонны. Продуктовые наборы, включающие в себя, в том числе, консервы и крупы, получили около 300 семей. \nОдин из местных жителей говорит: \"Россия — одна из немногих стран, кто поддержал Сирию. Русские — настоящие друзья. Мы очень благодарны. Вы всегда сможете рассчитывать на нас, на нашу помощь, если будет необходимость\". \nЦентр по примирению враждующих сторон постоянно отслеживает гуманитарную ситуацию в регионе, сообщает   В первую очередь, грузы доставляют в те районы, где сильнее всего ощущается нехватка продуктов и медикаментов. Сейчас наиболее тяжелое положение сохраняется в восточных районах Алеппо, где многие люди остались без жилья. Кроме того, террористы обстреливают территорию, куда возвращаются местные жители. Ранее по теме", "external_links": [], "published": "2016-10-01T13:00:00.000+03:00", "crawled": "2016-10-01T09:54:35.062+03:00", "highlightTitle": ""}