{"organizations": [], "uuid": "35f1f95f1fc74e3b953de44e1104ad5acedeecba", "thread": {"social": {"gplus": {"shares": 0}, "pinterest": {"shares": 0}, "vk": {"shares": 0}, "linkedin": {"shares": 0}, "facebook": {"likes": 0, "shares": 0, "comments": 0}, "stumbledupon": {"shares": 0}}, "site_full": "karel.mk.ru", "main_image": "http://karel.mk.ru/media/img/mk.ru/mkru_og.jpg", "site_section": "http://mk.ru/rss/news/index.xml", "section_title": "Новостная лента - Московский Комсомолец", "url": "http://karel.mk.ru/articles/2016/10/01/petrozavodsk-prostitsya-s-izvestnym-muzykantom-3-oktyabrya.html", "country": "RU", "domain_rank": 3246, "title": "Петрозаводск простится с известным музыкантом 3 октября", "performance_score": 0, "site": "mk.ru", "participants_count": 0, "title_full": "Петрозаводск простится с известным музыкантом 3 октября", "spam_score": 0.0, "site_type": "news", "published": "2016-10-01T16:48:00.000+03:00", "replies_count": 0, "uuid": "35f1f95f1fc74e3b953de44e1104ad5acedeecba"}, "author": "", "url": "http://karel.mk.ru/articles/2016/10/01/petrozavodsk-prostitsya-s-izvestnym-muzykantom-3-oktyabrya.html", "ord_in_thread": 0, "title": "Петрозаводск простится с известным музыкантом 3 октября", "locations": [], "entities": {"persons": [], "locations": [], "organizations": []}, "highlightText": "", "language": "russian", "persons": [], "text": "Петрозаводск простится с известным музыкантом 3 октября Сегодня в 11:48, просмотров: 8 \n3 октября в 11 часов в траурном зале на Вольной в Петрозаводске пройдет прощание со Степаном Бородулиным, известным карельским музыкантом. \nНапомним, Степан ушел из жизни 27 сентября. Замечательный барабанщик и не только, организатор интересных концертов, отзывчивый человек. Степану было всего 37 лет. \nСейчас музыканты из Карелии и не только посвящают ушедшему телепередачи и концерты. Кроме того, объявлен сбор средств, которые пойдут на помощь семье Степана. \nСетевое издание «МК в Карелии» karel.mk.ru \n  \nСвидетельство о регистрации СМИ ЭЛ № ФС 77 - 57501 \nУчредитель СМИ – ЗАО «Редакция газеты «Московский Комсомолец» \nРедакция СМИ – ООО «Редакция» \nАдрес редакции: 185035, Респ. Карелия, г. Петрозаводск, ул. Дзержинского, 24 \nТелефон: +7(8142) 33 12 05 \n  karel.mk.ru,   karel.mk.ru  ", "external_links": [], "published": "2016-10-01T16:48:00.000+03:00", "crawled": "2016-10-01T11:52:24.928+03:00", "highlightTitle": ""}