{"organizations": [], "uuid": "0310ebe03fde0b907dfb535220e3d23acd0a3e66", "thread": {"social": {"gplus": {"shares": 1}, "pinterest": {"shares": 0}, "vk": {"shares": 0}, "linkedin": {"shares": 0}, "facebook": {"likes": 0, "shares": 0, "comments": 0}, "stumbledupon": {"shares": 0}}, "site_full": "telegraf.com.ua", "main_image": "http://telegraf.com.ua/files/2016/10/GKalB3aNLkk1-567x309.jpg", "site_section": "http://telegraf.com.ua/sport-cat/feed/", "section_title": "ТЕЛЕГРАФ - последние новости Украины и мира", "url": "http://telegraf.com.ua/sport-cat/futbol/2871902-upl-2016-17-dinamo-vozvrashhaet-sebe-vtoroe-mesto-v-chempionate.html", "country": "UA", "domain_rank": 1750, "title": "УПЛ 2016/17. \"Динамо\" возвращает себе второе место в чемпионате", "performance_score": 0, "site": "telegraf.com.ua", "participants_count": 0, "title_full": "УПЛ 2016/17. \"Динамо\" возвращает себе второе место в чемпионате", "spam_score": 0.0, "site_type": "news", "published": "2016-10-03T02:53:00.000+03:00", "replies_count": 0, "uuid": "0310ebe03fde0b907dfb535220e3d23acd0a3e66"}, "author": "", "url": "http://telegraf.com.ua/sport-cat/futbol/2871902-upl-2016-17-dinamo-vozvrashhaet-sebe-vtoroe-mesto-v-chempionate.html", "ord_in_thread": 0, "title": "УПЛ 2016/17. \"Динамо\" возвращает себе второе место в чемпионате", "locations": [], "entities": {"persons": [], "locations": [], "organizations": []}, "highlightText": "", "language": "russian", "persons": [], "text": "football24.ua Подопечные Сергея Реброва не имели проблем с новичком чемпионата - \"Зиркой\" из Кропивницкого и вернулись на второе место в УПЛ сезона 2016/17. \nПервый тайм встречи прошел при очевидном преимуществе \"Динамо\". \"Киевляне\" много и активно атаковали, хотя это и стоило им сверхусилий. \"Зирка\" пыталась высоко встречать хозяев, однако остановить Ярмоленко им часто не удавалось, что заканчивалось острой подачей или прострелом вингера киевлян. В общем, \"Динамо\" имело 5 или 6 моментов в первом тайме, из которых было реализовало только 1. Штрафной удар с левого фланга атаки \"Динамо\" закончился ударом, а затем отскоком к Сидорчуку, который оказался в штрафной с правого фланга атаки. Сергей переиграл Паста, пробив в ближний угол ворот на 19-й минуте. \nАтаки киевлян продолжились также и во втором тайме. После пары нереализованных возможностей наконец-то забить получилось у Цыганкова. Ярмоленко \"накрутил\" сразу нескольких игроков \"Зирки\" на правом фланге, протолкнул на Цыганкова, которому оставалось коснуться к мячу, чтобы забить в ворота Паста (57 минута). \"Зирка\" выглядела абсолютно беспомощной, раз за разом пропуская атаки киевлян с флангов (преимущественно с правого), и \"Динамо\" удивительно легко создавало голевые возможности, однако часто жалело соперника, теряя шансы довести счет до разгромного. В конце матча лучший свой момент за всю игру потеряли гости, когда Ситало мощно пробивал с середины штрафной площадки, однако каким-то образом умудрился не попасть в створ ворот Рудько.", "external_links": [], "published": "2016-10-03T02:53:00.000+03:00", "crawled": "2016-10-02T22:39:37.814+03:00", "highlightTitle": ""}