{"organizations": [], "uuid": "9b2d70a67af500a9b26f861b544052938417286b", "thread": {"social": {"gplus": {"shares": 0}, "pinterest": {"shares": 0}, "vk": {"shares": 0}, "linkedin": {"shares": 0}, "facebook": {"likes": 0, "shares": 0, "comments": 0}, "stumbledupon": {"shares": 0}}, "site_full": "news.meta.ua", "main_image": "", "site_section": "http://news.meta.ua/rss/", "section_title": "МЕТА Новости", "url": "http://news.meta.ua/go.php?to=2016-10-50895660", "country": "UA", "domain_rank": 7703, "title": "Спорт: Волынь — Карпаты - 1:1. Видеообзор матча", "performance_score": 0, "site": "meta.ua", "participants_count": 1, "title_full": "Спорт: Волынь — Карпаты - 1:1. Видеообзор матча", "spam_score": 0.0, "site_type": "news", "published": "2016-10-02T21:19:00.000+03:00", "replies_count": 0, "uuid": "9b2d70a67af500a9b26f861b544052938417286b"}, "author": "Спорт", "url": "http://news.meta.ua/go.php?to=2016-10-50895660", "ord_in_thread": 0, "title": "Спорт: Волынь — Карпаты - 1:1. Видеообзор матча", "locations": [], "entities": {"persons": [], "locations": [], "organizations": []}, "highlightText": "", "language": "russian", "persons": [], "text": "В поединке 10-го тура Премьер-лиги «Волынь» - «Карпаты» была зафиксирована ничья: Спорт.ua >> сегодня,", "external_links": [], "published": "2016-10-02T21:19:00.000+03:00", "crawled": "2016-10-02T16:39:20.107+03:00", "highlightTitle": ""}