{"organizations": [], "uuid": "73817fd02598075e63e29f5f15e95ad021d47fbf", "thread": {"social": {"gplus": {"shares": 0}, "pinterest": {"shares": 0}, "vk": {"shares": 0}, "linkedin": {"shares": 0}, "facebook": {"likes": 3, "shares": 3, "comments": 0}, "stumbledupon": {"shares": 0}}, "site_full": "www.interfax.ru", "main_image": "http://www.interfax.ru/aspimg/530873.png", "site_section": "http://www.interfax.ru//rss.asp", "section_title": "Интерфакс", "url": "http://www.interfax.ru/world/530873", "country": "RU", "domain_rank": 4701, "title": "Кандидат в президенты Молдавии назвал своей целью объединение с Румынией", "performance_score": 0, "site": "interfax.ru", "participants_count": 0, "title_full": "Кандидат в президенты Молдавии назвал своей целью объединение с Румынией", "spam_score": 0.0, "site_type": "news", "published": "2016-10-03T17:10:00.000+03:00", "replies_count": 0, "uuid": "73817fd02598075e63e29f5f15e95ad021d47fbf"}, "author": "", "url": "http://www.interfax.ru/world/530873", "ord_in_thread": 0, "title": "Кандидат в президенты Молдавии назвал своей целью объединение с Румынией", "locations": [], "entities": {"persons": [], "locations": [], "organizations": []}, "highlightText": "", "language": "russian", "persons": [], "text": "12:10, 3 октября 2016 Кандидат в президенты Молдавии назвал своей целью объединение с Румынией \nМосква. 3 октября. INTERFAX.RU - Председатель Либеральной партии (ЛП) Молдавии Михай Гимпу посвятит свою избирательную кампанию по выборам президента страны объединению с Румынией, сообщила его пресс-служба. \n\"Я рад приветствовать вас, румыны! Я рад, что все мы здесь собрались, на площади объединения в Яссах, где состоялось объединение, которое инициировал молдаванин, господарь Александру Иоан Куза. Он молдаванин, но, как и все мы - румын. Мы все должны быть частью нашей родины - Румынии. Именно для этого я и решил участвовать в избирательной кампании\", - заявил Гимпу накануне в румынском городе Яссы на церемонии официального старта его избирательной кампании в качестве кандидата на пост президента Моладвии. \nОн подчеркнул, что \"месседж об объединении Молдавии с Румынией будет основным его электоральным посланием\". \nГимпу напомнил, что уже занимал пост исполняющего обязанности президента и сделал тогда первые шаги в этом направлении. \"Вы, наверное, помните мои указы, которые очень не нравились нашим оппонентам. Мы никогда не были едины вокруг национальной идеи, главных задач. После обретения независимости Молдова должна была объединиться с Румынией. Она не сделала этого, потому что тогда у молдавских политиков был с", "external_links": [], "published": "2016-10-03T17:10:00.000+03:00", "crawled": "2016-10-03T13:07:10.905+03:00", "highlightTitle": ""}