{"organizations": [], "uuid": "27bf0163eddad9809014371f87e8a98e782abfbc", "thread": {"social": {"gplus": {"shares": 0}, "pinterest": {"shares": 0}, "vk": {"shares": 0}, "linkedin": {"shares": 0}, "facebook": {"likes": 0, "shares": 0, "comments": 0}, "stumbledupon": {"shares": 0}}, "site_full": "echo.msk.ru", "main_image": "http://echo.msk.ru/i/big_logo.png", "site_section": "http://echo.msk.ru/news/", "section_title": "Эхо Москвы :: Новости ", "url": "http://echo.msk.ru/news/1848704-echo.html", "country": "BZ", "domain_rank": 1609, "title": "Несчастный случай произошел во время кольцевых автогонкок в поселке Амурский", "performance_score": 0, "site": "echo.msk.ru", "participants_count": 1, "title_full": "Эхо Москвы :: Новости / Несчастный случай произошел во время кольцевых автогонкок в поселке Амурский", "spam_score": 0.022, "site_type": "news", "published": "2016-10-03T01:04:00.000+03:00", "replies_count": 0, "uuid": "27bf0163eddad9809014371f87e8a98e782abfbc"}, "author": "echo.msk.ru", "url": "http://echo.msk.ru/news/1848704-echo.html", "ord_in_thread": 0, "title": "Несчастный случай произошел во время кольцевых автогонкок в поселке Амурский", "locations": [], "entities": {"persons": [], "locations": [], "organizations": []}, "highlightText": "", "language": "russian", "persons": [], "text": "В результате аварии погиб судья на вышке.\nВ воскресенье во время соревнований Ралли-Сибирь водитель гоночного автомобиля не справился с управлением, вылетел с трассы и врезался в вышку, на которой находились судьи. В результате один из них — мужчина 1961 года рождения – скончался на месте от полученных травм, стажер — женщина 1982 года рождения госпитализирована. По данным портала «Супер Омск», девушка была доставлена в больницу с открытой черепно-мозговой травмой.\nВ пресс-службе УМВД по Омску отметили, что на месте работает следственно-оперативная группа. Полицейскими проводится проверка по выяснению всех обстоятельств и причин случившегося. О том, пострадали ли гонщики в результате аварии, не сообщается.\nДобавим, что по результатам проверки будет вынесено процессуальное решение.", "external_links": [], "published": "2016-10-03T01:04:00.000+03:00", "crawled": "2016-10-02T20:52:55.615+03:00", "highlightTitle": ""}