{"organizations": [], "uuid": "c106a1e3fcc79a87978755dcfa028ca1e6bf3da9", "thread": {"social": {"gplus": {"shares": 0}, "pinterest": {"shares": 0}, "vk": {"shares": 0}, "linkedin": {"shares": 0}, "facebook": {"likes": 0, "shares": 0, "comments": 0}, "stumbledupon": {"shares": 0}}, "site_full": "korrespondent.net", "main_image": "http://kor.ill.in.ua/m/190x120/1888229.jpg", "site_section": "http://k.img.com.ua/rss/ru/world.xml", "section_title": "Последние новости по разделу Новости мира на сайте korrespondent.net", "url": "http://korrespondent.net/world/3752509-u-klynton-nazvaly-trampa-plokhym-byznesmenom", "country": "UA", "domain_rank": 2541, "title": "У Клинтон назвали Трампа плохим бизнесменом", "performance_score": 0, "site": "korrespondent.net", "participants_count": 1, "title_full": "У Клинтон назвали Трампа плохим бизнесменом", "spam_score": 0.0, "site_type": "news", "published": "2016-10-02T14:34:00.000+03:00", "replies_count": 0, "uuid": "c106a1e3fcc79a87978755dcfa028ca1e6bf3da9"}, "author": "1", "url": "http://korrespondent.net/world/3752509-u-klynton-nazvaly-trampa-plokhym-byznesmenom", "ord_in_thread": 0, "title": "У Клинтон назвали Трампа плохим бизнесменом", "locations": [], "entities": {"persons": [], "locations": [], "organizations": []}, "highlightText": "", "language": "russian", "persons": [], "text": "У Клинтон назвали Трампа плохим бизнесменом Корреспондент.net, Сегодня, 09:34 Фото: Getty Images В штабе демократов отреагировали на статью NYT об убытках Трампа \nИнформация о миллиардных убытках кандидата в президенты США от Республиканской партии Дональда Трампа свидетельствует о его несостоятельности в качестве бизнесмена. Такое заявление сделали в избирательном штабе конкурента Трампа – представительницы Демократической партии Хиллари Клинтон. \n\"Этот сенсационный доклад показывает, насколько колоссальными были в прошлом коммерческие провалы Дональда Трампа и как долго он мог избегать оплаты каких-либо федеральных налогов на прибыль\", – говорится в заявлении представителя кампании Робби Мука в официальном Twitter Клинтон. \n\"Ему, вероятно, удалось избегать уплаты налогов на протяжении почти двух десятилетий – тогда как десятки миллионов работающих семей платили свою долю\", – написал Мук. \nКак сообщал Корреспондент.net, по информации New York Times, Трамп в 1995 году задекларировал убытки в размере почти 1 миллиарда долларов, что могло бы позволить ему законно не платить налоги в течение 18 лет. Выборы в США", "external_links": [], "published": "2016-10-02T14:34:00.000+03:00", "crawled": "2016-10-02T10:47:03.259+03:00", "highlightTitle": ""}