{"organizations": [], "uuid": "4a7f46eca4772ef640c733a5531f4dfec0e386ff", "thread": {"social": {"gplus": {"shares": 1}, "pinterest": {"shares": 0}, "vk": {"shares": 0}, "linkedin": {"shares": 0}, "facebook": {"likes": 93, "shares": 93, "comments": 0}, "stumbledupon": {"shares": 0}}, "site_full": "rusvesna.su", "main_image": "http://rusvesna.su/sites/default/files/styles/487_256/public/pustye_stulya.png?itok=YSaQIenF", "site_section": "http://rusvesna.su/rss.xml", "section_title": "Русская весна", "url": "http://rusvesna.su/news/1475250546", "country": "US", "domain_rank": 4346, "title": "Зрада: В Германии отказались слушать лекции участников «АТО» (ВИДЕО)", "performance_score": 0, "site": "rusvesna.su", "participants_count": 0, "title_full": "Зрада: В Германии отказались слушать лекции участников «АТО» (ВИДЕО)", "spam_score": 0.0, "site_type": "news", "published": "2016-10-02T08:00:00.000+03:00", "replies_count": 0, "uuid": "4a7f46eca4772ef640c733a5531f4dfec0e386ff"}, "author": "", "url": "http://rusvesna.su/news/1475250546", "ord_in_thread": 0, "title": "Зрада: В Германии отказались слушать лекции участников «АТО» (ВИДЕО)", "locations": [], "entities": {"persons": [], "locations": [], "organizations": []}, "highlightText": "", "language": "russian", "persons": [], "text": "Зрада: В Германии отказались слушать лекции участников «АТО» (ВИДЕО) 02.10.2016 - 3:00 \nЖители Германии не захотели слушать боевиков «АТО», намеревавшихся рассказать европейцам о войне в Донбассе. . \nПо словам одного из «АТОшников», от встречи с ними отказались даже представители украинской диаспоры. \n«В этом году я поехал в Германию, взяв свою форму, медали. Хотел рассказать немцам о горе, которое пришло в нашу страну, чтобы получить еще больше поддержки, чтобы о нас больше узнали и не оставляли на этой войне. Но так случилось, что ни один журналист, ни один военный атташе, ни наша диаспора, ни депутаты мне в этом деле не помогли. В Германии нами не заинтересовались», — пожаловался он. Присоединяйтесь к «Русской Весне» в Одноклассниках , Facebook , ВКонтакте , Twitter , чтобы быть в курсе последних новостей. Читайте также", "external_links": [], "published": "2016-10-02T08:00:00.000+03:00", "crawled": "2016-10-02T03:54:22.760+03:00", "highlightTitle": ""}