{"organizations": [], "uuid": "22bee44a6aa2da31b0f0619759acc7f4dfa15554", "thread": {"social": {"gplus": {"shares": 0}, "pinterest": {"shares": 0}, "vk": {"shares": 0}, "linkedin": {"shares": 0}, "facebook": {"likes": 0, "shares": 0, "comments": 0}, "stumbledupon": {"shares": 0}}, "site_full": "regnum.ru", "main_image": "//regnum.ru/assets/img/default/no-pic-16.jpg", "site_section": "https://regnum.ru/rss/news", "section_title": "Новости России, СНГ и мира - ИА REGNUM", "url": "https://regnum.ru/news/accidents/2187304.html", "country": "RU", "domain_rank": 3772, "title": "Из тюрьмы в Бразилии сбежали 470 заключённых", "performance_score": 0, "site": "regnum.ru", "participants_count": 1, "title_full": "Из тюрьмы в Бразилии сбежали 470 заключённых", "spam_score": 0.0, "site_type": "news", "published": "2016-10-01T07:19:00.000+03:00", "replies_count": 0, "uuid": "22bee44a6aa2da31b0f0619759acc7f4dfa15554"}, "author": "ИА REGNUM", "url": "https://regnum.ru/news/accidents/2187304.html", "ord_in_thread": 0, "title": "Из тюрьмы в Бразилии сбежали 470 заключённых", "locations": [], "entities": {"persons": [], "locations": [], "organizations": []}, "highlightText": "", "language": "russian", "persons": [], "text": "Происшествия Значительная часть сбежавших арестантов остаётся на свободе \nБразилиа  19 — REGNUM Арестанты устроили массовый побег из тюрьмы в бразильском городе Жардинополис в штате Сан-Паулу, передаёт издание Folha de Sao Paulo. \nСообщается, что инцидент произошёл утром 29 сентября. Устроив бунт, заключённые подожгли столярную мастерскую в одном из крыльев тюрьмы. Возникшая суматоха позволила 470 узникам покинуть территорию исправительного учреждения. \nПо заявлению властей штата, к вечеру 30 сентября 338 беглецов удалось задержать и вернуть под стражу, остальные до настоящего времени остаются на свободе. \nКак отмечается, поводом для бунта послужила переполненность тюремных камер. В учреждении, рассчитанном на 1080 заключённых, содержались более 1860 человек.  ", "external_links": [], "published": "2016-10-01T07:19:00.000+03:00", "crawled": "2016-10-01T02:23:37.325+03:00", "highlightTitle": ""}