{"organizations": [], "uuid": "4309262d54ee3421868cf85f66c703ac8ad62e4e", "thread": {"social": {"gplus": {"shares": 0}, "pinterest": {"shares": 0}, "vk": {"shares": 0}, "linkedin": {"shares": 0}, "facebook": {"likes": 0, "shares": 0, "comments": 0}, "stumbledupon": {"shares": 0}}, "site_full": "www.vesti.ru", "main_image": "//cdn-st1.rtr-vesti.ru/vh/pictures/xw/119/311/5.jpg", "site_section": "http://www.vesti.ru/vesti.rss", "section_title": "ВЕСТИ", "url": "http://www.vesti.ru/doc.html?id=2805875", "country": "RU", "domain_rank": 1536, "title": "На ВДНХ прошел благотворительный забег в помощь тяжелобольным детям", "performance_score": 0, "site": "vesti.ru", "participants_count": 0, "title_full": "На ВДНХ прошел благотворительный забег в помощь тяжелобольным детям", "spam_score": 0.0, "site_type": "news", "published": "2016-10-03T21:27:00.000+03:00", "replies_count": 0, "uuid": "4309262d54ee3421868cf85f66c703ac8ad62e4e"}, "author": "", "url": "http://www.vesti.ru/doc.html?id=2805875", "ord_in_thread": 0, "title": "На ВДНХ прошел благотворительный забег в помощь тяжелобольным детям", "locations": [], "entities": {"persons": [], "locations": [], "organizations": []}, "highlightText": "", "language": "russian", "persons": [], "text": "3 октября 2016 16:27 На ВДНХ прошел благотворительный забег в помощь тяжелобольным детям \nОколо 3,5 тысяч человек стали в воскресенье участниками благотворительного забега на ВДНХ. Он был организован фондами \"Линия жизни\" и \"Дорога вместе\", а все собранные взносы будут потрачены на оплату операций тяжелобольным детям. Подобное мероприятие проводится в столице уже в пятый раз, и, по словам организаторов, благодаря таким забегам уже удалось собрать деньги на лечение 12-ти детей. \nПопробовать свои силы могли все желающие — например, дистанция для самых маленьких составляла всего 300 метров, а взрослым предстояло пробежать чуть более 5 километров. \n\"Я за долгие годы своей работы сформулировала закон пяти \"П\" — помогать правильно, просто, приятно, полезно. И для меня этот забег — полная иллюстрация того, как можно помогать, в нашем случае — спасать детей, как можно помогать своему здоровью, получать удовольствие, радоваться самим и радовать всех других\", — пояснила в эфире программы \"Вести-Москва\" президент благотворительного фонда спасения тяжелобольных детей \"Линия жизни\" Фаина Захарова. \nНаграды также вручали в номинациях \"Самый креативный костюм\", \"Самый активный гость\", \"Самый взрослый участник забега\" и \"Самая большая команда\".", "external_links": [], "published": "2016-10-03T21:27:00.000+03:00", "crawled": "2016-10-03T17:40:33.710+03:00", "highlightTitle": ""}