{"organizations": [], "uuid": "6f12f07930f4024400c175537be16066370c2cd3", "thread": {"social": {"gplus": {"shares": 0}, "pinterest": {"shares": 0}, "vk": {"shares": 0}, "linkedin": {"shares": 0}, "facebook": {"likes": 1, "shares": 1, "comments": 0}, "stumbledupon": {"shares": 0}}, "site_full": "www.the-village.ru", "main_image": "http://lamcdn.net/the-village.ru/post-cover/BVFolCj622Iau71cromKfQ-default.png", "site_section": "http://www.the-village.ru/feeds/posts.atom?city=1&topic=hopesandfears", "section_title": "The Village Москва", "url": "http://www.the-village.ru/village/city/situation/246689-chef", "country": "RU", "domain_rank": 9436, "title": "Руководителя московского главка МЧС могут уволить после гибели пожарных", "performance_score": 0, "site": "the-village.ru", "participants_count": 1, "title_full": "Руководителя московского главка МЧС могут уволить после гибели пожарных", "spam_score": 0.0, "site_type": "news", "published": "2016-10-03T16:20:00.000+03:00", "replies_count": 0, "uuid": "6f12f07930f4024400c175537be16066370c2cd3"}, "author": "1237445", "url": "http://www.the-village.ru/village/city/situation/246689-chef", "ord_in_thread": 0, "title": "Руководителя московского главка МЧС могут уволить после гибели пожарных", "locations": [], "entities": {"persons": [], "locations": [], "organizations": []}, "highlightText": "", "language": "russian", "persons": [], "text": "Share Tweet \nНа совещании в министерстве чрезвычайных ситуаций в понедельник, 3 октября, могут объявить об увольнении начальника Московского главного управления ведомства Ильи Денисова. Об этом со ссылкой на источники пишет газета «Известия». \nУточняется, что Денисову грозит отставка из-за гибели восьми пожарных при тушении пожара на складе на востоке Москвы 22 сентября. По словам источников, руководство московского главка обвинили в непрофессионализме. \nПожар, о котором идет речь, начался вечером 22 сентября на складе пластиковых изделий, расположенном на Амурской улице на востоке Москвы. Во время его тушения погибли восемь сотрудников МЧС — на них обрушилась горящая кровля. Рассказать друзьям", "external_links": [], "published": "2016-10-03T16:20:00.000+03:00", "crawled": "2016-10-03T11:58:00.419+03:00", "highlightTitle": ""}