{"organizations": [], "uuid": "dd96ca02a937a68488158086d8ccd934ab60575b", "thread": {"social": {"gplus": {"shares": 0}, "pinterest": {"shares": 0}, "vk": {"shares": 0}, "linkedin": {"shares": 0}, "facebook": {"likes": 0, "shares": 0, "comments": 0}, "stumbledupon": {"shares": 0}}, "site_full": "regnum.ru", "main_image": "//regnum.ru/assets/img/default/no-pic-12.jpg", "site_section": "https://regnum.ru/rss/news", "section_title": "Новости России, СНГ и мира - ИА REGNUM", "url": "https://regnum.ru/news/accidents/2187754.html", "country": "RU", "domain_rank": 3772, "title": "СКР: жительница Чувашии била приёмных детей за кусок колбасы", "performance_score": 0, "site": "regnum.ru", "participants_count": 1, "title_full": "СКР: жительница Чувашии била приёмных детей за кусок колбасы", "spam_score": 0.0, "site_type": "news", "published": "2016-10-03T18:31:00.000+03:00", "replies_count": 0, "uuid": "dd96ca02a937a68488158086d8ccd934ab60575b"}, "author": "ИА REGNUM", "url": "https://regnum.ru/news/accidents/2187754.html", "ord_in_thread": 0, "title": "СКР: жительница Чувашии била приёмных детей за кусок колбасы", "locations": [], "entities": {"persons": [], "locations": [], "organizations": []}, "highlightText": "", "language": "russian", "persons": [], "text": "Происшествия Возбуждено уголовное дело \nЧебоксары  31 — REGNUM В Чувашии возбуждено уголовное дело в отношении 42-летней жительницы Вурнарского района. Она подозревается в совершении преступления, предусмотренного п.п. «а, г» ч. 2 ст. 117 УК РФ (истязание, совершенное в отношении двух и более заведомо несовершеннолетних), сообщил ИА REGNUM старший помощник руководителя СУ СКР по Чувашии Олег Дмитриев. Женщина не имеет постоянного места работы. \nПо версии следствия, в период времени с сентября 2012 по август 2016 года в одном из сельских населенных пунктов Вурнарского района женщина неоднократно наносила побои троим приёмным детям: двум девочкам, 1999 и 2004 годов рождения, и одному мальчику, 2005 года рождения. Она била их ремнем, девочек таскала за волосы. Поводом могли послужить неубранная со двора «ветка рябины, грязная одежда, кусок съеденной без спроса колбасы, неудовлетворительная оценка в школе, недосмотр за двумя утятами, которые скончались». После очередной порки двое младших детей (старшая в настоящее время обучается в одной из средне-специальных образовательных организаций в городе Чебоксары) убежали из дома на святой источник, где были обнаружены сотрудниками полиции. \nДети были определены в эту приёмную семью в июне 2012 года. \nПотерпевшие в настоящее время изъяты из приемной семьи и определены под опеку своей родственницы, с которой в настоящее время и проживают. \nРасследование уголовного дела продолжается.", "external_links": [], "published": "2016-10-03T18:31:00.000+03:00", "crawled": "2016-10-03T13:37:27.205+03:00", "highlightTitle": ""}