{"organizations": [], "uuid": "92a0044047430bca0716918cac35ff501ef13d13", "thread": {"social": {"gplus": {"shares": 0}, "pinterest": {"shares": 0}, "vk": {"shares": 0}, "linkedin": {"shares": 0}, "facebook": {"likes": 0, "shares": 0, "comments": 0}, "stumbledupon": {"shares": 0}}, "site_full": "www.sports.ru", "main_image": "https://s5o.ru/common/images/i/logo/300x300_sports.png", "site_section": "http://www.sports.ru/rss/all_news.xml", "section_title": "Новости - Футбол, хоккей, баскетбол, теннис, бокс, Формула-1 – все новости спорта на Sports.ru", "url": "http://www.sports.ru/basketball/1044433421.html", "country": "RU", "domain_rank": 2139, "title": "Единая лига ВТБ. Регулярный чемпионат. УНИКС обыграл «Нижний Новгород», «Астана» победила «Автодор»", "performance_score": 0, "site": "sports.ru", "participants_count": 0, "title_full": "Единая лига ВТБ. Регулярный чемпионат. УНИКС обыграл «Нижний Новгород», «Астана» победила «Автодор»", "spam_score": 0.0, "site_type": "news", "published": "2016-10-02T20:10:00.000+03:00", "replies_count": 0, "uuid": "92a0044047430bca0716918cac35ff501ef13d13"}, "author": "", "url": "http://www.sports.ru/basketball/1044433421.html", "ord_in_thread": 0, "title": "Единая лига ВТБ. Регулярный чемпионат. УНИКС обыграл «Нижний Новгород», «Астана» победила «Автодор»", "locations": [], "entities": {"persons": [], "locations": [], "organizations": []}, "highlightText": "", "language": "russian", "persons": [], "text": "В воскресенье, 2 октября, двумя матчами стартовал восьмой официальный сезон Единой лиги ВТБ. УНИКС одержал уверенную победу над «Нижним Новгородом» (104:81). «Астана» нанесла поражение «Автодору» (83:78). \nЕдиная лига ВТБ", "external_links": [], "published": "2016-10-02T20:10:00.000+03:00", "crawled": "2016-10-02T15:23:10.842+03:00", "highlightTitle": ""}