{"organizations": [], "uuid": "c1d3aafbf441e76b64447a4cbdf7f0f6d715c694", "thread": {"social": {"gplus": {"shares": 0}, "pinterest": {"shares": 0}, "vk": {"shares": 0}, "linkedin": {"shares": 0}, "facebook": {"likes": 0, "shares": 0, "comments": 0}, "stumbledupon": {"shares": 0}}, "site_full": "telegraf.com.ua", "main_image": "http://telegraf.com.ua/files/2016/10/atletico-567x309.jpg", "site_section": "http://telegraf.com.ua/sport-cat/feed/", "section_title": "ТЕЛЕГРАФ - последние новости Украины и мира", "url": "http://telegraf.com.ua/sport-cat/futbol/2870973-la-liga-atletiko-pereigral-valensiyu.html", "country": "UA", "domain_rank": 1750, "title": "Ла Лига. \"Атлетико\" переиграл \"Валенсию\"", "performance_score": 0, "site": "telegraf.com.ua", "participants_count": 0, "title_full": "Ла Лига. \"Атлетико\" переиграл \"Валенсию\"", "spam_score": 0.0, "site_type": "news", "published": "2016-10-02T20:20:00.000+03:00", "replies_count": 0, "uuid": "c1d3aafbf441e76b64447a4cbdf7f0f6d715c694"}, "author": "", "url": "http://telegraf.com.ua/sport-cat/futbol/2870973-la-liga-atletiko-pereigral-valensiyu.html", "ord_in_thread": 0, "title": "Ла Лига. \"Атлетико\" переиграл \"Валенсию\"", "locations": [], "entities": {"persons": [], "locations": [], "organizations": []}, "highlightText": "", "language": "russian", "persons": [], "text": "<> Телеграф в Facebook Телеграф в Twitter Телеграф Вконтакте Телеграф на Google+ Телеграф в однокласниках Телеграф Мой Мир Телеграф RSS Все материалы Телеграф , опубликованные на этом сайте с ссылкой на агентство \"Интерфакс-Украина\" , не подлежат дальнейшему воспроизведению и/или распространению в какой-либо форме, не иначе как с письменного разрешения агентства. Перепечатка, копирование или воспроизведение информации, содержащей ссылку на агентство \"УНИАН\", \"Укринформ\", \"УНН\", \"Украинские новости\", \"ИТАР-ТАСС\", \"Украинская Фото Группа\" и \"Reuters\" в каком-либо виде строго запрещена. Полное или частичное использование материалов разрешается только при условии наличия прямой, открытой для поисковых систем гиперссылки на прямой адрес материала на сайте telegraf.com.ua . Гиперссылка должна содержаться исключительно в первом абзаце текста. Размер шрифта ссылки или гиперссылки не должен быть меньше шрифта публикации.", "external_links": [], "published": "2016-10-02T20:20:00.000+03:00", "crawled": "2016-10-03T02:00:59.101+03:00", "highlightTitle": ""}