{"organizations": [], "uuid": "c7ec881ab5314bd8999b7a803a76cd472c302d01", "thread": {"social": {"gplus": {"shares": 0}, "pinterest": {"shares": 0}, "vk": {"shares": 0}, "linkedin": {"shares": 0}, "facebook": {"likes": 0, "shares": 0, "comments": 0}, "stumbledupon": {"shares": 0}}, "site_full": "news.mail.ru", "main_image": "https://news.mail.ru/social_preview/27309001/?time=e35d7737396eb1ac1a6727de200b8756", "site_section": "http://news.mail.ru//rss/incident/", "section_title": "Новости Mail.Ru: События", "url": "https://news.mail.ru/incident/27309001/", "country": "RU", "domain_rank": 27, "title": "Сильный пожар в Северном напугал красноярцев", "performance_score": 0, "site": "mail.ru", "participants_count": 0, "title_full": "Сильный пожар в Северном напугал красноярцев", "spam_score": 0.0, "site_type": "news", "published": "2016-10-02T14:31:00.000+03:00", "replies_count": 0, "uuid": "c7ec881ab5314bd8999b7a803a76cd472c302d01"}, "author": "", "url": "https://news.mail.ru/incident/27309001/", "ord_in_thread": 0, "title": "Сильный пожар в Северном напугал красноярцев", "locations": [], "entities": {"persons": [], "locations": [], "organizations": []}, "highlightText": "", "language": "russian", "persons": [], "text": " ", "external_links": [], "published": "2016-10-02T14:31:00.000+03:00", "crawled": "2016-10-02T09:58:45.233+03:00", "highlightTitle": ""}