{"organizations": [], "uuid": "e36ffcbab8b626ae01bafe15fb2fd5c0fdf34ca7", "thread": {"social": {"gplus": {"shares": 0}, "pinterest": {"shares": 0}, "vk": {"shares": 0}, "linkedin": {"shares": 0}, "facebook": {"likes": 0, "shares": 0, "comments": 0}, "stumbledupon": {"shares": 0}}, "site_full": "news.meta.ua", "main_image": "http://picsnews.meta.ua/big_pic/423/88/42388254.jpeg", "site_section": "http://news.meta.ua/rss/", "section_title": "МЕТА Новости", "url": "http://news.meta.ua/go.php?to=2016-10-50881309", "country": "UA", "domain_rank": 7703, "title": "Мир: Шимон Перес не позволил Нетаньяху начать войну с Ираном - СМИ", "performance_score": 0, "site": "meta.ua", "participants_count": 1, "title_full": "Мир: Шимон Перес не позволил Нетаньяху начать войну с Ираном - СМИ", "spam_score": 0.0, "site_type": "news", "published": "2016-10-01T08:18:00.000+03:00", "replies_count": 0, "uuid": "e36ffcbab8b626ae01bafe15fb2fd5c0fdf34ca7"}, "author": "Мир", "url": "http://news.meta.ua/go.php?to=2016-10-50881309", "ord_in_thread": 0, "title": "Мир: Шимон Перес не позволил Нетаньяху начать войну с Ираном - СМИ", "locations": [], "entities": {"persons": [], "locations": [], "organizations": []}, "highlightText": "", "language": "russian", "persons": [], "text": "Перес умер в ночь на 28 сентября на 94-м году жизни. Gottstat.com >> сегодня, \nПрезидент запретил изданию публиковать это его признание до его смерти. \nПерес умер в ночь на 28 сентября на 94-м году жизни. \nШимон Перес занимал почти все главные государственные посты в Израиле: он отработал два срока на посту премьер-министра, а также несколько раз возглавлял министерство обороны Израиля, министерство финансов, министерство связи, МИД, МВД и другие ведомства. С 2007 по 2014 год Перес занимал пост президента страны. \nВ 1994 году он был удостоен Нобелевской премии мира - вместе с премьер-министром Ицхаком Рабином и палестинским лидером Ясиром Арафатом - за роль в мирных переговорах в Осло, которые положили начало процессу передачи власти гражданской власти Палестинской автономии. \nПодписывайтесь на аккаунт ЛІГА.net в Twitter и Facebook: в одной ленте - все, что стоит знать о политике, экономике, бизнесе и финансах. \nЕсли бы президент Израиля Шимон Перес не помешал, премьер-министр Беньямин Нетаньяху нанес бы удар по Ирану и его ядерным объектам. Об этом Перес сказал изданию Jerusalem Post два года назад во время интервью. \nЖурналисты Jerusalem Post встретились с ним в Peres Center for Peace в Яффе 24 августа, 2014 года. На просьбу назвать свой самое большое политическое достижение, Перес ответил: \"Я не позволил Нетаньяху атаковать Иран\". \n\"Я не хочу вдаваться в детали, но могу сказать, что он был готов начать атаку, и я остановил его. Я сказал ему, что последствия будут катастрофическими\", - отметил Перес.", "external_links": [], "published": "2016-10-01T08:18:00.000+03:00", "crawled": "2016-10-01T03:41:54.588+03:00", "highlightTitle": ""}