{"organizations": [], "uuid": "e5334a90dc54fb4eacd631918526621b5548d186", "thread": {"social": {"gplus": {"shares": 0}, "pinterest": {"shares": 0}, "vk": {"shares": 0}, "linkedin": {"shares": 0}, "facebook": {"likes": 0, "shares": 0, "comments": 0}, "stumbledupon": {"shares": 0}}, "site_full": "news.mail.ru", "main_image": "https://news.mail.ru/social_preview/27306326/?time=d6fb3c0189f8ec8d48989e1f72459fcc", "site_section": "http://news.mail.ru//rss/", "section_title": "Новости Mail.Ru", "url": "https://news.mail.ru/incident/27306326/", "country": "RU", "domain_rank": 27, "title": "Задержан водитель, сбивший насмерть человека и сбежавший после ДТП под Воронежем", "performance_score": 0, "site": "mail.ru", "participants_count": 0, "title_full": "Задержан водитель, сбивший насмерть человека и сбежавший после ДТП под Воронежем", "spam_score": 0.0, "site_type": "news", "published": "2016-10-01T23:44:00.000+03:00", "replies_count": 0, "uuid": "e5334a90dc54fb4eacd631918526621b5548d186"}, "author": "", "url": "https://news.mail.ru/incident/27306326/", "ord_in_thread": 0, "title": "Задержан водитель, сбивший насмерть человека и сбежавший после ДТП под Воронежем", "locations": [], "entities": {"persons": [], "locations": [], "organizations": []}, "highlightText": "", "language": "russian", "persons": [], "text": "<!-- rb: 6032?_SITEZONE=4 --><!-- /rb: 6032?_SITEZONE=4 --> <!-- rb: 6030?_SITEZONE=4 --><!-- /rb: 6030?_SITEZONE=4 --> <!-- rb: 6029?_SITEZONE=4 --><!-- /rb: 6029?_SITEZONE=4   \nТеперь вы можете обсуждать последние новости и высказывать свое отношение к происходящему. 18:44 (мск) , источник: 36on.ru Задержан водитель, сбивший насмерть человека и сбежавший после ДТП под Воронежем \nВоронежская полиция нашла и задержала автомобилиста, по вине которого несколько дней назад погиб пешеход, сообщает пресс-служба", "external_links": [], "published": "2016-10-01T23:44:00.000+03:00", "crawled": "2016-10-01T19:11:24.705+03:00", "highlightTitle": ""}