{"organizations": [], "uuid": "3cf1027a0a1166024d1746652dff985270f8900d", "thread": {"social": {"gplus": {"shares": 0}, "pinterest": {"shares": 0}, "vk": {"shares": 0}, "linkedin": {"shares": 0}, "facebook": {"likes": 0, "shares": 0, "comments": 0}, "stumbledupon": {"shares": 0}}, "site_full": "kuban.mk.ru", "main_image": "http://kuban.mk.ru/media/img/mk.ru/mkru_og.jpg", "site_section": "http://www.mk.ru/rss/news/index.xml", "section_title": "Новостная лента - Московский Комсомолец", "url": "http://kuban.mk.ru/articles/2016/10/03/kubanskie-pensionery-zanyali-trete-mesto-na-vserossiyskoy-spartakiade-v-tule.html", "country": "RU", "domain_rank": 3246, "title": "Кубанские пенсионеры заняли третье место на всероссийской Спартакиаде в Туле", "performance_score": 0, "site": "mk.ru", "participants_count": 0, "title_full": "Кубанские пенсионеры заняли третье место на всероссийской Спартакиаде в Туле", "spam_score": 0.0, "site_type": "news", "published": "2016-10-03T21:54:00.000+03:00", "replies_count": 0, "uuid": "3cf1027a0a1166024d1746652dff985270f8900d"}, "author": "", "url": "http://kuban.mk.ru/articles/2016/10/03/kubanskie-pensionery-zanyali-trete-mesto-na-vserossiyskoy-spartakiade-v-tule.html", "ord_in_thread": 0, "title": "Кубанские пенсионеры заняли третье место на всероссийской Спартакиаде в Туле", "locations": [], "entities": {"persons": [], "locations": [], "organizations": []}, "highlightText": "", "language": "russian", "persons": [], "text": "Кубанские пенсионеры заняли третье место на всероссийской Спартакиаде в Туле Сегодня в 16:54, просмотров: 15 \nВ Туле подвели итоги всероссийской Спартакиады пенсионеров. Финал турнира организаторы посвятили Международному дню пожилых людей, который традиционно отмечается третьего октября. \nКак сообщает администрация края, участниками Спартакиады стали больше 550 спортсменов из России, Белоруссии, Бельгии, Германии, Финляндии, Кыргызстана и Сербии. Средний возраст их составил 60-69 лет. \nСпортсмены соревновались в беге, пулевой стрельбе, плавании. В общекомандном зачете Краснодарский край занял третье место. Второе и первое - у представителей Архангельской и Челябинской областей соответственно. Сетевое издание «МК на Кубани» kuban.mk.ru Зарегистрировано Федеральной службой по надзору в сфере связи, информационных технологий и массовых коммуникаций (Роскомнадзор) Свидетельство о регистрации СМИ Эл № ФС 77-57491 Учредитель СМИ – ЗАО «Редакция газеты «Московский Комсомолец» Редакция СМИ - ООО \"Редакция телерадиокомпании \"Екатеринодар\" Адрес редакции: 350000, Краснодар, улица Бабушкина, 252, Телефон: +7 (861) 212-65-59, 212-65-63 \n\nВсе права на материалы, опубликованные на сайте kuban.mk.ru, принадлежат редакции и охраняются в соответствии с законодательством РФ. \nИспользование материалов, опубликованных на сайте kuban.mk.ru допускается только с письменного разрешения правообладателя и с обязательной прямой гиперссылкой на страницу, с которой материал заимствован. Гиперссылка должна размещаться непосредственно в тексте, воспроизводящем оригинальный материал mk.ru, до или после цитируемого блока.", "external_links": [], "published": "2016-10-03T21:54:00.000+03:00", "crawled": "2016-10-03T17:01:20.611+03:00", "highlightTitle": ""}