{"organizations": [], "uuid": "923dc6265a601b40d71dd2a2bcd1422561793c5b", "thread": {"social": {"gplus": {"shares": 0}, "pinterest": {"shares": 0}, "vk": {"shares": 0}, "linkedin": {"shares": 0}, "facebook": {"likes": 0, "shares": 0, "comments": 0}, "stumbledupon": {"shares": 0}}, "site_full": "www.segodnya.ua", "main_image": "http://www.segodnya.ua/img/article/7566/94_main.jpg", "site_section": "http://www.segodnya.ua/xml/rss/specials.html", "section_title": "СЕГОДНЯ | Самые актуальные новости, мнения, комментарии", "url": "http://www.segodnya.ua/world/v-ispanii-progremel-vzryv-postradali-bolee-70-chelovek--756694.html", "country": "UA", "domain_rank": 5884, "title": "В Испании прогремел взрыв: пострадали более 70 человек", "performance_score": 0, "site": "segodnya.ua", "participants_count": 0, "title_full": "В Испании прогремел взрыв: пострадали более 70 человек", "spam_score": 0.0, "site_type": "news", "published": "2016-10-02T07:18:00.000+03:00", "replies_count": 0, "uuid": "923dc6265a601b40d71dd2a2bcd1422561793c5b"}, "author": "", "url": "http://www.segodnya.ua/world/v-ispanii-progremel-vzryv-postradali-bolee-70-chelovek--756694.html", "ord_in_thread": 0, "title": "В Испании прогремел взрыв: пострадали более 70 человек", "locations": [], "entities": {"persons": [], "locations": [], "organizations": []}, "highlightText": "", "language": "russian", "persons": [], "text": "× E-mail: В Испании прогремел взрыв: пострадали более 70 человек http://www.segodnya.ua/img/article/7566/94_main.jpg http://www.segodnya.ua/img/article/7566/94_tn.jpg 2016-10-02T02:18:34+03:00 Мир Взрыв прогремел в помещении кафе В кафе в Испании от взрыва пострадало 77 человек. Фото: pbs.twimg.com В Испании прогремел взрыв: пострадали более 70 человек Взрыв прогремел в помещении кафе В результате взрыва в городе Велес-Малага на юге Испании пострадали по меньшей мере 77 человек, сообщает канал \" 112 Украина \" со ссылкой на пресс-секретаря скорой помощи региона Андалусия. \"Взрыв прогремел в помещении кафе около 19:00 по Киеву. Сообщается, что это был взрыв газового баллона. На фотографиях с места события видны последствия взрыва – разбросанные стулья, мусор и другие повреждения\", – говорится в сообщении. Фото: twitter.com/opiniondemalaga По данным испанского издания El Mundo, всего были госпитализированы более 70 человек, двадцать из них после оказания первой медицинской помощи были отпущены из больницы. \"Остальные остаются в медицинских учреждениях, у четверых пострадавших тяжелые травмы, но не опасные для жизни\", подчеркивает издание. Читайте также:", "external_links": [], "published": "2016-10-02T07:18:00.000+03:00", "crawled": "2016-10-02T02:30:47.146+03:00", "highlightTitle": ""}