{"organizations": [], "uuid": "c68792f8cb5e0b3c5bb8c99164992e32fec3439c", "thread": {"social": {"gplus": {"shares": 0}, "pinterest": {"shares": 0}, "vk": {"shares": 0}, "linkedin": {"shares": 0}, "facebook": {"likes": 0, "shares": 0, "comments": 0}, "stumbledupon": {"shares": 0}}, "site_full": "woman.delfi.ee", "main_image": "", "site_section": "", "section_title": "", "url": "http://woman.delfi.ee/mother/ne-lyubit-chuzhih-detej-norma-ili-otklonenie?id=75788083&com=1", "country": "EE", "domain_rank": 5049, "title": "Комментарии - Не любить чужих детей - норма или отклонение - Woman", "performance_score": 0, "site": "delfi.ee", "participants_count": 0, "title_full": "Комментарии - Не любить чужих детей - норма или отклонение - Woman", "spam_score": 0.225, "site_type": "news", "published": "2016-10-03T19:05:00.000+03:00", "replies_count": 0, "uuid": "c68792f8cb5e0b3c5bb8c99164992e32fec3439c"}, "author": "", "url": "http://woman.delfi.ee/mother/ne-lyubit-chuzhih-detej-norma-ili-otklonenie?id=75788083&com=1", "ord_in_thread": 0, "title": "Комментарии - Не любить чужих детей - норма или отклонение - Woman", "locations": [], "entities": {"persons": [], "locations": [], "organizations": []}, "highlightText": "", "language": "russian", "persons": [], "text": "Не любить чужих детей - норма или отклонение Внимание! Комментарии пишут читатели. Комментарии не редактируются. Содержание комментариев может не совпадать с мнением редакции. DELFI не отвечает за содержание комментариев читателей и просит читателей, пишущих комментарии, соблюдать нормы морали, не разжигать национальную и расовую рознь и обходиться без грубости. В случае игнорирования просьбы DELFI оставляет за собой право лишить пользователя возможности оставлять комментарии. ", "external_links": [], "published": "2016-10-03T19:05:00.000+03:00", "crawled": "2016-10-03T17:14:51.625+03:00", "highlightTitle": ""}