{"organizations": [], "uuid": "72d0b724d4ce41ecaabfaf6e07a4a56432c2884d", "thread": {"social": {"gplus": {"shares": 1}, "pinterest": {"shares": 0}, "vk": {"shares": 0}, "linkedin": {"shares": 0}, "facebook": {"likes": 1, "shares": 1, "comments": 0}, "stumbledupon": {"shares": 0}}, "site_full": "sport.rbc.ru", "main_image": "http://pics.v7.top.rbk.ru/v6_top_pics/resized/1440xH/media/img/8/68/754752566311688.jpg", "site_section": "http://static.feed.rbc.ru/rbc/internal/rss.rbc.ru/sport.rbc.ru/newsline.rss", "section_title": "РБК Спорт- Главные новости", "url": "http://sport.rbc.ru/news/57eea0d19a794779bbf6f646", "country": "RU", "domain_rank": 474, "title": "Лучший бомбардир чемпионата России травмировал связки колена", "performance_score": 0, "site": "rbc.ru", "participants_count": 0, "title_full": "Лучший бомбардир чемпионата России травмировал связки колена", "spam_score": 0.0, "site_type": "news", "published": "2016-10-01T02:22:00.000+03:00", "replies_count": 0, "uuid": "72d0b724d4ce41ecaabfaf6e07a4a56432c2884d"}, "author": "", "url": "http://sport.rbc.ru/news/57eea0d19a794779bbf6f646", "ord_in_thread": 0, "title": "Лучший бомбардир чемпионата России травмировал связки колена", "locations": [], "entities": {"persons": [], "locations": [], "organizations": []}, "highlightText": "", "language": "russian", "persons": [], "text": "Олег Шибанов, Ольга Щербакова Мнение, 30 сен, 18:40 Дай гектар: как будут раздавать землю на Дальнем Востоке Бизнес, 30 сен, 18:39 В Минкомсвязи увидели угрозу для безопасности в тотальной дешифровке Политика, 30 сен, 18:28 Нападающий «Зенита» пропустит матч со «Спартаком» из-за травмы Спорт Футбол, 30 сен, 18:12 Лучший бомбардир чемпионата России травмировал связки колена Главное Футбол \n«Краснодар» с шестью очками возглавляет таблицу группы I. Также две победы одержал немецкий «Шальке», но у команды из Гельзенкирхена хуже разница забитых и пропущенных мячей. Два следующих матча в Лиге Европы «Краснодар» проведет против «Шальке». 20 октября команды встретятся в России, а 3 ноября — в Германии. \nПрофессиональную карьеру Смолов начал в московском «Динамо», которому принадлежал с 2007 по 2015 год. Столичная команда трижды отдавала форварда в аренду — в голландский «Фейенорд», махачкалинский «Анжи» и екатеринбургский «Урал». \nВ 2015 году нападающий подписал контракт с «Краснодаром» сроком на четыре года. В прошлом сезоне Смолов с 20 забитыми мячами стал лучшим бомбардиром чемпионата России. В нынешнем сезоне он с восемью голами также возглавляет список главных голеадоров премьер-лиги. В четырех матчах Лиги Европы-2016/17 форвард забил три гола. \nЗа сборную России Смолов выступает с 2012 года. На Евро-2016 он выходил на поле во всех трех матчах группового этапа — против Англии (1:1), Словакии (1:2) и Уэльса (0:3). В сентябре в товарищеской встрече с Ганой (1:0) нападающий стал автором единственного мяча команды Станислава Черчесова. Всего в составе национальной команды он в 19 матчах забил шесть голов. Статистика", "external_links": [], "published": "2016-10-01T02:22:00.000+03:00", "crawled": "2016-10-01T00:29:08.206+03:00", "highlightTitle": ""}