{"organizations": [], "uuid": "565ded67613b5b0d4d69290974f222ce51f0cccd", "thread": {"social": {"gplus": {"shares": 0}, "pinterest": {"shares": 0}, "vk": {"shares": 0}, "linkedin": {"shares": 0}, "facebook": {"likes": 0, "shares": 0, "comments": 0}, "stumbledupon": {"shares": 0}}, "site_full": "www.mk.ru", "main_image": "http://www.mk.ru/media/img/mk.ru/mkru_og.jpg", "site_section": "http://www.mk.ru/rss/index.xml", "section_title": "Все материалы - Московский Комсомолец", "url": "http://www.mk.ru/economics/2016/10/01/kudrin-predrek-dalneyshee-snizhenie-klyuchevoy-stavki-cb.html", "country": "RU", "domain_rank": 3246, "title": "Кудрин предрек дальнейшее снижение ключевой ставки ЦБ", "performance_score": 0, "site": "mk.ru", "participants_count": 0, "title_full": "Кудрин предрек дальнейшее снижение ключевой ставки ЦБ", "spam_score": 0.0, "site_type": "news", "published": "2016-10-01T16:28:00.000+03:00", "replies_count": 0, "uuid": "565ded67613b5b0d4d69290974f222ce51f0cccd"}, "author": "", "url": "http://www.mk.ru/economics/2016/10/01/kudrin-predrek-dalneyshee-snizhenie-klyuchevoy-stavki-cb.html", "ord_in_thread": 0, "title": "Кудрин предрек дальнейшее снижение ключевой ставки ЦБ", "locations": [], "entities": {"persons": [], "locations": [], "organizations": []}, "highlightText": "", "language": "russian", "persons": [], "text": "Кудрин предрек дальнейшее снижение ключевой ставки ЦБ Сегодня в 11:28, просмотров: 83 \nГлава Центра стратегических разработок Алексей Кудрин заявил в Сочи на МИФ, что если будет сокращен дефицит бюджета, то понизится и ключевая ставка ЦБ. \nПри этом он заметил, что Россия не сможет быстро сократить дефицит бюджета, поэтому предрек постепенное сокращение дефицита и постепенное снижение ставки. По его мнению, в следующем году при нынешних условиях ставка уже упадет до 8%, а еще через год она будет устойчиво 6,5%. \nПри этом по его словам, дефицит бюджета РФ может по итогам незначительно превысить верхнюю планку в 3,7%, установленную Минфином в 2016 году. Контакты \n© ЗАО \"Редакция газеты \"Московский Комсомолец\" Электронное периодическое издание «MK.ru» \nЗарегистрировано Федеральной службой по надзору в сфере связи, информационных технологий и массовых коммуникаций (Роскомнадзор). Свидетельство Эл № ФС77-45245 Редакция - ЗАО \"Редакция газеты \"Московский Комсомолец\". Адрес редакции: 125993, г. Москва, ул. 1905 года, д. 7, стр. 1. Телефон: +7(495)609-44-44, +7(495)609-44-33 Реклама третьих сторон \nВсе права на материалы, опубликованные на сайте www.mk.ru, принадлежат редакции и охраняются в соответствии с законодательством РФ. \nИспользование материалов, опубликованных на сайте www.mk.ru допускается только с письменного разрешения правообладателя и с обязательной прямой гиперссылкой на страницу, с которой материал заимствован. Гиперссылка должна размещаться непосредственно в тексте, воспроизводящем оригинальный материал mk.ru, до или после цитируемого блока.", "external_links": [], "published": "2016-10-01T16:28:00.000+03:00", "crawled": "2016-10-01T11:38:08.572+03:00", "highlightTitle": ""}