{"organizations": [], "uuid": "a9279caa4648b4b75d4cfdbfa112b4fd3184f36f", "thread": {"social": {"gplus": {"shares": 0}, "pinterest": {"shares": 0}, "vk": {"shares": 0}, "linkedin": {"shares": 0}, "facebook": {"likes": 0, "shares": 0, "comments": 0}, "stumbledupon": {"shares": 0}}, "site_full": "www.kp.ru", "main_image": "http://kp.ru/share/i/fill/FFFFFF/cr-458x185.t-10-2527208-osb-18-7-000-375-l-30-m-0.b-FFF-0-0-0-49.b-0083cd-6.t-4-1045972-osr-14-5-565656-480-l-100-b-40.wm-rm-100-bl-24-24.png", "site_section": "http://www.kp.ru/rss/allsections.xml", "section_title": "KP.RU :: Комсомольская правда", "url": "http://www.kp.ru/online/news/2527208/", "country": "RU", "domain_rank": 1696, "title": "В Москве задержан пьяный мужчина, устроивший стрельбу на юге столицы", "performance_score": 0, "site": "kp.ru", "participants_count": 0, "title_full": "В Москве задержан пьяный мужчина, устроивший стрельбу на юге столицы", "spam_score": 0.0, "site_type": "news", "published": "2016-10-02T01:01:00.000+03:00", "replies_count": 0, "uuid": "a9279caa4648b4b75d4cfdbfa112b4fd3184f36f"}, "author": "", "url": "http://www.kp.ru/online/news/2527208/", "ord_in_thread": 0, "title": "В Москве задержан пьяный мужчина, устроивший стрельбу на юге столицы", "locations": [], "entities": {"persons": [], "locations": [], "organizations": []}, "highlightText": "", "language": "russian", "persons": [], "text": "В Москве задержан пьяный мужчина, устроивший стрельбу на юге столицы Возбуждено уголовное дело о хулиганстве \nПолиция Москвы задержала пьяного мужчину, который устроил стрельбу по прохожим. Об этом заявили в пресс-службе столичного главка МВД . \nНа Бирюлевской улице неизвестный мужчина подошел к остановившимся у торговой палатки велосипедистам и стал требовать, чтобы они легли на землю. Свои слова он сопровождал выстрелами. Затем ушел в другую сторону. \nПозже стрелявшего задержали в подземном переходе станции Бирюлево – Товарная. \n«Полицейские задержали 34-летнего москвича по подозрению в хулиганстве и изъяли у него оружие. Проведенное медицинское освидетельствование показало наличие в крови у задержанного 0,74 промилле алкоголя», - заявили агентству РИА Новости в правоохранительных органах. Уточняется, что отобранный пистолет был охолощенным, то есть только имитирует выстрел с помощью звука и вспышки. \nВозбуждено уголовное дело по статье «Хулиганство».  ", "external_links": [], "published": "2016-10-02T01:01:00.000+03:00", "crawled": "2016-10-01T21:01:48.409+03:00", "highlightTitle": ""}