{"organizations": [], "uuid": "530cd002f032a2a3c9486e2bede29286c6e6a5fa", "thread": {"social": {"gplus": {"shares": 0}, "pinterest": {"shares": 0}, "vk": {"shares": 0}, "linkedin": {"shares": 0}, "facebook": {"likes": 1, "shares": 1, "comments": 0}, "stumbledupon": {"shares": 0}}, "site_full": "www.championat.com", "main_image": "https://img.championat.com/news2/social/5/3c/2596588.jpg", "site_section": "http://www.championat.com/xml/rss.xml", "section_title": "Чемпионат.com  (новости)", "url": "https://www.championat.com/auto/news-2596588-obgon-mika-shumahera-na-poslednem-kruge-prinjos-ego-komande-titul-v-formule-4.html", "country": "RU", "domain_rank": 1710, "title": "Обгон Мика Шумахера на последнем круге принёс его команде титул в Формуле-4", "performance_score": 0, "site": "championat.com", "participants_count": 0, "title_full": "Обгон Мика Шумахера на последнем круге принёс его команде титул в Формуле-4", "spam_score": 0.0, "site_type": "news", "published": "2016-10-03T16:23:00.000+03:00", "replies_count": 0, "uuid": "530cd002f032a2a3c9486e2bede29286c6e6a5fa"}, "author": "", "url": "https://www.championat.com/auto/news-2596588-obgon-mika-shumahera-na-poslednem-kruge-prinjos-ego-komande-titul-v-formule-4.html", "ord_in_thread": 0, "title": "Обгон Мика Шумахера на последнем круге принёс его команде титул в Формуле-4", "locations": [], "entities": {"persons": [], "locations": [], "organizations": []}, "highlightText": "", "language": "russian", "persons": [], "text": "Обгон Мика Шумахера на последнем круге принёс его команде титул в Формуле-4  23. Авто Сын Михаэля Шумахера Мик выиграл последнюю гонку сезона в немецкой Формуле-4 в Хоккенхайме, обеспечив своей команде Prema первое место в командном зачёте. Сам немец не смог стать чемпионом, поскольку перед заключительным гоночным уик-эндом в Хоккенхайме немец уступал лидеру общего зачёта Джоуи Моусону 39 баллов и его дисквалификация по итогам квалификации предопределила исход борьбы за титул. В финальной гонке немец, однако, стал лучшим, вырвав победу всего за несколько поворотов до финиша у Ками Либерте, лидировавшего до того момента. Третьим финишировал Юрий Випс. Новоиспечённый чемпион Джоуи Моусон сошёл из-за аварии.", "external_links": [], "published": "2016-10-03T16:23:00.000+03:00", "crawled": "2016-10-03T11:28:22.455+03:00", "highlightTitle": ""}