{"organizations": [], "uuid": "c47d6ff543343cd7b03fa55bd1452834873e9b6a", "thread": {"social": {"gplus": {"shares": 0}, "pinterest": {"shares": 0}, "vk": {"shares": 0}, "linkedin": {"shares": 0}, "facebook": {"likes": 0, "shares": 0, "comments": 0}, "stumbledupon": {"shares": 0}}, "site_full": "echo.msk.ru", "main_image": "http://echo.msk.ru/i/big_logo.png", "site_section": "http://echo.msk.ru/news/", "section_title": "Эхо Москвы :: Новости ", "url": "http://echo.msk.ru/news/1847874-echo.html", "country": "BZ", "domain_rank": 1609, "title": "Князь Монако отказал в экстрадиции в Россию экс-совладельца обанкротившегося Внешпромбанка Георгия Беджамова", "performance_score": 0, "site": "echo.msk.ru", "participants_count": 18, "title_full": "Эхо Москвы :: Новости / Князь Монако отказал в экстрадиции в Россию экс-совладельца обанкротившегося Внешпромбанка Георгия Беджамова", "spam_score": 0.276, "site_type": "news", "published": "2016-10-01T05:01:00.000+03:00", "replies_count": 33, "uuid": "c47d6ff543343cd7b03fa55bd1452834873e9b6a"}, "author": "echo.msk.ru", "url": "http://echo.msk.ru/news/1847874-echo.html", "ord_in_thread": 0, "title": "Князь Монако отказал в экстрадиции в Россию экс-совладельца обанкротившегося Внешпромбанка Георгия Беджамова", "locations": [], "entities": {"persons": [], "locations": [], "organizations": []}, "highlightText": "", "language": "russian", "persons": [], "text": "Князь Монако Альбер II отказал в экстрадиции в Россию экс-совладельца обанкротившегося Внешпромбанка Георгия Беджамова. Об этом сообщили РИА в дирекции судебных служб княжества. Беджамова на родине обвиняют в хищении почти 1 миллиарда рублей. Он был задержан полицией Монако в апреле, так как находился в международном розыске по запросу российского МВД. Изначально его поместили в местную тюрьму, но потом освободили под залог. Решение об отказе в экстрадиции Беджамова апелляционный суд княжества вынес еще 12 июля. Основанием для этого послужило состояние его здоровья. При этом последнее слово в делах об экстрадиции остается за князем.\nАгентство не исключает, что на решение властей Монако отчасти повлияло давнее знакомство Альбера II с Беджамовым как с руководителем Федерации бобслея России.", "external_links": ["http://ria.ru/"], "published": "2016-10-01T05:01:00.000+03:00", "crawled": "2016-10-01T01:18:24.360+03:00", "highlightTitle": ""}