{"organizations": [], "uuid": "8456f0dddcc56f53eb54bc07ab01049ac5b0993d", "thread": {"social": {"gplus": {"shares": 0}, "pinterest": {"shares": 0}, "vk": {"shares": 0}, "linkedin": {"shares": 0}, "facebook": {"likes": 0, "shares": 0, "comments": 0}, "stumbledupon": {"shares": 0}}, "site_full": "www.championat.com", "main_image": "https://img.championat.com/news2/social/c/22/2595244.jpg", "site_section": "http://www.championat.com/xml/rss.xml", "section_title": "Чемпионат.com  (новости)", "url": "https://www.championat.com/football/news-2595244-anchelotti--razocharovany-no-ne-bespokoimsja.html", "country": "RU", "domain_rank": 1710, "title": "Анчелотти: разочарованы, но не беспокоимся", "performance_score": 0, "site": "championat.com", "participants_count": 0, "title_full": "Анчелотти: разочарованы, но не беспокоимся", "spam_score": 0.0, "site_type": "news", "published": "2016-10-02T03:22:00.000+03:00", "replies_count": 0, "uuid": "8456f0dddcc56f53eb54bc07ab01049ac5b0993d"}, "author": "", "url": "https://www.championat.com/football/news-2595244-anchelotti--razocharovany-no-ne-bespokoimsja.html", "ord_in_thread": 0, "title": "Анчелотти: разочарованы, но не беспокоимся", "locations": [], "entities": {"persons": [], "locations": [], "organizations": []}, "highlightText": "", "language": "russian", "persons": [], "text": "Анчелотти: разочарованы, но не беспокоимся  22. Футбол Главный тренер «Баварии» Карло Анчелотти подвёл итоги матча шестого тура немецкой Бундеслиги с «Кёльном». Встреча в Мюнхене завершилась вничью со счётом 1:1. «В первом тайме мы хорошо контролировали игру и в итоге повели в счёте. После „Кёльн“ играл лучше. Мы могли одержать победу, но и у „Кёльна“ были шансы. Мы разочарованы, но не беспокоимся. Мы не должны забывать, что хорошо начали сезон. Последние два матча мы провели не очень хорошо, но вера моих игроков в свои силы велика. Некоторые были очень уставшими после матча с „Атлетико“. Ротация была правильной. После матчей сборной всё продолжится», — цитирует Анчелотти пресс-служба «Баварии».", "external_links": [], "published": "2016-10-02T03:22:00.000+03:00", "crawled": "2016-10-01T22:31:51.418+03:00", "highlightTitle": ""}