{"organizations": [], "uuid": "f18d57e81616fe4ccba57e39acfc08a2c217294e", "thread": {"social": {"gplus": {"shares": 0}, "pinterest": {"shares": 0}, "vk": {"shares": 0}, "linkedin": {"shares": 0}, "facebook": {"likes": 1, "shares": 1, "comments": 0}, "stumbledupon": {"shares": 0}}, "site_full": "news.mail.ru", "main_image": "https://news.mail.ru/social_preview/27315040/?time=33b625cab03cfaf2ae54f3b7b6763813", "site_section": "http://news.mail.ru//rss/economics/", "section_title": "Новости Mail.Ru: Экономика", "url": "https://news.mail.ru/economics/27315040/", "country": "RU", "domain_rank": 27, "title": "Компанию, которая сделает обочины Владивостока платными, определят в апреле 2017 года", "performance_score": 0, "site": "mail.ru", "participants_count": 0, "title_full": "Компанию, которая сделает обочины Владивостока платными, определят в апреле 2017 года", "spam_score": 0.0, "site_type": "news", "published": "2016-10-03T12:47:00.000+03:00", "replies_count": 0, "uuid": "f18d57e81616fe4ccba57e39acfc08a2c217294e"}, "author": "", "url": "https://news.mail.ru/economics/27315040/", "ord_in_thread": 0, "title": "Компанию, которая сделает обочины Владивостока платными, определят в апреле 2017 года", "locations": [], "entities": {"persons": [], "locations": [], "organizations": []}, "highlightText": "", "language": "russian", "persons": [], "text": "  \nТеперь вы можете обсуждать последние новости и высказывать свое отношение к происходящему. 07:47 (мск) , источник: PrimaMedia.ru Компанию, которая сделает обочины Владивостока платными, определят в апреле 2017 года \nСроки проведения конкурса на создание и эксплуатацию паркоматов в центре приморской столицы продлили.", "external_links": [], "published": "2016-10-03T12:47:00.000+03:00", "crawled": "2016-10-03T08:06:05.516+03:00", "highlightTitle": ""}