{"organizations": [], "uuid": "e385ae0a7aa431c848a3bed4124ab4bf8577cfea", "thread": {"social": {"gplus": {"shares": 0}, "pinterest": {"shares": 0}, "vk": {"shares": 0}, "linkedin": {"shares": 0}, "facebook": {"likes": 0, "shares": 0, "comments": 0}, "stumbledupon": {"shares": 0}}, "site_full": "rus.delfi.ee", "main_image": "", "site_section": "", "section_title": "", "url": "http://rus.delfi.ee/daily/estonia/kalyulajd-podderzhivaet-spokojnye-otnosheniya-s-rossiej-i-besplatnoe-obuchenie-estonskomu-yazyku-v-ida-virumaa?id=75777945&com=1", "country": "EE", "domain_rank": 5049, "title": "Комментарии - Кальюлайд поддерживает спокойные отношения с Россией и бесплатное обучение эстонскому языку в Ида-Вирумаа - Delfi", "performance_score": 0, "site": "delfi.ee", "participants_count": 0, "title_full": "Комментарии - Кальюлайд поддерживает спокойные отношения с Россией и бесплатное обучение эстонскому языку в Ида-Вирумаа - Delfi", "spam_score": 0.082, "site_type": "news", "published": "2016-10-01T02:00:00.000+03:00", "replies_count": 0, "uuid": "e385ae0a7aa431c848a3bed4124ab4bf8577cfea"}, "author": "", "url": "http://rus.delfi.ee/daily/estonia/kalyulajd-podderzhivaet-spokojnye-otnosheniya-s-rossiej-i-besplatnoe-obuchenie-estonskomu-yazyku-v-ida-virumaa?id=75777945&com=1", "ord_in_thread": 0, "title": "Комментарии - Кальюлайд поддерживает спокойные отношения с Россией и бесплатное обучение эстонскому языку в Ида-Вирумаа - Delfi", "locations": [], "entities": {"persons": [], "locations": [], "organizations": []}, "highlightText": "", "language": "russian", "persons": [], "text": "* Voldemar * 30.09.2016 22:50 позиции свои Эстония уже давно сдала более крупным странам, соответственно и интересы страны стали совпадать с их интересами, наш президент уже ничего не решает в этом вопросе, а тем более новый президент, вынутая из теплого и хорошооплачиваемого кабинета в Люксембурге...на это способен был только Каллас, но его кто-то забраковал. согласен с теми кто считает - кому нужна такая должность, просто для картинки и траты денег налогоплательщиков... P.S. я прожил в этой стране больше, чем новоиспеченный президент, а мне никто так и не предложил такое ласковое место:) ", "external_links": [], "published": "2016-10-01T02:00:00.000+03:00", "crawled": "2016-10-01T00:04:13.357+03:00", "highlightTitle": ""}