{"organizations": [], "uuid": "87e96d8fed8cab9305c9933fff74fa03e9b3e713", "thread": {"social": {"gplus": {"shares": 0}, "pinterest": {"shares": 0}, "vk": {"shares": 0}, "linkedin": {"shares": 0}, "facebook": {"likes": 0, "shares": 0, "comments": 0}, "stumbledupon": {"shares": 0}}, "site_full": "www.kp.ru", "main_image": "http://kp.ru/share/i/fill/FFFFFF/cr-458x185.t-10-2527635-osb-18-7-000-375-l-30-m-0.b-FFF-0-0-0-49.b-0083cd-6.t-4-1045972-osr-14-5-565656-480-l-100-b-40.wm-rm-100-bl-24-24.png", "site_section": "http://www.kp.ru/rss/allsections.xml", "section_title": "KP.RU :: Комсомольская правда", "url": "http://www.kp.ru/online/news/2527635/", "country": "RU", "domain_rank": 1696, "title": "МИД Сирии отметил вклад Москвы в борьбу с терроризмом", "performance_score": 0, "site": "kp.ru", "participants_count": 0, "title_full": "МИД Сирии отметил вклад Москвы в борьбу с терроризмом", "spam_score": 0.0, "site_type": "news", "published": "2016-10-03T00:19:00.000+03:00", "replies_count": 0, "uuid": "87e96d8fed8cab9305c9933fff74fa03e9b3e713"}, "author": "", "url": "http://www.kp.ru/online/news/2527635/", "ord_in_thread": 0, "title": "МИД Сирии отметил вклад Москвы в борьбу с терроризмом", "locations": [], "entities": {"persons": [], "locations": [], "organizations": []}, "highlightText": "", "language": "russian", "persons": [], "text": "МИД Сирии отметил вклад Москвы в борьбу с терроризмом Заявление было сделано в связи с годовщиной операции российских ВКС против боевиков \nВоздушно-космические силы (ВКС) России доказали серьезность государства в борьбе с террористическими группировками в Сирии . Об этом заявил МИД ближневосточной страны. \n«Действия ВКС РФ в Сирии подтвердили серьезность и действенность намерений России в борьбе с террором. Российская военная поддержка в противодействии террору привела к снижению активности экстремистов и не дала возможности распространиться террору на другие государства», - приводит агентство SANA заявление МИД. \nТакже отмечается, что полностью прекратились случаи воровства группировкой «Исламское государство» (запрещена в России) сирийской нефти, а значит, организация лишилась основного источника финансирования. \nЗаявление было сделано в связи с годовщиной российской операции против запрещенных в России «Исламского государства» и «Джебхата ан-Нусры» на территории Сирии, начавшейся 30 сентября 2015 года. При поддержке Москвы правительственные войска освободили около 400 населенных пунктов.  ", "external_links": [], "published": "2016-10-03T00:19:00.000+03:00", "crawled": "2016-10-02T19:43:41.546+03:00", "highlightTitle": ""}