{"organizations": [], "uuid": "bc47e1a5d302ecbccdf4b740e2a84cb9bfefef86", "thread": {"social": {"gplus": {"shares": 0}, "pinterest": {"shares": 0}, "vk": {"shares": 0}, "linkedin": {"shares": 0}, "facebook": {"likes": 0, "shares": 0, "comments": 0}, "stumbledupon": {"shares": 0}}, "site_full": "www.sports.ru", "main_image": "https://s5o.ru/common/images/i/logo/300x300_sports.png", "site_section": "http://www.sports.ru/rss/all_news.xml", "section_title": "Новости - Футбол, хоккей, баскетбол, теннис, бокс, Формула-1 – все новости спорта на Sports.ru", "url": "http://www.sports.ru/boxing/1044410755.html", "country": "RU", "domain_rank": 2139, "title": "«Де Ла Хойя опекает Канело, как мамочка, а так всё нормально» — Арум", "performance_score": 0, "site": "sports.ru", "participants_count": 0, "title_full": "«Де Ла Хойя опекает Канело, как мамочка, а так всё нормально» — Арум", "spam_score": 0.0, "site_type": "news", "published": "2016-10-01T16:51:00.000+03:00", "replies_count": 0, "uuid": "bc47e1a5d302ecbccdf4b740e2a84cb9bfefef86"}, "author": "", "url": "http://www.sports.ru/boxing/1044410755.html", "ord_in_thread": 0, "title": "«Де Ла Хойя опекает Канело, как мамочка, а так всё нормально» — Арум", "locations": [], "entities": {"persons": [], "locations": [], "organizations": []}, "highlightText": "", "language": "russian", "persons": [], "text": "прямо сейчас «Де Ла Хойя опекает Канело, как мамочка, а так всё нормально» — Арум Теги Оскар Де Ла Хойя Боб Арум Top Rank Golden Boy Promotions Эл Хэймон Сауль Альварес Глава промоутерской компании Top Rank Боб Арум на старости лет хочет зарыть топор войны с влиятельными коллегами во благо бокса и масштабных противостояний. По словам Боба, предвещающего боксу небывалый прогресс, у него уже налажено полное взаимопонимание с Элом Хэймоном, и в Оскаре Де Ла Хойе он также видит желание делать общее дело. И только одно мексиканское «но» мешает картине принять окончательно позитивный вид. «Сейчас я много общаюсь с другими промоутерами. У меня были долгие переговоры с Элом Хэймоном, и он понимает, что мы должны делать интересные, хорошие поединки. Так что с ним проблем точно не будет, – обещает Арум. – Что до Оскара, то за исключением Канело Альвареса, которого он опекает, как мамочка, он также хочет, чтобы его бойцы участвовали в больших и серьёзных боях».", "external_links": [], "published": "2016-10-01T16:51:00.000+03:00", "crawled": "2016-10-01T11:56:31.993+03:00", "highlightTitle": ""}