{"organizations": [], "uuid": "c3819aede0a7230a90f59c4caa07098ae1385c06", "thread": {"social": {"gplus": {"shares": 0}, "pinterest": {"shares": 0}, "vk": {"shares": 0}, "linkedin": {"shares": 0}, "facebook": {"likes": 0, "shares": 0, "comments": 0}, "stumbledupon": {"shares": 0}}, "site_full": "www.sports.ru", "main_image": "https://s5o.ru/common/images/i/logo/300x300_sports.png", "site_section": "http://www.sports.ru/rss/all_news.xml", "section_title": "Новости - Футбол, хоккей, баскетбол, теннис, бокс, Формула-1 – все новости спорта на Sports.ru", "url": "http://www.sports.ru/football/1044432055.html", "country": "RU", "domain_rank": 2139, "title": "Руслан Пименов: «Многие футболисты «Локо» не отвечают требованиям Семина»", "performance_score": 0, "site": "sports.ru", "participants_count": 0, "title_full": "Руслан Пименов: «Многие футболисты «Локо» не отвечают требованиям Семина»", "spam_score": 0.0, "site_type": "news", "published": "2016-10-02T11:54:00.000+03:00", "replies_count": 0, "uuid": "c3819aede0a7230a90f59c4caa07098ae1385c06"}, "author": "", "url": "http://www.sports.ru/football/1044432055.html", "ord_in_thread": 0, "title": "Руслан Пименов: «Многие футболисты «Локо» не отвечают требованиям Семина»", "locations": [], "entities": {"persons": [], "locations": [], "organizations": []}, "highlightText": "", "language": "russian", "persons": [], "text": "Теги Локомотив Руслан Пименов Юрий Семин Премьер-лига Россия Арсенал Тула Бывший нападающий «Локомотива» Руслан Пименов после матча 9-го тура премьер-лиги с «Арсеналом» (1:1) выразил мнение, что многие футболисты «железнодорожников» не отвечают требованиям главного тренера Юрия Семина. Футболист не стал конкретизировать. – Главный тренер дал указание футболистам подумать, как им играть лучше. Ожидаете какие-то меры со стороны Семина? — вопрос Пименову. – Команду нужно встряхнуть. Многие футболисты не отвечают требованиями Юрия Павловича. – Кто именно?", "external_links": [], "published": "2016-10-02T11:54:00.000+03:00", "crawled": "2016-10-02T07:55:57.130+03:00", "highlightTitle": ""}