{"organizations": [], "uuid": "6a533e989e2b82635738096ecac71671328da8c7", "thread": {"social": {"gplus": {"shares": 0}, "pinterest": {"shares": 0}, "vk": {"shares": 0}, "linkedin": {"shares": 0}, "facebook": {"likes": 23, "shares": 23, "comments": 0}, "stumbledupon": {"shares": 0}}, "site_full": "kommersant.ru", "main_image": "http://im1.kommersant.ru/SocialPics/3105482_26_0_2059125832", "site_section": "", "section_title": "", "url": "http://kommersant.ru/gallery/3105482", "country": "RU", "domain_rank": 3250, "title": "Ъ-Фото - Comic Con 2016", "performance_score": 0, "site": "kommersant.ru", "participants_count": 0, "title_full": "Ъ-Фото - Comic Con 2016", "spam_score": 0.136, "site_type": "news", "published": "2016-10-02T10:55:00.000+03:00", "replies_count": 0, "uuid": "6a533e989e2b82635738096ecac71671328da8c7"}, "author": "", "url": "http://kommersant.ru/gallery/3105482", "ord_in_thread": 0, "title": "Ъ-Фото - Comic Con 2016", "locations": [], "entities": {"persons": [], "locations": [], "organizations": []}, "highlightText": "", "language": "russian", "persons": [], "text": "ПАО «Аэрофлот» — официальный авиа­поставщик АО «Коммерсантъ» 16+ ", "external_links": [], "published": "2016-10-02T10:55:00.000+03:00", "crawled": "2016-10-02T03:14:47.431+03:00", "highlightTitle": ""}