{"organizations": [], "uuid": "7502fb44a90efc52e58f813c9e27d26342c8df19", "thread": {"social": {"gplus": {"shares": 0}, "pinterest": {"shares": 0}, "vk": {"shares": 0}, "linkedin": {"shares": 0}, "facebook": {"likes": 0, "shares": 0, "comments": 0}, "stumbledupon": {"shares": 0}}, "site_full": "www.forexpf.ru", "main_image": "http://www.forexpf.ru/img/top01-200x200.jpg", "site_section": "http://www.forexpf.ru/fond.xml", "section_title": "Forexpf.Ru: Новости и комментарии по ситуации на ...", "url": "http://www.forexpf.ru/news/2016/09/30/b8en-neft-polzuetsya-sprosom-na-spadakh-credit-suisse-pozitivno-otsenivaet-reshenie-o.html", "country": "RU", "domain_rank": 3021, "title": "Нефть пользуется спросом на спадах. ...", "performance_score": 0, "site": "forexpf.ru", "participants_count": 0, "title_full": "Нефть пользуется спросом на спадах. ...", "spam_score": 0.0, "site_type": "news", "published": "2016-09-30T22:23:00.000+03:00", "replies_count": 0, "uuid": "7502fb44a90efc52e58f813c9e27d26342c8df19"}, "author": "", "url": "http://www.forexpf.ru/news/2016/09/30/b8en-neft-polzuetsya-sprosom-na-spadakh-credit-suisse-pozitivno-otsenivaet-reshenie-o.html", "ord_in_thread": 0, "title": "Нефть пользуется спросом на спадах. ...", "locations": [], "entities": {"persons": [], "locations": [], "organizations": []}, "highlightText": "", "language": "russian", "persons": [], "text": "Нефть пользуется спросом на спадах. Credit Suisse позитивно оценивает решение ОПЕК Фондовый рынок Блоггерам Печать В избранное RSS Рост цен после объявления итогов встречи в Алжире оказался недолгим, однако и последующее снижение цен на фоне фиксации прибыли нельзя назвать значительным. Движение привлекло свежий интерес к покупке, тон торгов остается конструктивным, а последние изменения в технической картине предполагают некоторое усиление позиций быков. Прорыв верхней границы треугольной формации и закрытие дня выше предполагают смещение фокуса к $50.14/26 (максимум 08/09 и линия сопротивления с 09/06), тогда как прорыв этого сопротивления откроет дорогу к $51.20 и $52.30. Аналитики Credit Suisse, комментируя ситуацию на рынке нефти, отмечают, что, в то время как причин для ощутимого и устойчивого роста цен нет, решение ОПЕК сократить добычу не следует недооценивать. Способность достичь соглашения указывает на то, что производители устали от ценовых войн. Многие обозреватели поспешили заявить, что решение ОПЕК ничего не меняет, но в Credit Suisse с ними не согласны и обращают внимание на то, что целью было не спровоцировать рост нефти, а стабилизировать цены. В Credit Suisse полагают, что эта цель ОПЕК будет достигнута и риски новой медвежьей фазы на рынке устранены. Вместе с тем, в банке не думают, что ОПЕК сможет вернуть себе роль жандарма рынка. Credit Suisse придерживается прогноза по цене нефти брент на четвертый квартал на уровне $45.75, прогноз на первый квартал 2017 составляет $46.00, на второй - $56 за баррель.  ", "external_links": [], "published": "2016-09-30T22:23:00.000+03:00", "crawled": "2016-10-01T01:28:24.972+03:00", "highlightTitle": ""}