{"organizations": [], "uuid": "65f98d96f440b754517a4a1e3848d19bdfe07196", "thread": {"social": {"gplus": {"shares": 0}, "pinterest": {"shares": 0}, "vk": {"shares": 0}, "linkedin": {"shares": 0}, "facebook": {"likes": 0, "shares": 0, "comments": 0}, "stumbledupon": {"shares": 0}}, "site_full": "www.championat.com", "main_image": "https://img.championat.com/news2/social/3/01/2596056.jpg", "site_section": "http://www.championat.com/xml/rss.xml", "section_title": "Чемпионат.com  (новости)", "url": "https://www.championat.com/basketball/news-2596056-rouz-entoni-zabotlivyj-paren-i-on-ne-hochet-vnimanija.html", "country": "RU", "domain_rank": 1710, "title": "Роуз: Энтони — заботливый парень, и он не хочет внимания", "performance_score": 0, "site": "championat.com", "participants_count": 0, "title_full": "Роуз: Энтони — заботливый парень, и он не хочет внимания", "spam_score": 0.0, "site_type": "news", "published": "2016-10-03T00:33:00.000+03:00", "replies_count": 0, "uuid": "65f98d96f440b754517a4a1e3848d19bdfe07196"}, "author": "", "url": "https://www.championat.com/basketball/news-2596056-rouz-entoni-zabotlivyj-paren-i-on-ne-hochet-vnimanija.html", "ord_in_thread": 0, "title": "Роуз: Энтони — заботливый парень, и он не хочет внимания", "locations": [], "entities": {"persons": [], "locations": [], "organizations": []}, "highlightText": "", "language": "russian", "persons": [], "text": "Роуз: Энтони — заботливый парень, и он не хочет внимания  33. Баскетбол Разыгрывающий «Нью-Йорк Никс» Деррик Роуз призвал не создавать негативный образ Кармело Энтони из-за его высказываний о социальном неравенстве и призывов к миру между полицейскими и чернокожими жителями в США. «Он такой, и я его за это уважаю. Последнее, чего он хочет, это навязать какое-то мнение какой-то группе людей. Но таков уж он. Мне нравится то, как он заботится и думает о людях. Я не хочу, чтобы люди рисовали его образ, который не соответствует действительности. Он заботливый, любящий парень, и последнее, чего он хочет, это внимание, которое к нему приковано из-за его борьбы. Конечно, люди будут делать из этого собственные истории, но члены команды знают о его сердце и о том, что его заботит», — цитирует Роуза North Jersey.", "external_links": [], "published": "2016-10-03T00:33:00.000+03:00", "crawled": "2016-10-02T19:39:41.164+03:00", "highlightTitle": ""}