{"organizations": [], "uuid": "6a05c6b552155684a73c4f21f1617a764224e000", "thread": {"social": {"gplus": {"shares": 0}, "pinterest": {"shares": 0}, "vk": {"shares": 0}, "linkedin": {"shares": 0}, "facebook": {"likes": 28, "shares": 28, "comments": 0}, "stumbledupon": {"shares": 0}}, "site_full": "www.vesti.ru", "main_image": "//cdn-st1.rtr-vesti.ru/p/xw_1300693.jpg", "site_section": "http://www.vesti.ru/vesti.rss", "section_title": "ВЕСТИ", "url": "http://www.vesti.ru/doc.html?id=2805349", "country": "RU", "domain_rank": 1536, "title": "SpaceX подозревает конкурентов во взрыве своей ракеты", "performance_score": 0, "site": "vesti.ru", "participants_count": 0, "title_full": "SpaceX подозревает конкурентов во взрыве своей ракеты", "spam_score": 0.0, "site_type": "news", "published": "2016-10-02T07:45:00.000+03:00", "replies_count": 0, "uuid": "6a05c6b552155684a73c4f21f1617a764224e000"}, "author": "", "url": "http://www.vesti.ru/doc.html?id=2805349", "ord_in_thread": 0, "title": "SpaceX подозревает конкурентов во взрыве своей ракеты", "locations": [], "entities": {"persons": [], "locations": [], "organizations": []}, "highlightText": "", "language": "russian", "persons": [], "text": "2 октября 2016 02:45 SpaceX подозревает конкурентов во взрыве своей ракеты \nАмериканская компания SpaceX подозревает, что ее конкурент – консорциум United Launch Alliance – причастен к аварии ракеты Falcon 9. Информация об этом появилась в газете The Washington Post . \nКак уточняется, сотрудник SpaceX посетил объект ULA, расположенный на мысе Канаверал (штат Флорида) и попросил предоставить ему доступ на крышу одного из зданий, принадлежащих консорциуму. Здание располагается недалеко от пусковой площадки, где и произошла авария. В рамках расследования инцидента компания SpaceX хотела проверить одну особенность, вызвавшую подозрение. На видеозаписи взрыва специалисты компании обнаружили странную тень, а позже – белое пятно на здании ULA, расположенном неподалеку. \nКак представитель SpaceX объяснил конкурентам, его компания прорабатывает все возможные версии аварии. Но в ULA ему не разрешили попасть на крышу того самого здания. Сотрудники консорциума вызвали специалиста из Военно-вооруженных сил США. Он осмотрел крышу и не нашел ничего подозрительного, что могло быть связано со взрывом ракеты Falcon 9. \nПо данным газеты, сам Илон Маск , глава SpaceX, не отрицает версию о саботаже. ULA – совместное предприятие авиационного гиганта Boeing и Lockheed Martin. \n1 сентября на космодроме, расположенном на мысе Канаверал, на площадке SpaceX взорвалась ракета Falcon 9 с израильским спутником связи Amos-6. В результате инцидента никто не пострадал, напоминает ТАСС .", "external_links": [], "published": "2016-10-02T07:45:00.000+03:00", "crawled": "2016-10-02T05:31:30.282+03:00", "highlightTitle": ""}