{"organizations": [], "uuid": "fb374a66b7028329bb9e06343224a043f12c6b74", "thread": {"social": {"gplus": {"shares": 0}, "pinterest": {"shares": 0}, "vk": {"shares": 0}, "linkedin": {"shares": 0}, "facebook": {"likes": 0, "shares": 0, "comments": 0}, "stumbledupon": {"shares": 0}}, "site_full": "news.rambler.ru", "main_image": "https://news.rambler.ru/share/snippets/34866863/a7fb85e118bebc544bf13c5b3f1da521.png", "site_section": "http://news.rambler.ru/rss/Denmark/", "section_title": "Дания — Рамблер/новости", "url": "https://news.rambler.ru/europe/34866863-kevin-magnussen-kogda-mashina-vspyhnula-menya-ne-prishlos-dvazhdy-prosit-pokinut-bolid/", "country": "RU", "domain_rank": 289, "title": "Кевин Магнуссен: «Когда машина вспыхнула, меня не пришлось дважды просить покинуть болид»", "performance_score": 0, "site": "rambler.ru", "participants_count": 1, "title_full": "Кевин Магнуссен: «Когда машина вспыхнула, меня не пришлось дважды просить покинуть болид»", "spam_score": 0.0, "site_type": "news", "published": "2016-09-30T19:49:00.000+03:00", "replies_count": 0, "uuid": "fb374a66b7028329bb9e06343224a043f12c6b74"}, "author": "СПОРТ-ЭКСПРЕСС", "url": "https://news.rambler.ru/europe/34866863-kevin-magnussen-kogda-mashina-vspyhnula-menya-ne-prishlos-dvazhdy-prosit-pokinut-bolid/", "ord_in_thread": 0, "title": "Кевин Магнуссен: «Когда машина вспыхнула, меня не пришлось дважды просить покинуть болид»", "locations": [], "entities": {"persons": [], "locations": [], "organizations": []}, "highlightText": "", "language": "russian", "persons": [], "text": "  Пилот \"Рено\" Кевин Магнуссен поблагодарил команду за оперативную работу во время пятничных свободных заездов, когда случился инцидент с возгоранием машины. Болид датчанина загорелся на пит-лейне во время первой практике. – Мы ждали, что на Сепанге будет жарко, но не думали, что до такой степени, – цитирует F1i Магнуссена. – Моя команда сработала эффективно, локализовала огонь и починила машину ко второй практике. Да, я услышал приказ по радио срочно покинуть машину. Поверьте, дважды меня просить не пришлось. Во второй сессии мы смогли проехать несколько кругов, так что день не был пустым. Но исходные настройки не подходят. Слишком большая поворачиваемость.", "external_links": [], "published": "2016-09-30T19:49:00.000+03:00", "crawled": "2016-10-01T00:09:10.302+03:00", "highlightTitle": ""}