{"organizations": [], "uuid": "c5fb7d10f477e437adb3b304e94db826305dce4e", "thread": {"social": {"gplus": {"shares": 0}, "pinterest": {"shares": 0}, "vk": {"shares": 0}, "linkedin": {"shares": 0}, "facebook": {"likes": 0, "shares": 0, "comments": 0}, "stumbledupon": {"shares": 0}}, "site_full": "news.rambler.ru", "main_image": "https://news.rambler.ru/share/snippets/34879135/e0dd0030c970acca0f594a0e71bfbe17.png", "site_section": "http://news.rambler.ru/rss/Sharjah/", "section_title": "Шарджа — Рамблер/новости", "url": "https://news.rambler.ru/asia/34879135-oae-potratyat-50-mln-dollarov-na-vosstanovlenie-mosula/", "country": "RU", "domain_rank": 289, "title": "ОАЭ потратят 50 млн долларов на восстановление Мосула", "performance_score": 0, "site": "rambler.ru", "participants_count": 1, "title_full": "ОАЭ потратят 50 млн долларов на восстановление Мосула", "spam_score": 0.0, "site_type": "news", "published": "2016-10-03T02:28:00.000+03:00", "replies_count": 0, "uuid": "c5fb7d10f477e437adb3b304e94db826305dce4e"}, "author": "Федеральное агентство новостей", "url": "https://news.rambler.ru/asia/34879135-oae-potratyat-50-mln-dollarov-na-vosstanovlenie-mosula/", "ord_in_thread": 0, "title": "ОАЭ потратят 50 млн долларов на восстановление Мосула", "locations": [], "entities": {"persons": [], "locations": [], "organizations": []}, "highlightText": "", "language": "russian", "persons": [], "text": "Фото: Федеральное агентство новостей Дубай, 2 октября. Объединённые Арабские Эмираты намерены потратить приблизительно 50 миллионов долларов на восстановление Мосула. Согласно предварительной информации, все средства пойдут на поддержание стабильности и восстановления иракского города после того, как город перестанут контролировать боевики так называемого «Исламского государства» (ИГ, ИГИЛ, арабское название — ДАИШ, данная организация запрещена на территории Российской Федерации). Необходимо также отметить тот факт, что за последние пять лет ОАЭ выделили Ираку около 180 миллионов долларов Напомним, ранее стало известно о том, что иракские правительственные войска намерены освободить Мосул, который контролируют исламские радикалы, «быстро и неожиданно». Читайте по теме: Сирия, сводка на 2 октября, 19. Это неполный текст новости", "external_links": [], "published": "2016-10-03T02:28:00.000+03:00", "crawled": "2016-10-03T01:12:32.394+03:00", "highlightTitle": ""}