{"organizations": [], "uuid": "63c52dd9af4dad2306e74c3dc7321b6695e6385c", "thread": {"social": {"gplus": {"shares": 3}, "pinterest": {"shares": 0}, "vk": {"shares": 0}, "linkedin": {"shares": 0}, "facebook": {"likes": 22, "shares": 22, "comments": 0}, "stumbledupon": {"shares": 0}}, "site_full": "russian.rt.com", "main_image": "https://russian.rt.com/static/blocks/og-img/pl-16.jpg", "site_section": "http://russian.rt.com/rss/", "section_title": "RT на русском", "url": "https://russian.rt.com/article/323817-shuvalov-proekt-postanovleniya-po-privatizacii-bashnefti-peredan", "country": "US", "domain_rank": 538, "title": "Проект постановления по приватизации «Башнефти» передан в аппарат правительства", "performance_score": 0, "site": "rt.com", "participants_count": 1, "title_full": "Проект постановления по приватизации «Башнефти» передан в аппарат правительства", "spam_score": 0.0, "site_type": "news", "published": "2016-10-01T18:42:00.000+03:00", "replies_count": 0, "uuid": "63c52dd9af4dad2306e74c3dc7321b6695e6385c"}, "author": "RT на русском", "url": "https://russian.rt.com/article/323817-shuvalov-proekt-postanovleniya-po-privatizacii-bashnefti-peredan", "ord_in_thread": 0, "title": "Проект постановления по приватизации «Башнефти» передан в аппарат правительства", "locations": [], "entities": {"persons": [], "locations": [], "organizations": []}, "highlightText": "", "language": "russian", "persons": [], "text": "Короткая ссылка 1 октября 2016, 13:42 Проект постановления по началу процедуры приватизации «Башнефти» передан в аппарат правительства России. Об этом сообщил первый вице-премьер России Игорь Шувалов. \n«Мы отдали с утра», — приводит РИА Новости слова Шувалова. Вице-премьер также отметил, что ему неизвестно, подписан ли документ. \nВ то же время, как сообщает агентство, глава Башкирии Рустэм Хамитов заявил, что все компании, которые заинтересованы в приватизации «Башнефти», пообещали учесть интересы республики. Кроме того, уже были проведены консультации с «Роснефтью» и «Лукойлом». \n«Мы не возражаем, вот сейчас мы не возражаем. Уже решение принято второй раз. Наши интересы будут учтены с этими участниками, которые сегодня планируют участвовать (в приватизации. — RT )», — подчеркнул Хамитов. \nРанее премьер-министр России Дмитрий Медведев подтвердил планы по приватизации «Роснефти» и «Башнефти» в 2016 году. Подписывайтесь на наш Telegram , чтобы быть в курсе самых важных новостей. Для этого достаточно иметь Telegram на любом устройстве, пройти по ссылке и нажать кнопку Join.", "external_links": [], "published": "2016-10-01T18:42:00.000+03:00", "crawled": "2016-10-01T14:46:33.035+03:00", "highlightTitle": ""}