{"organizations": [], "uuid": "7e91abdacae01ee45a56d66da4fdd2b47f1abe1d", "thread": {"social": {"gplus": {"shares": 0}, "pinterest": {"shares": 0}, "vk": {"shares": 0}, "linkedin": {"shares": 0}, "facebook": {"likes": 1, "shares": 1, "comments": 0}, "stumbledupon": {"shares": 0}}, "site_full": "www.newsru.com", "main_image": "http://image.newsru.com/v2/09/2016/10//.jpg", "site_section": "http://feeds.newsru.com/ua/www/news/all", "section_title": "NEWSru.com :: Все новости", "url": "http://www.newsru.com/cinema/03oct2016/film.html", "country": "RU", "domain_rank": 3073, "title": "Фильм Алексея Мизгирева \"Дуэлянт\" стал лидером российского проката", "performance_score": 0, "site": "newsru.com", "participants_count": 0, "title_full": "Фильм Алексея Мизгирева \"Дуэлянт\" стал лидером российского проката", "spam_score": 0.0, "site_type": "news", "published": "2016-10-03T18:18:00.000+03:00", "replies_count": 0, "uuid": "7e91abdacae01ee45a56d66da4fdd2b47f1abe1d"}, "author": "", "url": "http://www.newsru.com/cinema/03oct2016/film.html", "ord_in_thread": 0, "title": "Фильм Алексея Мизгирева \"Дуэлянт\" стал лидером российского проката", "locations": [], "entities": {"persons": [], "locations": [], "organizations": []}, "highlightText": "", "language": "russian", "persons": [], "text": "Фильм Алексея Мизгирева \"Дуэлянт\" стал лидером российского проката  18  18 \nРоссийский фильм \"Дуэлянт\" режиссера Алексея Мизгирева стал лидером кинопроката России и СНГ. Об этом сообщает Kinobusiness.com со ссылкой на предварительные и неофициальные данные за уикенд с 29 сентября по 2 октября. По данным издания, картина заработала 159,7 млн рублей. Второе место, по тем же сведениям, по итогам проката за уикенд занимает американский компьютерно-анимационный фильм, снятый Николасом Столлером и Дагом Свитлендом, \"Аисты\" (70,9 млн руб.). Третьим стал триллер Питера Берга \"Глубоководный горизонт\" (69,9 млн руб.). Четвертое место получил фильм Александра Незлобина \"Жених\", собравший 41,7 млн рублей, пятой стала картина Джареда Хесса \"Зачинщики\" (40 млн руб.). В фильме \"Дуэлянт\" снимались актеры Петр Федоров, Владимир Машков, Александр Яценко, Сергей Гармаш, Юрий Колокольников, Павел Табаков, Юлия Хлынина, а также немецкая актриса Франциска Петри и немецкий актер и театральный режиссер Мартин Вуттке. Ранее журнал Hello! назвал фильм Мизгирева одним из самых ожидаемых проектов российского проката. Это третья российская картина, снятая в формате IMAX.", "external_links": [], "published": "2016-10-03T18:18:00.000+03:00", "crawled": "2016-10-03T13:21:58.077+03:00", "highlightTitle": ""}