{"organizations": [], "uuid": "78c84a21f9e93ac4eb96b077227ad5b963afebb7", "thread": {"social": {"gplus": {"shares": 0}, "pinterest": {"shares": 0}, "vk": {"shares": 0}, "linkedin": {"shares": 0}, "facebook": {"likes": 0, "shares": 0, "comments": 0}, "stumbledupon": {"shares": 0}}, "site_full": "news.rambler.ru", "main_image": "https://news.rambler.ru/share/snippets/34885595/331e04bf9e93a4026c68e25d47f70324.png", "site_section": "http://news.rambler.ru/rss/weather/", "section_title": "Погода — Рамблер/новости", "url": "https://news.rambler.ru/weather/34885595-v-udmurtii-ozhidaetsya-poteplenie-v-sredine-nedeli/", "country": "RU", "domain_rank": 289, "title": "В Удмуртии ожидается потепление в средине недели", "performance_score": 0, "site": "rambler.ru", "participants_count": 1, "title_full": "В Удмуртии ожидается потепление в средине недели", "spam_score": 0.0, "site_type": "news", "published": "2016-10-03T19:11:00.000+03:00", "replies_count": 0, "uuid": "78c84a21f9e93ac4eb96b077227ad5b963afebb7"}, "author": "d-kvadrat.ru", "url": "https://news.rambler.ru/weather/34885595-v-udmurtii-ozhidaetsya-poteplenie-v-sredine-nedeli/", "ord_in_thread": 0, "title": "В Удмуртии ожидается потепление в средине недели", "locations": [], "entities": {"persons": [], "locations": [], "organizations": []}, "highlightText": "", "language": "russian", "persons": [], "text": "  Сегодня, 3 октября, в большинстве районов республики пройдут небольшие, местами умеренные дожди. Завтра по северным районам республики сохранится вероятность умеренных дождей, в центральных и южных районах небольшие дожди прогнозируются лишь местами, а температура воздуха в регионе вырастет до 11–16 °С. В среду, 5 октября, по прогнозу синоптиков будет наблюдаться тихая погода с переменной облачностью, в большинстве районов без осадков. Температура воздуха поднимется до 12–17 °С.  ", "external_links": [], "published": "2016-10-03T19:11:00.000+03:00", "crawled": "2016-10-03T14:53:44.613+03:00", "highlightTitle": ""}