{"organizations": [], "uuid": "e1d322633ed7a04cd98cbea9988f15a4f44abf05", "thread": {"social": {"gplus": {"shares": 0}, "pinterest": {"shares": 0}, "vk": {"shares": 0}, "linkedin": {"shares": 0}, "facebook": {"likes": 0, "shares": 0, "comments": 0}, "stumbledupon": {"shares": 0}}, "site_full": "www.perm.aif.ru", "main_image": "http://images.aif.ru/010/137/5a0fbf372af8c52a4a7c50822d59d137.JPG", "site_section": "http://www.perm.aif.ru/rss/all.php", "section_title": "АиФ-Прикамье", "url": "http://www.perm.aif.ru/society/people/v_permi_dlya_bezrabotnyh_provodyat_zanyatiya_po_art-terapii", "country": "RU", "domain_rank": 3127, "title": "В Перми для безработных проводят занятия по арт-терапии", "performance_score": 0, "site": "aif.ru", "participants_count": 0, "title_full": "В Перми для безработных проводят занятия по арт-терапии", "spam_score": 0.0, "site_type": "news", "published": "2016-10-03T19:29:00.000+03:00", "replies_count": 0, "uuid": "e1d322633ed7a04cd98cbea9988f15a4f44abf05"}, "author": "", "url": "http://www.perm.aif.ru/society/people/v_permi_dlya_bezrabotnyh_provodyat_zanyatiya_po_art-terapii", "ord_in_thread": 0, "title": "В Перми для безработных проводят занятия по арт-терапии", "locations": [], "entities": {"persons": [], "locations": [], "organizations": []}, "highlightText": "", "language": "russian", "persons": [], "text": "В Перми для безработных проводят занятия по арт-терапии Таким образом центры занятости оказывают психологическую поддержку людям, ищущим работу Алина Менькова / АиФ Пермь, 3 октября - АиФ-Прикамье. \nКурсы арт-терапии проводят в Перми специалисты-профконсультанты для безработных граждан. Участникам необычных мастер-классов предлагают на несколько часов стать художниками своей жизни. \n«Эффективная психологическая поддержка, которую получают люди, посещая тренинги и семинары, часто становится решающим фактором в их благополучном трудоустройстве, помогая преодолеть последствия безработицы, поднять самооценку, снять состояние стресса, развить необходимые навыки, повысив тем самым свою конкурентоспособность на рынке труда», – отмечают специалисты службы занятости. \nЗанятие по арт-терапии проводится по запросу для безработных, состоящих на учете в центре занятости. Также гражданам, находящимся в поиске работы, предлагают пройти занятия по релаксу, где они могут снять эмоциональное напряжение.", "external_links": [], "published": "2016-10-03T19:29:00.000+03:00", "crawled": "2016-10-03T18:55:43.437+03:00", "highlightTitle": ""}