{"organizations": [], "uuid": "a0379865596fa4045e3518a3823507a402dff9d7", "thread": {"social": {"gplus": {"shares": 0}, "pinterest": {"shares": 0}, "vk": {"shares": 0}, "linkedin": {"shares": 0}, "facebook": {"likes": 5, "shares": 5, "comments": 0}, "stumbledupon": {"shares": 0}}, "site_full": "rg.ru", "main_image": "https://cdnimg.rg.ru/img/content/131/45/27/RIAN_02940730.HR.ru_(1)_t_650x433.jpg", "site_section": "", "section_title": "", "url": "https://rg.ru/2016/10/01/reg-ufo/v-krymu-rasskazali-pochemu-ssha-ne-priznaiut-zapret-medzhlisa.html", "country": "RU", "domain_rank": 3002, "title": "В Крыму рассказали, почему США не признают запрет меджлиса — Российская газета", "performance_score": 0, "site": "rg.ru", "participants_count": 0, "title_full": "В Крыму рассказали, почему США не признают запрет меджлиса — Российская газета", "spam_score": 0.562, "site_type": "news", "published": "2016-10-01T22:17:00.000+03:00", "replies_count": 0, "uuid": "a0379865596fa4045e3518a3823507a402dff9d7"}, "author": "", "url": "https://rg.ru/2016/10/01/reg-ufo/v-krymu-rasskazali-pochemu-ssha-ne-priznaiut-zapret-medzhlisa.html", "ord_in_thread": 0, "title": "В Крыму рассказали, почему США не признают запрет меджлиса — Российская газета", "locations": [], "entities": {"persons": [], "locations": [], "organizations": []}, "highlightText": "", "language": "russian", "persons": [], "text": "Текст: Юлия Крымова (Симферополь) \n\"Меджлис крымско-татарского народа\", признанный в России экстремистской организацией, является продуктом американских спецслужб, поэтому госдеп США не признает его запрет в России. Об этом заявил сегодня вице-премьер правительства Крыма Дмитрий Полонский. читайте также Поклонская назвала объективным запрет меджлиса в России \n- Как они могут отказаться поддерживать то, что сами создали и сами финансируют, - цитирует Полонского РИА Новости . \nНапомним, Верховный суд РФ признал законным решение Верховного суда Крыма, который отнес \"Меджлис крымско-татарского народа\" к экстремистским организациям и запретил его деятельность в России. В ответ госдепартамент США заявил, что не признает решение российского суда. \nВице-премьер Крыма считает, что спецслужбы США хотели бы и дальше использовать организацию для продвижения своих интересов. \n- Это их детище, это их любимый ребенок, которого они пестовали еще в бытность Крыма в составе Украины, - уверен Полонский. - Они создавали этот меджлис как орган противодействия русскому большинству на территории полуострова, тем самым внося раскол в межнациональные отношения на нашем многонациональном полуострове. Читайте в рубрике Власть ", "external_links": [], "published": "2016-10-01T22:17:00.000+03:00", "crawled": "2016-10-01T14:25:50.866+03:00", "highlightTitle": ""}