{"organizations": [], "uuid": "4a0066eaf376afa4f8ef54443d2b09bcd1e14bd4", "thread": {"social": {"gplus": {"shares": 0}, "pinterest": {"shares": 0}, "vk": {"shares": 0}, "linkedin": {"shares": 0}, "facebook": {"likes": 0, "shares": 0, "comments": 0}, "stumbledupon": {"shares": 0}}, "site_full": "www.aif.ru", "main_image": "http://images.aif.ru/010/131/10abf16cb2aef6d108ab56d74fee2cb5.jpg", "site_section": "http://www.aif.ru/rss/all.php", "section_title": "Аргументы и Факты", "url": "http://www.aif.ru/incidents/dva_cheloveka_pogibli_v_rezultate_dtp_na_ostanovke_v_moskve", "country": "RU", "domain_rank": 3127, "title": "Два человека погибли в результате ДТП на остановке в Москве", "performance_score": 0, "site": "aif.ru", "participants_count": 0, "title_full": "Два человека погибли в результате ДТП на остановке в Москве", "spam_score": 0.0, "site_type": "news", "published": "2016-10-03T00:32:00.000+03:00", "replies_count": 0, "uuid": "4a0066eaf376afa4f8ef54443d2b09bcd1e14bd4"}, "author": "", "url": "http://www.aif.ru/incidents/dva_cheloveka_pogibli_v_rezultate_dtp_na_ostanovke_v_moskve", "ord_in_thread": 0, "title": "Два человека погибли в результате ДТП на остановке в Москве", "locations": [], "entities": {"persons": [], "locations": [], "organizations": []}, "highlightText": "", "language": "russian", "persons": [], "text": "Два человека погибли в результате ДТП на остановке в Москве Людей сбил легковой автомобиль, водитель которого не справился с управлением pixabay.com Москва, 2 октября - АиФ-Москва. \nНа востоке Москвы в результате ДТП на остановке общественного транспорта погибли два человека, включая подростка, еще двое пострадали, передает ТАСС со ссылкой на столичную Госавтоинспекцию. \nПо информации ведомства, водитель автомобиля Hyundai Solaris не справился с управлением, выехал на остановку общественного транспорта и сбил несколько человек. \nВ результате дорожного инцидента один человек погиб на месте, второй скончался в больнице. Два человека получили травмы различной степени тяжести. \nОбстоятельства аварии в настоящее время уточняются.", "external_links": [], "published": "2016-10-03T00:32:00.000+03:00", "crawled": "2016-10-02T22:59:37.779+03:00", "highlightTitle": ""}