{"organizations": [], "uuid": "45021db9e74725fa65e04691af05a1bb998051ba", "thread": {"social": {"gplus": {"shares": 0}, "pinterest": {"shares": 0}, "vk": {"shares": 0}, "linkedin": {"shares": 0}, "facebook": {"likes": 0, "shares": 0, "comments": 0}, "stumbledupon": {"shares": 0}}, "site_full": "echo.msk.ru", "main_image": "http://echo.msk.ru/i/big_logo.png", "site_section": "http://echo.msk.ru/news/", "section_title": "Эхо Москвы :: Новости ", "url": "http://echo.msk.ru/news/1848786-echo.html", "country": "BZ", "domain_rank": 1609, "title": "На востоке Москвы легковой автомобиль выехал на остановку общественного транспорта", "performance_score": 0, "site": "echo.msk.ru", "participants_count": 2, "title_full": "Эхо Москвы :: Новости / На востоке Москвы легковой автомобиль выехал на остановку общественного транспорта", "spam_score": 0.079, "site_type": "news", "published": "2016-10-03T03:31:00.000+03:00", "replies_count": 1, "uuid": "45021db9e74725fa65e04691af05a1bb998051ba"}, "author": "echo.msk.ru", "url": "http://echo.msk.ru/news/1848786-echo.html", "ord_in_thread": 0, "title": "На востоке Москвы легковой автомобиль выехал на остановку общественного транспорта", "locations": [], "entities": {"persons": [], "locations": [], "organizations": []}, "highlightText": "", "language": "russian", "persons": [], "text": "Два человека, в том числе подросток, погибли и двое пострадали. Один пешеход скончался на месте ДТП, второй умер в больнице. Как сообщают в пресс-службе столичной Госавтоинспекции, «Хендай» по неустановленным пока причинам потерял управление и на скорости вылетел на тротуар. Водитель с места происшествия не скрылся. С ним разбираются сотрудники ДПС. Обстоятельства аварии уточняются.", "external_links": [], "published": "2016-10-03T03:31:00.000+03:00", "crawled": "2016-10-02T20:36:27.709+03:00", "highlightTitle": ""}