{"organizations": [], "uuid": "613863b905e48d76f2ca9d8fe10cf85f63598f44", "thread": {"social": {"gplus": {"shares": 0}, "pinterest": {"shares": 0}, "vk": {"shares": 0}, "linkedin": {"shares": 0}, "facebook": {"likes": 6, "shares": 6, "comments": 0}, "stumbledupon": {"shares": 0}}, "site_full": "rg.ru", "main_image": "https://rg.ru/res/images/logo/rg-600x600.jpg", "site_section": "http://www.rg.ru/xml/index.xml", "section_title": "Российская Газета", "url": "https://rg.ru/2016/10/02/reg-cfo/napavshego-na-sinagogu-v-moskve-gospitalizirovali-v-specuchrezhdenie.html", "country": "RU", "domain_rank": 3002, "title": "Напавшего на синагогу в Москве госпитализировали в спецучреждение", "performance_score": 0, "site": "rg.ru", "participants_count": 0, "title_full": "Напавшего на синагогу в Москве госпитализировали в спецучреждение", "spam_score": 0.0, "site_type": "news", "published": "2016-10-02T20:24:00.000+03:00", "replies_count": 0, "uuid": "613863b905e48d76f2ca9d8fe10cf85f63598f44"}, "author": "", "url": "https://rg.ru/2016/10/02/reg-cfo/napavshego-na-sinagogu-v-moskve-gospitalizirovali-v-specuchrezhdenie.html", "ord_in_thread": 0, "title": "Напавшего на синагогу в Москве госпитализировали в спецучреждение", "locations": [], "entities": {"persons": [], "locations": [], "organizations": []}, "highlightText": "", "language": "russian", "persons": [], "text": "Проект: В регионах Напавшего на синагогу в Москве госпитализировали в спецучреждение \nМужчину, который сегодня был задержан за нападение на хоральную синагогу в центре столицы, госпитализировали в специальное медицинское учреждение. Об этом сообщает ТАСС со ссылкой на официального представителя МВД России Ирину Волк. читайте также Нападение на посетителей ТЦ в Миннесоте не было терактом \n\"Задержанный за совершение противоправных действий в одном из религиозных учреждений 40-летний житель подмосковного Королева подозревается в совершении преступления, предусмотренного ст. 213 УК РФ (\"Хулиганство\")\", - сообщили в ведомстве. \nКак выяснилось ранее, задержанным оказался концертмейстер Свято-Тихоновского гуманитарного университета. Несмотря на то, что правооханительные органы уже возбудили уголовное дело, Федерация еврейских общин России предложила дополнить его формулировкой о мотивах религиозной ненависти, что должно ужесточить наказание. Читайте в рубрике Происшествия", "external_links": [], "published": "2016-10-02T20:24:00.000+03:00", "crawled": "2016-10-02T16:07:56.876+03:00", "highlightTitle": ""}