{"organizations": [], "uuid": "efea8f9253904b0f4c4e8b59503b8c7c8ef09bf6", "thread": {"social": {"gplus": {"shares": 0}, "pinterest": {"shares": 0}, "vk": {"shares": 0}, "linkedin": {"shares": 0}, "facebook": {"likes": 0, "shares": 0, "comments": 0}, "stumbledupon": {"shares": 0}}, "site_full": "rus.delfi.ee", "main_image": "", "site_section": "", "section_title": "", "url": "http://rus.delfi.ee/sport/talvealad/video-v-ledovom-holle-tondiraba-prozvuchal-rossijskij-gimn?id=75779909&com=1", "country": "EE", "domain_rank": 5049, "title": "Комментарии - ВИДЕО: В ледовом холле \"Тондираба\" прозвучал российский гимн - Delfi", "performance_score": 0, "site": "delfi.ee", "participants_count": 0, "title_full": "Комментарии - ВИДЕО: В ледовом холле \"Тондираба\" прозвучал российский гимн - Delfi", "spam_score": 0.214, "site_type": "news", "published": "2016-10-01T07:10:00.000+03:00", "replies_count": 0, "uuid": "efea8f9253904b0f4c4e8b59503b8c7c8ef09bf6"}, "author": "", "url": "http://rus.delfi.ee/sport/talvealad/video-v-ledovom-holle-tondiraba-prozvuchal-rossijskij-gimn?id=75779909&com=1", "ord_in_thread": 0, "title": "Комментарии - ВИДЕО: В ледовом холле \"Тондираба\" прозвучал российский гимн - Delfi", "locations": [], "entities": {"persons": [], "locations": [], "organizations": []}, "highlightText": "", "language": "russian", "persons": [], "text": "ВИДЕО: В ледовом холле \"Тондираба\" прозвучал российский гимн - комментариев 1-1 Внимание! Комментарии пишут читатели. Комментарии не редактируются. Содержание комментариев может не совпадать с мнением редакции. DELFI не отвечает за содержание комментариев читателей и просит читателей, пишущих комментарии, соблюдать нормы морали, не разжигать национальную и расовую рознь и обходиться без грубости. В случае игнорирования просьбы DELFI оставляет за собой право лишить пользователя возможности оставлять комментарии. ", "external_links": [], "published": "2016-10-01T07:10:00.000+03:00", "crawled": "2016-10-01T01:09:29.164+03:00", "highlightTitle": ""}