{"organizations": [], "uuid": "9af225a5c3787cfd1dd443687d30e8416bdfc904", "thread": {"social": {"gplus": {"shares": 9}, "pinterest": {"shares": 0}, "vk": {"shares": 0}, "linkedin": {"shares": 17}, "facebook": {"likes": 14, "shares": 14, "comments": 0}, "stumbledupon": {"shares": 0}}, "site_full": "hitech.vesti.ru", "main_image": "http://cdn.static3.rtr-vesti.ru/hitech/pictures/m_4660.jpg", "site_section": "http://hitech.vesti.ru/export/hitech/news/rss", "section_title": "Вести.Hi-tech", "url": "http://hitech.vesti.ru/news/view/id/10187", "country": "RU", "domain_rank": 1536, "title": "Россиян хотят штрафовать за скачивание отечественных фильмов", "performance_score": 0, "site": "vesti.ru", "participants_count": 0, "title_full": "Россиян хотят штрафовать за скачивание отечественных фильмов", "spam_score": 0.0, "site_type": "news", "published": "2016-10-03T23:50:00.000+03:00", "replies_count": 0, "uuid": "9af225a5c3787cfd1dd443687d30e8416bdfc904"}, "author": "", "url": "http://hitech.vesti.ru/news/view/id/10187", "ord_in_thread": 0, "title": "Россиян хотят штрафовать за скачивание отечественных фильмов", "locations": [], "entities": {"persons": [], "locations": [], "organizations": []}, "highlightText": "", "language": "russian", "persons": [], "text": "18:50 Россиян хотят штрафовать за скачивание отечественных фильмов В России могут ввести персональную административную ответственность за нелегальное скачивание в интернете кинопродукции отечественного производства. По данным RNS, в настоящее время вопрос обсуждается в правительстве в режиме неофициальных межведомственных консультаций. Аналогичная система действует в некоторых странах Европы, например, в Германии. Там нарушителя вычисляют по IP-адресу и выписывают штраф, сумма которого может достигать тысячи евро. Аналогичным образом собираются выявлять пиратов и в России, сообщил RNS источник, осведомленный о ходе консультаций. Источник агентства отмечает, что вариант со штрафами для пользователей может стать реальностью, если не пройдет текущее предложение Минкультуры. Ведомство предлагает поправки в “антипиратский” закон, предлагающие досудебную блокировку размещающих нелегальный контент сайтов. В сообщении RNS отмечается, что в правительстве планируют штрафовать лишь за нелегальное скачивание российской кинопродукции — фильмов, имеющих удостоверение национального фильма. В министерстве культуры изданию подтвердили, что разговоры о штрафах ведутся, но подчеркнули, что никаких официальных консультаций по данному вопросу не было.", "external_links": [], "published": "2016-10-03T23:50:00.000+03:00", "crawled": "2016-10-04T04:00:47.903+03:00", "highlightTitle": ""}