{"organizations": [], "uuid": "a115a9cf63f078682d66540bf732c640a917dc39", "thread": {"social": {"gplus": {"shares": 0}, "pinterest": {"shares": 0}, "vk": {"shares": 0}, "linkedin": {"shares": 0}, "facebook": {"likes": 0, "shares": 0, "comments": 0}, "stumbledupon": {"shares": 0}}, "site_full": "www.championat.com", "main_image": "https://img.championat.com/news2/social/f/20/2594352.jpg", "site_section": "http://www.championat.com/xml/rss.xml", "section_title": "Чемпионат.com  (новости)", "url": "https://www.championat.com/boxing/news-2594352-volkov-dolgo-shjol-k-tomu-chtoby-vystupat-v-silnejshej-lige-mira.html", "country": "RU", "domain_rank": 1710, "title": "Волков: долго шёл к тому, чтобы выступать в сильнейшей лиге мира", "performance_score": 0, "site": "championat.com", "participants_count": 0, "title_full": "Волков: долго шёл к тому, чтобы выступать в сильнейшей лиге мира", "spam_score": 0.0, "site_type": "news", "published": "2016-10-01T04:15:00.000+03:00", "replies_count": 0, "uuid": "a115a9cf63f078682d66540bf732c640a917dc39"}, "author": "", "url": "https://www.championat.com/boxing/news-2594352-volkov-dolgo-shjol-k-tomu-chtoby-vystupat-v-silnejshej-lige-mira.html", "ord_in_thread": 0, "title": "Волков: долго шёл к тому, чтобы выступать в сильнейшей лиге мира", "locations": [], "entities": {"persons": [], "locations": [], "organizations": []}, "highlightText": "", "language": "russian", "persons": [], "text": "Волков: долго шёл к тому, чтобы выступать в сильнейшей лиге мира 30 сентября 2016, пятница. 23:15. Бокс Чемпион M-1 в тяжёлом весе Александр Волков прокомментировал подписание контракта с UFC , где он проведёт первый бой в этом промоушене 19 ноября на турнире UFC Fight Night 99, а его соперником станет Тимоти Джонсон . «Я долго шёл к тому, чтобы выступать в сильнейшей лиге мира. Мой путь был длинным, больше 30 боёв, но при этом я являюсь сравнительно молодым бойцом, если говорить про тяжёлый вес. Для меня это точно не финишная прямая. У меня был контракт до 2015 года, после его окончания я провёл два боя в М-1. А уже имея два чемпионских пояса, мы с моими промоутерами сами вели переговоры с UFC. Конечно, это очень хороший подарок. Желание попасть в UFC было всегда, но для этого одного хотения мало, нужен опыт, которого раньше не было», — приводит слова Волкова «Лайф».", "external_links": [], "published": "2016-10-01T04:15:00.000+03:00", "crawled": "2016-10-01T00:04:36.523+03:00", "highlightTitle": ""}