{"organizations": [], "uuid": "64f432d2c0fcc54b59d8eecfb06debf3d2312139", "thread": {"social": {"gplus": {"shares": 2}, "pinterest": {"shares": 0}, "vk": {"shares": 0}, "linkedin": {"shares": 0}, "facebook": {"likes": 0, "shares": 0, "comments": 0}, "stumbledupon": {"shares": 0}}, "site_full": "fishki.net", "main_image": "http://cdn.fishki.net/upload/post/2016/10/01/2091389/istorii-vrachej--zloj-medik-0.png", "site_section": "http://fishki.net/rss/", "section_title": "Fishki.net - Сайт хорошего настроения", "url": "http://fishki.net/2091389-istorii-vrachej-zloj-medik.html", "country": "RU", "domain_rank": 1178, "title": "Истории врачей, Злой медик", "performance_score": 0, "site": "fishki.net", "participants_count": 0, "title_full": "Истории врачей, Злой медик", "spam_score": 0.0, "site_type": "news", "published": "2016-10-01T13:30:00.000+03:00", "replies_count": 0, "uuid": "64f432d2c0fcc54b59d8eecfb06debf3d2312139"}, "author": "", "url": "http://fishki.net/2091389-istorii-vrachej-zloj-medik.html", "ord_in_thread": 0, "title": "Истории врачей, Злой медик", "locations": [], "entities": {"persons": [], "locations": [], "organizations": []}, "highlightText": "", "language": "russian", "persons": [], "text": "770 24 \nВ нашей стране несколько проблем или бед, но к ним не относится медицина, но сегодня мы как раз будем говорить именно о ней. Запись с названием \"Истории врачей\",расскажет Вам о том, какие-же истории происходят с врачами, их пациентами и почему обе категории иногда ведут себя странно.", "external_links": [], "published": "2016-10-01T13:30:00.000+03:00", "crawled": "2016-10-01T12:10:18.618+03:00", "highlightTitle": ""}