{"organizations": [], "uuid": "ce424a45e883eb75c84292b894f55e097a40684f", "thread": {"social": {"gplus": {"shares": 0}, "pinterest": {"shares": 0}, "vk": {"shares": 0}, "linkedin": {"shares": 0}, "facebook": {"likes": 0, "shares": 0, "comments": 0}, "stumbledupon": {"shares": 0}}, "site_full": "news.meta.ua", "main_image": "http://picsnews.meta.ua/90x90/423/94/42394458-Suonsi--Liverpul---12-Videoobzor-matcha.jpeg", "site_section": "http://news.meta.ua/rss/", "section_title": "МЕТА Новости", "url": "http://news.meta.ua/go.php?to=2016-10-50887460", "country": "UA", "domain_rank": 7703, "title": "Спорт: Суонси — Ливерпуль - 1:2. Видеообзор матча", "performance_score": 0, "site": "meta.ua", "participants_count": 1, "title_full": "Спорт: Суонси — Ливерпуль - 1:2. Видеообзор матча", "spam_score": 0.0, "site_type": "news", "published": "2016-10-01T22:30:00.000+03:00", "replies_count": 0, "uuid": "ce424a45e883eb75c84292b894f55e097a40684f"}, "author": "Спорт", "url": "http://news.meta.ua/go.php?to=2016-10-50887460", "ord_in_thread": 0, "title": "Спорт: Суонси — Ливерпуль - 1:2. Видеообзор матча", "locations": [], "entities": {"persons": [], "locations": [], "organizations": []}, "highlightText": "", "language": "russian", "persons": [], "text": "В поединке 7-го тура АПЛ «Суонси» - «Ливерпуль» победу одержали гости: Спорт.ua >> сегодня,", "external_links": [], "published": "2016-10-01T22:30:00.000+03:00", "crawled": "2016-10-01T17:51:59.604+03:00", "highlightTitle": ""}