{"organizations": [], "uuid": "533b7b10369ef02470be8c7f4fb5d5626f7d5a88", "thread": {"social": {"gplus": {"shares": 0}, "pinterest": {"shares": 0}, "vk": {"shares": 0}, "linkedin": {"shares": 0}, "facebook": {"likes": 0, "shares": 0, "comments": 0}, "stumbledupon": {"shares": 0}}, "site_full": "112.ua", "main_image": "http://img.112.agency/original/2016/09/23/261019.jpg", "site_section": "http://112.ua/rss/index.rss", "section_title": "Новости 112.ua", "url": "http://112.ua/obshchestvo/prezidenta-kirgizii-almazbeka-atambaeva-vypisali-iz-bolnicy-v-moskve-342831.html", "country": "UA", "domain_rank": 8311, "title": "Президента Киргизии Алмазбека Атамбаева выписали из больницы в Москве", "performance_score": 0, "site": "112.ua", "participants_count": 0, "title_full": "Президента Киргизии Алмазбека Атамбаева выписали из больницы в Москве", "spam_score": 0.0, "site_type": "news", "published": "2016-10-01T20:26:00.000+03:00", "replies_count": 0, "uuid": "533b7b10369ef02470be8c7f4fb5d5626f7d5a88"}, "author": "", "url": "http://112.ua/obshchestvo/prezidenta-kirgizii-almazbeka-atambaeva-vypisali-iz-bolnicy-v-moskve-342831.html", "ord_in_thread": 0, "title": "Президента Киргизии Алмазбека Атамбаева выписали из больницы в Москве", "locations": [], "entities": {"persons": [], "locations": [], "organizations": []}, "highlightText": "", "language": "russian", "persons": [], "text": "Президента Киргизии Алмазбека Атамбаева выписали из больницы в Москве 15:26, 1 октября 2016 Президент Киргизии \nПрезидента Киргизии Алмазбека Атамбаева выписали из больницы в Москве в субботу, 1 октября. Об этом сообщает \" Интерфакс \" со ссылкой на данные посольства Киргизии в России. \n\"Президент Киргизии днем в субботу был выписан из Центральной клинической больницы Управделами президента России, где с 23 сентября он проходил лечение в связи с возникшими проблемами с сердцем\", - сообщили журналистам представители посольства Киргизии в России. \nОтмечается, что на сегодняшний вечер запланировано возвращение главы Киргизии в Бишкек. Новости по теме: Президент Киргизии Алмазбек Атамбаев выпустил свой первый клип \nНапомним, то же издание сообщало, что Атамбаев решил пройти обследование в больнице после того, как почувствовал недомогание в аэропорту Стамбула. У него появилась боль в груди, были диагностированы проблемы с сердечной деятельностью. В Турции киргизская делегация делала пересадку на рейс в США. Проблема со здоровьем не позволила киргизскому президенту отправиться в Нью-Йорк для участия в 71-й сессии Генеральной Ассамблеи ООН. <>", "external_links": [], "published": "2016-10-01T20:26:00.000+03:00", "crawled": "2016-10-01T15:46:34.909+03:00", "highlightTitle": ""}