{"organizations": [], "uuid": "fd202282dacf8414a091ee296b7c1db990cafd19", "thread": {"social": {"gplus": {"shares": 0}, "pinterest": {"shares": 0}, "vk": {"shares": 0}, "linkedin": {"shares": 0}, "facebook": {"likes": 0, "shares": 0, "comments": 0}, "stumbledupon": {"shares": 0}}, "site_full": "charter97.org", "main_image": "", "site_section": "http://www.charter97.org/rss.php", "section_title": "Хартия'97 :: Новости из Беларуси - Белорусские новости - Республика Беларусь - Минск", "url": "https://charter97.org/ru/news/2016/10/2/225353/", "country": "CR", "domain_rank": 6528, "title": "В штабе рассказали, как боевики нарушают \"тишину\"", "performance_score": 0, "site": "charter97.org", "participants_count": 0, "title_full": "В штабе рассказали, как боевики нарушают \"тишину\"", "spam_score": 0.0, "site_type": "news", "published": "2016-10-03T01:07:00.000+03:00", "replies_count": 0, "uuid": "fd202282dacf8414a091ee296b7c1db990cafd19"}, "author": "", "url": "https://charter97.org/ru/news/2016/10/2/225353/", "ord_in_thread": 0, "title": "В штабе рассказали, как боевики нарушают \"тишину\"", "locations": [], "entities": {"persons": [], "locations": [], "organizations": []}, "highlightText": "", "language": "russian", "persons": [], "text": "В штабе рассказали, как боевики нарушают \"тишину\" 2.10.2016, 20:07 Сегодня в зоне проведения АТО боевики нарушили режим прекращения огня 22 раза. <> \nОб этом сообщил в Facebook в пресс-центр штаба АТО, передает charter97.org . \n«На Мариупольском направлении противник нарушал \"режим тишины\" в районе Павлополя и Широкино, обстреливая позиции украинских защитников из гранатометов, пулеметов и стрелкового оружия, в районе Новозвановки - из пулеметов и стрелкового оружия, возле Марьинки - из стрелкового оружия» , - говорится в отчете штаба. \nНа Донецком направлении боевики обстреливали позиции сил АТО вблизи Авдеевки из гранатометов, пулеметов и стрелкового оружия, по Новгородскому и Водяному вели огонь из стрелкового оружия. \nНа Луганском направлении обстрелы из гранатометов, зенитной установки и стрелкового оружия были зафиксированы в районе Станицы Луганской, по Новозвановке применялись пулеметы и стрелковое оружие, в районе Верхнеторецкого вели огонь из стрелкового оружия. \n«Позиции сил АТО у Крымского противник обстреливал из минометов 120-го и 82-го калибра, а также из гранатометов и стрелкового оружия» , - отметили в штабе. <>", "external_links": [], "published": "2016-10-03T01:07:00.000+03:00", "crawled": "2016-10-02T20:29:06.417+03:00", "highlightTitle": ""}