{"organizations": [], "uuid": "b562ed102bf25972703013fa589859dbc693aad8", "thread": {"social": {"gplus": {"shares": 0}, "pinterest": {"shares": 0}, "vk": {"shares": 0}, "linkedin": {"shares": 0}, "facebook": {"likes": 0, "shares": 0, "comments": 0}, "stumbledupon": {"shares": 0}}, "site_full": "news.mail.ru", "main_image": "https://news.mail.ru/social_preview/27303778/?time=e086f5d3334384282c28f812611d4c36", "site_section": "http://news.mail.ru//rss/incident/", "section_title": "Новости Mail.Ru: События", "url": "https://news.mail.ru/incident/27303778/", "country": "RU", "domain_rank": 27, "title": "В крупном ДТП на Восточном обходе погиб человек", "performance_score": 0, "site": "mail.ru", "participants_count": 0, "title_full": "В крупном ДТП на Восточном обходе погиб человек", "spam_score": 0.0, "site_type": "news", "published": "2016-10-01T17:01:00.000+03:00", "replies_count": 0, "uuid": "b562ed102bf25972703013fa589859dbc693aad8"}, "author": "", "url": "https://news.mail.ru/incident/27303778/", "ord_in_thread": 0, "title": "В крупном ДТП на Восточном обходе погиб человек", "locations": [], "entities": {"persons": [], "locations": [], "organizations": []}, "highlightText": "", "language": "russian", "persons": [], "text": "  12:01 (мск) , источник: АиФ Прикамье В крупном ДТП на Восточном обходе погиб человек \nСмертельные травмы получил пожилой мужчина, ещё один человек госпитализирован.", "external_links": [], "published": "2016-10-01T17:01:00.000+03:00", "crawled": "2016-10-01T12:38:05.537+03:00", "highlightTitle": ""}