{"organizations": [], "uuid": "c126fe74197f7cc8f4acc949c142f94971fb03b4", "thread": {"social": {"gplus": {"shares": 0}, "pinterest": {"shares": 0}, "vk": {"shares": 0}, "linkedin": {"shares": 0}, "facebook": {"likes": 0, "shares": 0, "comments": 0}, "stumbledupon": {"shares": 0}}, "site_full": "news.rambler.ru", "main_image": "https://news.rambler.ru/share/snippets/34879698/671613049698501b6d16fc8dbb672170.png", "site_section": "http://news.rambler.ru/rss/roadaccidents/", "section_title": "ДТП — Рамблер/новости", "url": "https://news.rambler.ru/incidents/34879698-dtp-na-peshehodnom-perehode-v-moskve-troe-pogibshih/", "country": "RU", "domain_rank": 289, "title": "ДТП на пешеходном переходе в Москве: трое погибших", "performance_score": 0, "site": "rambler.ru", "participants_count": 1, "title_full": "ДТП на пешеходном переходе в Москве: трое погибших", "spam_score": 0.0, "site_type": "news", "published": "2016-10-03T05:46:00.000+03:00", "replies_count": 0, "uuid": "c126fe74197f7cc8f4acc949c142f94971fb03b4"}, "author": "Накануне.RU", "url": "https://news.rambler.ru/incidents/34879698-dtp-na-peshehodnom-perehode-v-moskve-troe-pogibshih/", "ord_in_thread": 0, "title": "ДТП на пешеходном переходе в Москве: трое погибших", "locations": [], "entities": {"persons": [], "locations": [], "organizations": []}, "highlightText": "", "language": "russian", "persons": [], "text": "Главные события у вас в почте Цена операции в Сирии Подписаться Три человека, среди которых ребенок, стали жертвами автоаварии, которая произошла в на востоке Москвы. Люди ждали разрешающий сигнал светофора на пешеходном переходе, когда в них на большой скорости врезался Hyundai Solaris. По словам водителя иномарки, он пытался избежать столкновения с другим автомобилем. Первоначально сообщалось, что Hyundai въехал в остановку общественного транспорта. Позже в «Мосгортрансе» подтвердили, что авария произошла не на остановке. По предварительным данным, водитель иномарки на большой скорости врезался в бордюр, а затем влетел в опору светофора на пешеходном переходе. Под ударом оказались четыре человека, один из них велосипедист. Скончались три человека, среди них — 12-летняя девочка. Это неполный текст новости", "external_links": [], "published": "2016-10-03T05:46:00.000+03:00", "crawled": "2016-10-03T01:02:18.894+03:00", "highlightTitle": ""}