{"organizations": [], "uuid": "bf5965b26a08436e4738f1c36b687f8b6cb0701f", "thread": {"social": {"gplus": {"shares": 0}, "pinterest": {"shares": 0}, "vk": {"shares": 0}, "linkedin": {"shares": 0}, "facebook": {"likes": 0, "shares": 0, "comments": 0}, "stumbledupon": {"shares": 0}}, "site_full": "habrahabr.ru", "main_image": "https://habrastorage.org/getpro/habr/post_images/0dd/9f0/57d/0dd9f057de3fa6bfaf302e5872a925b9.png", "site_section": "http://habrahabr.ru/rss/", "section_title": "Хабрахабр / Интересные публикации", "url": "https://habrahabr.ru/post/311534/?utm_source=habrahabr&utm_medium=rss&utm_campaign=interesting", "country": "RU", "domain_rank": 1685, "title": "Microsoft Ignite Дайджест", "performance_score": 0, "site": "habrahabr.ru", "participants_count": 1, "title_full": "Microsoft Ignite Дайджест / Хабрахабр", "spam_score": 0.0, "site_type": "news", "published": "2016-10-03T18:15:00.000+03:00", "replies_count": 0, "uuid": "ca0c38524fd4d146d71df6e52150bac15d4dbaa6"}, "author": "habrahabr.ru", "url": "https://habrahabr.ru/post/311534/", "ord_in_thread": 0, "title": "Microsoft Ignite Дайджест", "locations": [], "entities": {"persons": [], "locations": [], "organizations": []}, "highlightText": "", "language": "russian", "persons": [], "text": "Добрый день, попробую изложить основные новости с данного мероприятия. Упор на Azure, Azure Stack.\n\n\nПоехали! \n\nОбщие новости \nВышел в RTM Windows Server 2016 . Подробнее про нововведения . Релиз в середине октября. Docker Datacenter для Windows Server 2016 в Q4 2016 . Вышел в RTM System Center 2016 . Подробнее про нововведения . Релиз в середине октября. Изменения в ветках сертификации .\n\n\nРазное \nВидео с мероприятия . Вот только технические (вроде) . Подробно про Storage Spaces . Бонус: 2х узловой Storage Spaces Direct поддерживаемая конфигурация. SQL 2016 поддерживает Windows Server 2016 и Storage Spaces Direct. Обновления для OneDrive . Анонсы по OMS . OMS Gateway и SCOM . Мониторинг VMWare . AppInsights Connector для OMS . Подробно про новинки в Hyper-V . Подробнее про «Large Scale VM Performance» . \nAzure \nПовышена производительность сетей в Azure на 33-50%. Полностью внедрено будет в 2016. Вышел в привью Accelerated Networking. Насколько я понимаю это просто SR-IOV в Azure. Данный функционал будет доступен не только для виртуальных машин, но и для некоторых сервисов (Azure SQL, Azure Storage) когда он будет полностью внедрен, действий со стороны пользователя не требуется. Для виртуальных машин . \n\n\n\nVNet Peering вышел «в свет». Подробнее про сервис .\n\n\nНовый SKU для ExpressRoute, 10Gbps, 99.95% SLA Новый Active-Active VPN Gateway . Поддержка IPV6 для виртуальных машин Azure. Поддержка нескольких VIP адресов на ILB (internal load balancer), поддержка нескольких IP адресов на сетевой карте виртуальной машины, поддержка публичного IP для всех сетевых карт виртуальной машины (в том числе через Load Balancer). Azure DNS вышел «в свет». Улучшена безопасность Application Gateway (end-to-end SSL encryption, user configurable SSL policies, routing rules. Публичный привью Web Application Firewall, сервиса, который преднастроен для защита Вас\\Вашего сервиса от наиболее распространенных видов атак (по данным Open Web Application Security Project).\nНовый набор метрик для мониторинга сети , подробнее по линку (в самом конце). Привью Azure Monitor'а . Использует существующие метрики и позволяет их просматривать и дополнительно кастомизировать. Позволяет интегрировать с OMS\\Visual Studio Application Insights. H-Series виртуальные машины . Нацелены на High Performance Computing задачи. L-Series виртуальные машины. Оптимизированны для работы со сторейджем. N-Series виртуальные машины. Имеют графический адаптер от NVidia. Azure Service Fabric для Windows Server'а вышел «в свет» . Привью для линукса (новость не с Ignite). Azure Key Vault поддерживает сертификаты от Digicert, Globalsign и WoSign. Encryption Services вышли «в свет». \nAzure Stack \nВышел Azure Stack TP2 , в нем ( подробнее ):\n\nАрхитектура: Описание многих компонентов и дизайна Azure Stack . \n\n\n\nStorage: Azure Queues, Premium Storage API, восстановление удаленных Storage Accounts Network: User Defined Routes (аналогичный функционал из Azure), VPN Gateway для связи с Azure (и не только), iDNS (дословно: способ разрешения днс имен виртуальных машин внутри Azure Stack без настраивания DNS) Compute: Deallocate виртуальных машин (как в Azure, просто выключенная виртуальная машина продолжает тратить Ваши деньги, только deallocated виртуальная машина ничего не стоит), изменение размера дисков, несколько сетевых интерфейсов, повторная установка VM Extensions. Portal: В Azure Stack появились регионы для compute, network и storage. предпросмотр обновлений на портале. Прочее: Azure Site Recovery будет доступен в Azure Stack, Key Vault для хранения секретов, «Billing and consumption APIs» для просмотра соответствующих данных (биллинг и траты\\потребление), новые возможности по мониторингу, BlockChain, мультинодовое разворачивание будет доступно только при покупке верифицированных железных решений (HP, Lenovo, IBM).", "external_links": [], "published": "2016-10-03T18:15:00.000+03:00", "crawled": "2016-10-03T18:57:06.879+03:00", "highlightTitle": ""}