{"organizations": [], "uuid": "9980f327a6f3dce5b270dcfb3ae012dedfe1602b", "thread": {"social": {"gplus": {"shares": 0}, "pinterest": {"shares": 0}, "vk": {"shares": 0}, "linkedin": {"shares": 0}, "facebook": {"likes": 0, "shares": 0, "comments": 0}, "stumbledupon": {"shares": 0}}, "site_full": "news.meta.ua", "main_image": "http://picsnews.meta.ua/90x90/423/92/42392327-V-Meksike-prosnulsia-moshchnyi-vulkan-vlasti-evakuirovali-naselenie-dvukh-gorodov.jpeg", "site_section": "http://news.meta.ua/rss/", "section_title": "МЕТА Новости", "url": "http://news.meta.ua/go.php?to=2016-10-50885349", "country": "UA", "domain_rank": 7703, "title": "Общество: В Мексике проснулся мощный вулкан: власти эвакуировали население двух городов", "performance_score": 0, "site": "meta.ua", "participants_count": 1, "title_full": "Общество: В Мексике проснулся мощный вулкан: власти эвакуировали население двух городов", "spam_score": 0.0, "site_type": "news", "published": "2016-10-01T19:00:00.000+03:00", "replies_count": 0, "uuid": "9980f327a6f3dce5b270dcfb3ae012dedfe1602b"}, "author": "Общество", "url": "http://news.meta.ua/go.php?to=2016-10-50885349", "ord_in_thread": 0, "title": "Общество: В Мексике проснулся мощный вулкан: власти эвакуировали население двух городов", "locations": [], "entities": {"persons": [], "locations": [], "organizations": []}, "highlightText": "", "language": "russian", "persons": [], "text": "В Мексике 350 человек были эвакуированы из-за извергающегося вулкана Колима. Chaspik >> сегодня, 14:00 \nВ Мексике 350 человек были эвакуированы из-за извергающегося вулкана Колима.Об этом сообщает Reuters.\"Около 350 человек из населенных пунктов вблизи вулкана Колима были эвакуированы и доставлены в приют в соседнем городе\", - об этом сообщил национальный координатор гражданской защиты Луис Фелипе Пуэнте.Колима - вулкан, расположенный в западной части Мексики, вспыхнул в пятницу, заставляя власти эвакуировать два небольших соседних города.Вулкан имеет высоту около 4000 метров и считается самым активным в стране. Подобная активность была зафиксирована в июле прошлого года.", "external_links": [], "published": "2016-10-01T19:00:00.000+03:00", "crawled": "2016-10-01T14:17:43.692+03:00", "highlightTitle": ""}