{"organizations": [], "uuid": "bd44ab0a97ddc9e8196741da78ec30bec3912926", "thread": {"social": {"gplus": {"shares": 0}, "pinterest": {"shares": 0}, "vk": {"shares": 0}, "linkedin": {"shares": 0}, "facebook": {"likes": 0, "shares": 0, "comments": 0}, "stumbledupon": {"shares": 0}}, "site_full": "korrespondent.net", "main_image": "http://kor.ill.in.ua/m/190x120/1887959.jpg", "site_section": "http://k.img.com.ua/rss/ru/world.xml", "section_title": "Последние новости по разделу Новости мира на сайте korrespondent.net", "url": "http://korrespondent.net/world/3752255-merkel-obiavyla-o-neyzmennosty-svoei-polytyky-po-bezhentsam", "country": "UA", "domain_rank": 2541, "title": "Меркель объявила о неизменности своей политики по беженцам", "performance_score": 0, "site": "korrespondent.net", "participants_count": 1, "title_full": "Меркель объявила о неизменности своей политики по беженцам", "spam_score": 0.0, "site_type": "news", "published": "2016-10-01T14:51:00.000+03:00", "replies_count": 0, "uuid": "bd44ab0a97ddc9e8196741da78ec30bec3912926"}, "author": "209", "url": "http://korrespondent.net/world/3752255-merkel-obiavyla-o-neyzmennosty-svoei-polytyky-po-bezhentsam", "ord_in_thread": 0, "title": "Меркель объявила о неизменности своей политики по беженцам", "locations": [], "entities": {"persons": [], "locations": [], "organizations": []}, "highlightText": "", "language": "russian", "persons": [], "text": "Этот материал опубликован на Корреспондент.net в рамках официального партнерского соглашения с Deutsche Welle Меркель объявила о неизменности своей политики по беженцам Русская служба DW, Сегодня, 09:51 13 Ангела Меркель Канцлер Германии заявила, что ее целью было улучшить защиту границ ЕС и снизить число беженцев. \nКанцлер Германии Ангела Меркель заявила, что не меняла свою политику по беженцам. Об этом она сказала в интервью газете Sächsische Zeitung, опубликованном в субботу, 1 октября. \n\"Я вижу не изменение курса, а последовательную работу на протяжении многих, многих месяцев. Я не изменила свою политику, а просто занималась ею\", – отметила канцлер. \nОна подчеркнула, что для нее речь в первую очередь шла о том, чтобы улучшить защиту внешних границ ЕС, бороться с причинами миграции и добиться снижения числа беженцев. \nПо словам Меркель, сейчас необходимо способствовать тому, чтобы мигранты, не имеющие права на убежище в Германии, покинули страну . \n\"Это должно быть более последовательно реализовано на практике\", – отметила канцлер. \nОна добавила, что Европа несет ответственность перед теми, кто ищет защиты от войны и терроризма, а также указала на необходимость распределения беженцев между странами ЕС. \nВсего за 2015 год в страну приехали 890 тысяч беженцев, а не 1,1 млн, как сообщалось ранее. С начала 2016 года по состоянию на 21 сентября в Германию прибыли около 210 тысяч мигрантов.", "external_links": [], "published": "2016-10-01T14:51:00.000+03:00", "crawled": "2016-10-01T11:02:00.226+03:00", "highlightTitle": ""}