{"organizations": [], "uuid": "b7589f158710bf0bb29257c92cbb8a26de1ad85b", "thread": {"social": {"gplus": {"shares": 0}, "pinterest": {"shares": 0}, "vk": {"shares": 0}, "linkedin": {"shares": 0}, "facebook": {"likes": 0, "shares": 0, "comments": 0}, "stumbledupon": {"shares": 0}}, "site_full": "www.perm.aif.ru", "main_image": "http://images.aif.ru/010/130/c35acf2c75bf7d01f046b79126c91ca1.jpg", "site_section": "http://www.perm.aif.ru/rss/all.php", "section_title": "АиФ-Прикамье", "url": "http://www.perm.aif.ru/incidents/v_kizele_voditel_vaza_sbil_dvoih_15-letnih_shkolnic", "country": "RU", "domain_rank": 3127, "title": "В Кизеле водитель ВАЗа сбил двух 15-летних школьниц", "performance_score": 0, "site": "aif.ru", "participants_count": 0, "title_full": "В Кизеле водитель ВАЗа сбил двух 15-летних школьниц", "spam_score": 0.0, "site_type": "news", "published": "2016-10-02T14:55:00.000+03:00", "replies_count": 0, "uuid": "b7589f158710bf0bb29257c92cbb8a26de1ad85b"}, "author": "", "url": "http://www.perm.aif.ru/incidents/v_kizele_voditel_vaza_sbil_dvoih_15-letnih_shkolnic", "ord_in_thread": 0, "title": "В Кизеле водитель ВАЗа сбил двух 15-летних школьниц", "locations": [], "entities": {"persons": [], "locations": [], "organizations": []}, "highlightText": "", "language": "russian", "persons": [], "text": "В Кизеле водитель ВАЗа сбил двух 15-летних школьниц В МВД рассказали подробности аварии УГИБДД РФ Кизел,   \nДве школьницы пострадали в ДТП в Кизеле. Как рассказали в пресс-службе МВД, ДТП произошло 1 октября в районе 19.40. \n«33-летний житель Чусового, управляя автомобилем ВАЗ, сбил двоих 15-летних школьниц. По предварительным данным, пешеходы перебегали проезжую часть в неустановленном месте», - рассказали в ведомстве. \nПострадавшие госпитализированы. Обстоятельства выясняются.", "external_links": [], "published": "2016-10-02T14:55:00.000+03:00", "crawled": "2016-10-02T11:05:23.165+03:00", "highlightTitle": ""}