{"organizations": [], "uuid": "055cff3c5ddace62206a48fd9c34e81e675838a6", "thread": {"social": {"gplus": {"shares": 1}, "pinterest": {"shares": 0}, "vk": {"shares": 0}, "linkedin": {"shares": 0}, "facebook": {"likes": 21, "shares": 21, "comments": 0}, "stumbledupon": {"shares": 0}}, "site_full": "news.mail.ru", "main_image": "https://news.mail.ru/social_preview/27324089/?time=66d2deef4e870bf6aef2858d505fff32", "site_section": "http://news.mail.ru//rss/", "section_title": "Новости Mail.Ru", "url": "https://news.mail.ru/politics/27324089/", "country": "RU", "domain_rank": 27, "title": "МВФ обнародовал меморандум с Украиной", "performance_score": 0, "site": "mail.ru", "participants_count": 0, "title_full": "МВФ обнародовал меморандум с Украиной", "spam_score": 0.0, "site_type": "news", "published": "2016-10-03T23:27:00.000+03:00", "replies_count": 0, "uuid": "055cff3c5ddace62206a48fd9c34e81e675838a6"}, "author": "", "url": "https://news.mail.ru/politics/27324089/", "ord_in_thread": 0, "title": "МВФ обнародовал меморандум с Украиной", "locations": [], "entities": {"persons": [], "locations": [], "organizations": []}, "highlightText": "", "language": "russian", "persons": [], "text": "<!-- rb: 6032?_SITEZONE=7 --><!-- /rb: 6032?_SITEZONE=7 --> <!-- rb: 6030?_SITEZONE=7 --><!-- /rb: 6030?_SITEZONE=7 --> <!-- rb: 6029?_SITEZONE=7 --><!-- /rb: 6029?_SITEZONE=7   18:27 (мск) , источник: РБК - Украина МВФ обнародовал меморандум с Украиной \nМеждународный валютный фонд опубликовал меморандум о сотрудничестве с Украиной. Соответствующий документ размещен на официальном сайте МВФ .", "external_links": [], "published": "2016-10-03T23:27:00.000+03:00", "crawled": "2016-10-03T18:45:47.904+03:00", "highlightTitle": ""}