{"organizations": [], "uuid": "972bfd021c86a323317acc3d41c0cafd0d5a9f7d", "thread": {"social": {"gplus": {"shares": 0}, "pinterest": {"shares": 0}, "vk": {"shares": 0}, "linkedin": {"shares": 0}, "facebook": {"likes": 0, "shares": 0, "comments": 0}, "stumbledupon": {"shares": 0}}, "site_full": "www.championat.com", "main_image": "https://img.championat.com/news2/social/a/73/2594832.jpg", "site_section": "http://www.championat.com/xml/rss.xml", "section_title": "Чемпионат.com  (новости)", "url": "https://www.championat.com/football/news-2594832-zenit-obygral-spartak-ufa-oderzhala-pervuju-pobedu-v-molodjozhnom-pervenstve.html", "country": "RU", "domain_rank": 1710, "title": "«Зенит» разгромил «Спартак» в молодёжном первенстве", "performance_score": 0, "site": "championat.com", "participants_count": 0, "title_full": "«Зенит» разгромил «Спартак» в молодёжном первенстве", "spam_score": 0.0, "site_type": "news", "published": "2016-10-01T19:50:00.000+03:00", "replies_count": 0, "uuid": "972bfd021c86a323317acc3d41c0cafd0d5a9f7d"}, "author": "", "url": "https://www.championat.com/football/news-2594832-zenit-obygral-spartak-ufa-oderzhala-pervuju-pobedu-v-molodjozhnom-pervenstve.html", "ord_in_thread": 0, "title": "«Зенит» разгромил «Спартак» в молодёжном первенстве", "locations": [], "entities": {"persons": [], "locations": [], "organizations": []}, "highlightText": "", "language": "russian", "persons": [], "text": "«Зенит» разгромил «Спартак» в молодёжном первенстве  50. Футбол В матче девятого тура молодёжного первенства России «Зенит» в Санкт-Петербурге принимал московский «Спартак». Сине-бело-голубые добились разгромной победы со счётом 3:0. Уже на второй минуте Александр Некрасов вывел «Зенит» вперёд, а на 29-й минуте Артём Вяткин развил успех своей команды — 2:0. Точку в матче поставил Кирилл Макеев, который установил окончательный результат на 59-й минуте. В другом матче «Уфа» на своём поле с минимальным счётом обыграла «Амкар». На третьей минуте отличился Александр Филин. Эта победа стала для уфимцев первой в сезоне.", "external_links": [], "published": "2016-10-01T19:50:00.000+03:00", "crawled": "2016-10-01T15:00:49.929+03:00", "highlightTitle": ""}