{"organizations": [], "uuid": "ce1a7748d63ca5b4e87605ce8e771b31e69492a0", "thread": {"social": {"gplus": {"shares": 0}, "pinterest": {"shares": 0}, "vk": {"shares": 0}, "linkedin": {"shares": 0}, "facebook": {"likes": 0, "shares": 0, "comments": 0}, "stumbledupon": {"shares": 0}}, "site_full": "rus.tvnet.lv", "main_image": "http://rus.uk.itvnet.lv/article/novosti/339789_506x285.jpg", "site_section": "http://feeds.tvnet.lv/rustvnet/all/latest", "section_title": "TVNET Самые новые статьи", "url": "http://rus.tvnet.lv/novosti/sport/339789-njeymar_podal_v_sud_na_pravitjelstvo_brazilii", "country": "LV", "domain_rank": 3861, "title": "Неймар подал в суд на правительство Бразилии", "performance_score": 0, "site": "tvnet.lv", "participants_count": 0, "title_full": "Неймар подал в суд на правительство Бразилии", "spam_score": 0.0, "site_type": "news", "published": "2016-10-02T01:41:00.000+03:00", "replies_count": 0, "uuid": "ce1a7748d63ca5b4e87605ce8e771b31e69492a0"}, "author": "", "url": "http://rus.tvnet.lv/novosti/sport/339789-njeymar_podal_v_sud_na_pravitjelstvo_brazilii", "ord_in_thread": 0, "title": "Неймар подал в суд на правительство Бразилии", "locations": [], "entities": {"persons": [], "locations": [], "organizations": []}, "highlightText": "", "language": "russian", "persons": [], "text": "Tweet Нападающий футбольного клуба «Барселона» и национальной сборной Бразилии Неймар подал иск в суд на правительство страны из-за утечки информации о расследовании налоговых преступлений, в которых обвинялись он и его семья. \nВ федеральном суде города Бразилиа иск получили 17 мая. Ранее в марте 2016 года федеральный суд бразильского Сан-Паулу признал Неймара виновным в уклонении от уплаты налогов (2012-2014). По решению суда форвард сборной Бразилии должен перечислить в казну государства 46 млн евро, передает NEWSru. \nОтметим, что имя 24-летнего Неймара фигурирует еще в одном громком деле. Руководство «Барселоны» обвинялось в неуплате налогов на сумму 13 млн евро при переходе бразильца в каталонский клуб. \nПервоначально бывший президент «Барселоны» Сандро Росель заявлял, что Неймар обошелся клубу в 57,1 млн евро, однако руководство команды позднее признало наличие дополнительных контрактов с игроком, а отец Неймара в качестве реальной стоимости перехода назвал сумму в районе 100 млн евро. Реклама \nЭтим летом Неймар добавил несколько штрихов в историю футбола: сначала он забил самый быстрый мяч в истории Олимпиада, а затем привел Бразилию к первому олимпийскому титулу.", "external_links": [], "published": "2016-10-02T01:41:00.000+03:00", "crawled": "2016-10-01T21:16:21.032+03:00", "highlightTitle": ""}