{"organizations": [], "uuid": "8f6b1f99f3b35a56e6282ab437f6aa2f56d4a241", "thread": {"social": {"gplus": {"shares": 0}, "pinterest": {"shares": 0}, "vk": {"shares": 0}, "linkedin": {"shares": 0}, "facebook": {"likes": 0, "shares": 0, "comments": 0}, "stumbledupon": {"shares": 0}}, "site_full": "news.bigmir.net", "main_image": "http://bm.img.com.ua/berlin/storage/news/orig/7/47/fc9020b4ab1ebc48c0a3d3f0eb1ec477.jpg", "site_section": "http://news.bigmir.net/?_ctr=rss", "section_title": "Новости - Главная", "url": "http://news.bigmir.net/life/1029069-Den--v-foto--Procshanie-s-Shimonom-Peresom-v-Izraile--zaplyv-na-kanoe-v-Grecii-i-opera-v-Barselone", "country": "UA", "domain_rank": 3864, "title": "День в фото: Прощание с Шимоном Пересом в Израиле, заплыв на каноэ в Греции и опера в Барселоне", "performance_score": 0, "site": "bigmir.net", "participants_count": 0, "title_full": "День в фото: Прощание с Шимоном Пересом в Израиле, заплыв на каноэ в Греции и опера в Барселоне", "spam_score": 0.0, "site_type": "news", "published": "2016-10-01T00:00:00.000+03:00", "replies_count": 0, "uuid": "8f6b1f99f3b35a56e6282ab437f6aa2f56d4a241"}, "author": "", "url": "http://news.bigmir.net/life/1029069-Den--v-foto--Procshanie-s-Shimonom-Peresom-v-Izraile--zaplyv-na-kanoe-v-Grecii-i-opera-v-Barselone", "ord_in_thread": 0, "title": "День в фото: Прощание с Шимоном Пересом в Израиле, заплыв на каноэ в Греции и опера в Барселоне", "locations": [], "entities": {"persons": [], "locations": [], "organizations": []}, "highlightText": "", "language": "russian", "persons": [], "text": "День в фото: Прощание с Шимоном Пересом в Израиле, заплыв на каноэ в Греции и опера в Барселоне Вчера, 19:00 Комментариев: 1 Смотри самые яркие и интересные фото из Украины и мира за 29 - 30 сентября. День в фото: Прощание с Шимоном Пересом в Израиле, заплыв на каноэ в Греции и опера в Барселоне © На весь экран Свернуть День в фото: Прощание с Шимоном Пересом в Израиле, заплыв на каноэ в Греции и опера в Барселоне Показать полный текст", "external_links": [], "published": "2016-10-01T00:00:00.000+03:00", "crawled": "2016-10-01T02:18:30.612+03:00", "highlightTitle": ""}