{"organizations": [], "uuid": "c4e78d41b8b7ebaa86a6daaa7dbd644136991a84", "thread": {"social": {"gplus": {"shares": 0}, "pinterest": {"shares": 0}, "vk": {"shares": 0}, "linkedin": {"shares": 0}, "facebook": {"likes": 0, "shares": 0, "comments": 0}, "stumbledupon": {"shares": 0}}, "site_full": "news.mail.ru", "main_image": "https://news.mail.ru/social_preview/27310513/?time=8ee74b9ee14d7786e2c064477cb1268c", "site_section": "http://news.mail.ru//rss/", "section_title": "Новости Mail.Ru", "url": "https://news.mail.ru/incident/27310513/", "country": "RU", "domain_rank": 27, "title": "В Черновцах водитель маршрутки, которому стало плохо, сбил пешехода и врезался в дом", "performance_score": 0, "site": "mail.ru", "participants_count": 0, "title_full": "В Черновцах водитель маршрутки, которому стало плохо, сбил пешехода и врезался в дом", "spam_score": 0.0, "site_type": "news", "published": "2016-10-02T18:47:00.000+03:00", "replies_count": 0, "uuid": "c4e78d41b8b7ebaa86a6daaa7dbd644136991a84"}, "author": "", "url": "https://news.mail.ru/incident/27310513/", "ord_in_thread": 0, "title": "В Черновцах водитель маршрутки, которому стало плохо, сбил пешехода и врезался в дом", "locations": [], "entities": {"persons": [], "locations": [], "organizations": []}, "highlightText": "", "language": "russian", "persons": [], "text": "<!-- rb: 6032?_SITEZONE=4 --><!-- /rb: 6032?_SITEZONE=4 --> <!-- rb: 6030?_SITEZONE=4 --><!-- /rb: 6030?_SITEZONE=4 --> <!-- rb: 6029?_SITEZONE=4 --><!-- /rb: 6029?_SITEZONE=4   \nТеперь вы можете обсуждать последние новости и высказывать свое отношение к происходящему. 13:47 (мск) , источник: 112.ua В Черновцах водитель маршрутки, которому стало плохо, сбил пешехода и врезался в дом \nПогиб пожилой человек, пострадали пассажиры.", "external_links": [], "published": "2016-10-02T18:47:00.000+03:00", "crawled": "2016-10-02T14:31:56.281+03:00", "highlightTitle": ""}