{"organizations": [], "uuid": "505c8d694bca27efea1bcf857f78b17dfe6e5a24", "thread": {"social": {"gplus": {"shares": 0}, "pinterest": {"shares": 0}, "vk": {"shares": 0}, "linkedin": {"shares": 0}, "facebook": {"likes": 0, "shares": 0, "comments": 0}, "stumbledupon": {"shares": 0}}, "site_full": "www.yaplakal.com", "main_image": "http://s00.yaplakal.com/pics/pics_original/5/9/8/8497895.jpg", "site_section": "http://www.yaplakal.com/news.xml", "section_title": "ЯПлакалъ - развлекательное сообщество", "url": "http://www.yaplakal.com/forum7/topic1463510.html", "country": "DE", "domain_rank": 1217, "title": "Подъездная телепатия...", "performance_score": 0, "site": "yaplakal.com", "participants_count": 1, "title_full": "Подъездная телепатия...", "spam_score": 0.0, "site_type": "news", "published": "2016-10-03T21:26:00.000+03:00", "replies_count": 0, "uuid": "505c8d694bca27efea1bcf857f78b17dfe6e5a24"}, "author": "adm@yaplakal.com (tor8106)", "url": "http://www.yaplakal.com/forum7/topic1463510.html", "ord_in_thread": 0, "title": "Подъездная телепатия...", "locations": [], "entities": {"persons": [], "locations": [], "organizations": []}, "highlightText": "", "language": "russian", "persons": [], "text": "Заколебали курящие в подъездах.Вся вонь идет в квартиры выше этажами. Хм. Я живу на первом этаже. Ко мне эта история вполне могла бы подойти (если бы я курил). Раньше выносил мусор (на мусорку), и стоял курил с соседом. На улице возле подъезда.ЗЫ а так- меня курящие в подъездах бесят не менее. Это сообщение отредактировал Аттила - 3.10.2016 - 17:05", "external_links": [], "published": "2016-10-03T21:26:00.000+03:00", "crawled": "2016-10-04T02:16:39.875+03:00", "highlightTitle": ""}