{"organizations": [], "uuid": "7b5a730d08268f3dce7b8b8770a1aec863dbc1e4", "thread": {"social": {"gplus": {"shares": 0}, "pinterest": {"shares": 0}, "vk": {"shares": 0}, "linkedin": {"shares": 0}, "facebook": {"likes": 0, "shares": 0, "comments": 0}, "stumbledupon": {"shares": 0}}, "site_full": "rus.postimees.ee", "main_image": "http://f3.pmo.ee/f/2016/07/29/5666951t100heb5e.jpg", "site_section": "http://rus.postimees.ee/rss", "section_title": "Новости Эстонии - Postimees", "url": "http://rus.postimees.ee/3858953/hans-lujk-ilves-jeto-luchshee-chego-mogla-zhelat-jestonija", "country": "EE", "domain_rank": 3976, "title": "Ханс Луйк: Ильвес — это лучшее, чего могла желать Эстония", "performance_score": 0, "site": "postimees.ee", "participants_count": 1, "title_full": "Ханс Луйк: Ильвес — это лучшее, чего могла желать Эстония", "spam_score": 0.0, "site_type": "news", "published": "2016-10-03T19:52:00.000+03:00", "replies_count": 0, "uuid": "7b5a730d08268f3dce7b8b8770a1aec863dbc1e4"}, "author": "rus.postimees.ee", "url": "http://rus.postimees.ee/3858953/hans-lujk-ilves-jeto-luchshee-chego-mogla-zhelat-jestonija", "ord_in_thread": 0, "title": "Ханс Луйк: Ильвес — это лучшее, чего могла желать Эстония", "locations": [], "entities": {"persons": [], "locations": [], "organizations": []}, "highlightText": "", "language": "russian", "persons": [], "text": "/ : \nТоомас Хендрик Ильвес был очень нужным для Эстонии президентом, считает медиамагнат Ханс Х. Луйк. По его мнению, на фоне напряженной международной обстановки последних лет Ильвес — это лучшее, чего могла желать Эстония. \n\"Он — промоутер нашей безопасности\", — рассказал Ханс Луйк в интервью ETV, добавив, что в направлении внешней политики поведение Ильвеса было единственно правильным, сообщает портал Rus.err.ee . \n\"На фоне грубого нарушения суверенитета Украины со стороны России, лучшего президента, чем Тоомас Хендрик Ильвес, у нас бы и быть не могло\", — подчеркнул Луйк.", "external_links": [], "published": "2016-10-03T19:52:00.000+03:00", "crawled": "2016-10-03T15:14:55.849+03:00", "highlightTitle": ""}