{"organizations": [], "uuid": "d0d56608e5b9132cf33cf04a4807b5591f054121", "thread": {"social": {"gplus": {"shares": 0}, "pinterest": {"shares": 0}, "vk": {"shares": 0}, "linkedin": {"shares": 0}, "facebook": {"likes": 0, "shares": 0, "comments": 0}, "stumbledupon": {"shares": 0}}, "site_full": "news.meta.ua", "main_image": "http://picsnews.meta.ua/90x90/424/7/42407286-Ekspert-rasskazala-kak-otlichit-falshivuiu-valiutu.jpeg", "site_section": "http://news.meta.ua/rss/", "section_title": "МЕТА Новости", "url": "http://news.meta.ua/go.php?to=2016-10-50900142", "country": "UA", "domain_rank": 7703, "title": "Бизнес: Эксперт рассказала, как отличить фальшивую валюту", "performance_score": 0, "site": "meta.ua", "participants_count": 1, "title_full": "Бизнес: Эксперт рассказала, как отличить фальшивую валюту", "spam_score": 0.0, "site_type": "news", "published": "2016-10-03T13:00:00.000+03:00", "replies_count": 0, "uuid": "d0d56608e5b9132cf33cf04a4807b5591f054121"}, "author": "Бизнес", "url": "http://news.meta.ua/go.php?to=2016-10-50900142", "ord_in_thread": 0, "title": "Бизнес: Эксперт рассказала, как отличить фальшивую валюту", "locations": [], "entities": {"persons": [], "locations": [], "organizations": []}, "highlightText": "", "language": "russian", "persons": [], "text": "Эксперт советует обращать внимание на водяные знаки. Finance.ua >> сегодня,", "external_links": [], "published": "2016-10-03T13:00:00.000+03:00", "crawled": "2016-10-03T08:15:18.407+03:00", "highlightTitle": ""}