{"organizations": [], "uuid": "2a500bd52aaf7b860dea755be6150b0d038b1fb7", "thread": {"social": {"gplus": {"shares": 0}, "pinterest": {"shares": 0}, "vk": {"shares": 0}, "linkedin": {"shares": 0}, "facebook": {"likes": 0, "shares": 0, "comments": 0}, "stumbledupon": {"shares": 0}}, "site_full": "www.championat.com", "main_image": "https://img.championat.com/news2/social/8/a4/2595226.jpg", "site_section": "http://www.championat.com/xml/rss.xml", "section_title": "Чемпионат.com  (новости)", "url": "https://www.championat.com/boxing/news-2595226-smert-touella-vozrodila-v-britanii-prizyvy-k-zaprescheniju-boksa.html", "country": "RU", "domain_rank": 1710, "title": "Смерть Тоуэлла возродила в Британии призывы к запрещению бокса", "performance_score": 0, "site": "championat.com", "participants_count": 0, "title_full": "Смерть Тоуэлла возродила в Британии призывы к запрещению бокса", "spam_score": 0.0, "site_type": "news", "published": "2016-10-02T03:08:00.000+03:00", "replies_count": 0, "uuid": "2a500bd52aaf7b860dea755be6150b0d038b1fb7"}, "author": "", "url": "https://www.championat.com/boxing/news-2595226-smert-touella-vozrodila-v-britanii-prizyvy-k-zaprescheniju-boksa.html", "ord_in_thread": 0, "title": "Смерть Тоуэлла возродила в Британии призывы к запрещению бокса", "locations": [], "entities": {"persons": [], "locations": [], "organizations": []}, "highlightText": "", "language": "russian", "persons": [], "text": "Смерть Тоуэлла возродила в Британии призывы к запрещению бокса  08. Бокс Смерть шотландского боксёра Майка Тоуэлла в результате повреждений, полученных в бою за титул чемпиона Великобритании с Дэйлом Эвансом, возродила призывы к запрещению бокса, которые возникают после каждого несчастного случая на ринге. На этот раз с подобной инициативой выступил глава общества помощи людям с травмами головного мозга Headway — Питер Маккейб. «Это был молодой отец в полном расцвете сил, и сейчас всё внимание должно быть приковано к его семье, которой необходимо оказать поддержку. Но вопрос остаётся открытым: как много жизней ещё будет потеряно, прежде чем этот бессмысленный спорт запретят. До тех пор пока бокс будет разрешён, всё больше и больше молодых жизней будет прервано в результате стремления соперников нанести друг другу неврологический вред друг другу», — приводит слова Маккейба The Guardian. В то же время британский депутат Пол Флинн призвал хотя бы изменить правила бокса, чтобы минимизировать риск получения черепно-мозговой травмы у спортсменов. «Нужно изменить правила многих видов спорта. Голова — это очень деликатная часть тела, так что нужно как можно лучше защищать её и минимизировать количество ударов, которые могут привести к травме мозга», — отметил Флинн.", "external_links": [], "published": "2016-10-02T03:08:00.000+03:00", "crawled": "2016-10-01T22:22:29.350+03:00", "highlightTitle": ""}