{"organizations": [], "uuid": "e03dd179c522041855c0b4ef631667b226548de5", "thread": {"social": {"gplus": {"shares": 0}, "pinterest": {"shares": 0}, "vk": {"shares": 0}, "linkedin": {"shares": 0}, "facebook": {"likes": 2, "shares": 2, "comments": 0}, "stumbledupon": {"shares": 0}}, "site_full": "news.mail.ru", "main_image": "https://news.mail.ru/social_preview/27304094/?time=bd7ee01869a8a58daeea649060604a87", "site_section": "http://news.mail.ru//rss/society/", "section_title": "Новости Mail.Ru: Общество", "url": "https://news.mail.ru/society/27304094/", "country": "RU", "domain_rank": 27, "title": "Новые запрещающие знаки будут установлены на улицах Ядринцева и Баррикад в Иркутске", "performance_score": 0, "site": "mail.ru", "participants_count": 0, "title_full": "Новые запрещающие знаки будут установлены на улицах Ядринцева и Баррикад в Иркутске", "spam_score": 0.0, "site_type": "news", "published": "2016-10-01T19:52:00.000+03:00", "replies_count": 0, "uuid": "e03dd179c522041855c0b4ef631667b226548de5"}, "author": "", "url": "https://news.mail.ru/society/27304094/", "ord_in_thread": 0, "title": "Новые запрещающие знаки будут установлены на улицах Ядринцева и Баррикад в Иркутске", "locations": [], "entities": {"persons": [], "locations": [], "organizations": []}, "highlightText": "", "language": "russian", "persons": [], "text": "  \nТеперь вы можете обсуждать последние новости и высказывать свое отношение к происходящему. 14:52 (мск) , источник: IrkutskMedia.ru Новые запрещающие знаки будут установлены на улицах Ядринцева и Баррикад в Иркутске \nВ целях предотвращения аварийных ситуаций после изменения организации движения, проезд с улицы Ядринцева на Советскую с правым и левым поворотами будет запрещен.", "external_links": [], "published": "2016-10-01T19:52:00.000+03:00", "crawled": "2016-10-01T18:06:18.068+03:00", "highlightTitle": ""}