{"organizations": [], "uuid": "64902b5e22d1b257c88899801340c2653d3a7bca", "thread": {"social": {"gplus": {"shares": 0}, "pinterest": {"shares": 0}, "vk": {"shares": 0}, "linkedin": {"shares": 0}, "facebook": {"likes": 0, "shares": 0, "comments": 0}, "stumbledupon": {"shares": 0}}, "site_full": "www.perm.aif.ru", "main_image": "http://images.aif.ru/010/132/5b9e49c9fff0f0503d589bd848cd1ed0.jpg", "site_section": "http://www.perm.aif.ru/rss/all.php", "section_title": "АиФ-Прикамье", "url": "http://www.perm.aif.ru/incidents/dvoe_permyakov_napali_na_zhenshchinu_v_lesu", "country": "RU", "domain_rank": 3127, "title": "Двое пермяков напали на женщину в лесу", "performance_score": 0, "site": "aif.ru", "participants_count": 0, "title_full": "Двое пермяков напали на женщину в лесу", "spam_score": 0.0, "site_type": "news", "published": "2016-10-03T13:39:00.000+03:00", "replies_count": 0, "uuid": "64902b5e22d1b257c88899801340c2653d3a7bca"}, "author": "", "url": "http://www.perm.aif.ru/incidents/dvoe_permyakov_napali_na_zhenshchinu_v_lesu", "ord_in_thread": 0, "title": "Двое пермяков напали на женщину в лесу", "locations": [], "entities": {"persons": [], "locations": [], "organizations": []}, "highlightText": "", "language": "russian", "persons": [], "text": "Двое пермяков напали на женщину в лесу Пострадавшая осталась жива благодаря мужчине, спугнувшему преступников pixabay.com Пермь,   \nДвое пермяков напали на женщину в лесу. Как рассказали в пресс-службе МВД, инцидент произошёл прошлым летом. Накануне злоумышленникам был вынесен приговор. \nУстановлено, что двое мужчин в лесном массиве карьеров Заюрчум Савинского сельского поселения напали на женщину. Пострадавшая осталась жива благодаря мужчине, спугнувшему преступников и вызвавшему полицию. \nНа место прибыли стражи порядка, а пострадавшую госпитализировали. \nПолицейские установили личности преступников. Ими оказались двое молодых мужчин. Накануне над злоумышленниками состоялся суд. Одного из нападавших приговорили к 6 годам колонии строгого режима, второго - с учетом неотбытой части наказания по предыдущему приговору – к 8 годам колонии строгого режима.", "external_links": [], "published": "2016-10-03T13:39:00.000+03:00", "crawled": "2016-10-03T10:15:33.734+03:00", "highlightTitle": ""}