{"organizations": [], "uuid": "936602466f43cdaf834f96446368679892f4c29d", "thread": {"social": {"gplus": {"shares": 0}, "pinterest": {"shares": 0}, "vk": {"shares": 0}, "linkedin": {"shares": 0}, "facebook": {"likes": 0, "shares": 0, "comments": 0}, "stumbledupon": {"shares": 0}}, "site_full": "news.rambler.ru", "main_image": "https://news.rambler.ru/share/snippets/34876012/e663a408841fd9dead7086333635f117.png", "site_section": "http://news.rambler.ru/rss/Brazil/", "section_title": "Бразилия — Рамблер/новости", "url": "https://news.rambler.ru/sport/34876012-gol-vitino-prines-internasonalu-pobedu-v-matche-s-figeyrense/", "country": "RU", "domain_rank": 289, "title": "Гол Витиньо принёс «Интернасьоналу» победу в матче с «Фигейренсе»", "performance_score": 0, "site": "rambler.ru", "participants_count": 1, "title_full": "Гол Витиньо принёс «Интернасьоналу» победу в матче с «Фигейренсе»", "spam_score": 0.0, "site_type": "news", "published": "2016-10-02T10:52:00.000+03:00", "replies_count": 0, "uuid": "936602466f43cdaf834f96446368679892f4c29d"}, "author": "Чемпионат.com", "url": "https://news.rambler.ru/sport/34876012-gol-vitino-prines-internasonalu-pobedu-v-matche-s-figeyrense/", "ord_in_thread": 0, "title": "Гол Витиньо принёс «Интернасьоналу» победу в матче с «Фигейренсе»", "locations": [], "entities": {"persons": [], "locations": [], "organizations": []}, "highlightText": "", "language": "russian", "persons": [], "text": "  «Интернасьонал» в матче 28-го тура чемпионата Бразилии на домашнем поле со счётом 1:0 выиграл у «Фигейренсе». Единственный мяч на 5-й минуте забил нападающий хозяев Витиньо, выступающий за «Интернасьонал» на правах аренды из московского ЦСКА. Этот мяч стал для 22-летнего игрока пятым в сезоне. «Интернасьонал» прервал череду из четырёх кряду поражений, но по-прежнему продолжает идти в зоне вылета (18 место), набрав лишь 30 очков. «Фигейренсе» с 31 очками расположился на одну строчку выше.", "external_links": [], "published": "2016-10-02T10:52:00.000+03:00", "crawled": "2016-10-02T06:25:17.984+03:00", "highlightTitle": ""}