{"organizations": [], "uuid": "34a41bdc400328d389e49b11b0eeeda3c5aa3790", "thread": {"social": {"gplus": {"shares": 0}, "pinterest": {"shares": 0}, "vk": {"shares": 0}, "linkedin": {"shares": 0}, "facebook": {"likes": 0, "shares": 0, "comments": 0}, "stumbledupon": {"shares": 0}}, "site_full": "rus.tvnet.lv", "main_image": "http://rus.uk.itvnet.lv/article/novosti/339764_506x285.jpg", "site_section": "http://feeds.tvnet.lv/rustvnet/all/latest", "section_title": "TVNET Самые новые статьи", "url": "http://rus.tvnet.lv/novosti/ekonomika/339764-csu_bolshaja_chast_bjezrabotnih_muzhchini", "country": "LV", "domain_rank": 3861, "title": "ЦСУ: большая часть безработных - мужчины", "performance_score": 0, "site": "tvnet.lv", "participants_count": 0, "title_full": "ЦСУ: большая часть безработных - мужчины", "spam_score": 0.0, "site_type": "news", "published": "2016-10-01T18:52:00.000+03:00", "replies_count": 0, "uuid": "34a41bdc400328d389e49b11b0eeeda3c5aa3790"}, "author": "", "url": "http://rus.tvnet.lv/novosti/ekonomika/339764-csu_bolshaja_chast_bjezrabotnih_muzhchini", "ord_in_thread": 0, "title": "ЦСУ: большая часть безработных - мужчины", "locations": [], "entities": {"persons": [], "locations": [], "organizations": []}, "highlightText": "", "language": "russian", "persons": [], "text": "Tweet Большая часть безработных – мужчины, свидетельствуют данные Центрального статистического управления (ЦСУ). \nПо данным ЦСУ, из всех латвийских жителей не имеют работы 55 400 мужчин и 42 800 женщин, в свою очередь трудоустроены 443 900 мужчин и 452 100 женщин. \nЭкономически неактивными в Латвии являются 190 800 мужчин и 287 600 женщин, из них 54 000 мужчин и 55 400 женщин учатся в вузе или школе, 13 800 мужчин и 48 300 женщин занимаются домашним хозяйством, вышли на пенсию или не работают 80 700 мужчин и 138 800 женщин. Еще по этой теме", "external_links": [], "published": "2016-10-01T18:52:00.000+03:00", "crawled": "2016-10-01T14:09:18.708+03:00", "highlightTitle": ""}