{"organizations": [], "uuid": "9282a871d4d926317fa6e07c4ecf0189e6bcbb11", "thread": {"social": {"gplus": {"shares": 0}, "pinterest": {"shares": 0}, "vk": {"shares": 0}, "linkedin": {"shares": 0}, "facebook": {"likes": 0, "shares": 0, "comments": 0}, "stumbledupon": {"shares": 0}}, "site_full": "telegraf.com.ua", "main_image": "http://telegraf.com.ua/files/2016/10/1475418762_springsprites-567x309.jpg", "site_section": "http://telegraf.com.ua/yandex-feed", "section_title": "ТЕЛЕГРАФ - последние новости Украины и мира", "url": "http://telegraf.com.ua/nauka/2872052-zapechatlen-krupneyshiy-elektricheskiy-sprayt.html", "country": "UA", "domain_rank": 1750, "title": "Запечатлен крупнейший электрический спрайт", "performance_score": 0, "site": "telegraf.com.ua", "participants_count": 0, "title_full": "Запечатлен крупнейший электрический спрайт", "spam_score": 0.0, "site_type": "news", "published": "2016-10-03T12:18:00.000+03:00", "replies_count": 0, "uuid": "9282a871d4d926317fa6e07c4ecf0189e6bcbb11"}, "author": "", "url": "http://telegraf.com.ua/nauka/2872052-zapechatlen-krupneyshiy-elektricheskiy-sprayt.html", "ord_in_thread": 0, "title": "Запечатлен крупнейший электрический спрайт", "locations": [], "entities": {"persons": [], "locations": [], "organizations": []}, "highlightText": "", "language": "russian", "persons": [], "text": "Фото: vistanews.ru Уникальное явление произошло этой ночью, 2 октября. \nМасштабшнейший электрический спрайт был заснят очевидцами в Пуэрто-Рико. Уникальное явление произошло этой ночью, 2 октября. Спрайты представляют собой большие разряды электричества, выплескивающиеся над грозовыми тучами. \nПоявляются разноцветные формы в ночном небе вследствие разряда молний между тучами и земной поверхностью. В первый раз данное явление было замечено в 1989 году научными работниками американского Миннесотского университета. \nК слову, спрайты фактически не известны для обычного населения. Даже ученые не всегда могут спрогнозировать их появление. По словам специалистов, разряды образуются группами, а также движутся хаотичными образом. \nНа протяжении пяти лет, профессора пытались разобраться с образование явления, но устройства фиксировали только маленькие вспышки на небольшой высоте. \nПосле длительных экспериментов, ученым все-таки удалось изобрести специальный пакет инструментов, позволяющий провести необходимые исследования посредством размещения фотоаппаратов на станциях на Международной космической станции.", "external_links": [], "published": "2016-10-03T12:18:00.000+03:00", "crawled": "2016-10-03T08:03:09.479+03:00", "highlightTitle": ""}