{"organizations": [], "uuid": "af8983a53b9019acc0833be90e06350fbac2eb09", "thread": {"social": {"gplus": {"shares": 0}, "pinterest": {"shares": 0}, "vk": {"shares": 0}, "linkedin": {"shares": 0}, "facebook": {"likes": 0, "shares": 0, "comments": 0}, "stumbledupon": {"shares": 0}}, "site_full": "www.segodnya.ua", "main_image": "http://sport.segodnya.ua/img/article/7569/7_main.jpg", "site_section": "http://www.segodnya.ua/xml/rss/specials.html", "section_title": "СЕГОДНЯ | Самые актуальные новости, мнения, комментарии", "url": "http://www.segodnya.ua/boxing/tayson-fyuri-poluchit-status-chempion-v-otpuske-756907.html", "country": "UA", "domain_rank": 5884, "title": "Тайсон Фьюри получит статус \"чемпион в отпуске\"", "performance_score": 0, "site": "segodnya.ua", "participants_count": 0, "title_full": "Тайсон Фьюри получит статус \"чемпион в отпуске\"", "spam_score": 0.0, "site_type": "news", "published": "2016-10-03T15:40:00.000+03:00", "replies_count": 0, "uuid": "af8983a53b9019acc0833be90e06350fbac2eb09"}, "author": "", "url": "http://www.segodnya.ua/boxing/tayson-fyuri-poluchit-status-chempion-v-otpuske-756907.html", "ord_in_thread": 0, "title": "Тайсон Фьюри получит статус \"чемпион в отпуске\"", "locations": [], "entities": {"persons": [], "locations": [], "organizations": []}, "highlightText": "", "language": "russian", "persons": [], "text": "× E-mail: Тайсон Фьюри получит статус \"чемпион в отпуске\" http://www.segodnya.ua/img/article/7569/7_main.jpg http://www.segodnya.ua/img/article/7569/7_tn.jpg 2016-10-03T10:40:23+03:00 Бокс Вакантный титул WBA разыграют Владимир Кличко и Лукас Браун Тайсон Фьюри. Фото AFP Тайсон Фьюри получит статус \"чемпион в отпуске\" Вакантный титул WBA разыграют Владимир Кличко и Лукас Браун Президент Всемирной боксерской ассоциации (WBA) Жилберто Мендоса сообщил о том, что чемпион мира в супертяжелом весе по версиям WBA, WBO и IBO 28-летний британец Тайсон Фьюри получит статус \"чемпион в отпуске\". За вакантный титул поборются экс-чемпионы мира в супертяжелом весе 40-летний Украинец Владимир Кличко и 37-летний австралиец Лукас Браун. Что интересно, Фьюри в дальнейшем сможет провести поединок с победителем этого боя. Читайте также:", "external_links": [], "published": "2016-10-03T15:40:00.000+03:00", "crawled": "2016-10-03T10:47:05.796+03:00", "highlightTitle": ""}