{"organizations": [], "uuid": "23d4e92de97870015467d6234ffd75f7e5a53a31", "thread": {"social": {"gplus": {"shares": 0}, "pinterest": {"shares": 0}, "vk": {"shares": 0}, "linkedin": {"shares": 0}, "facebook": {"likes": 0, "shares": 0, "comments": 0}, "stumbledupon": {"shares": 0}}, "site_full": "ru.tsn.ua", "main_image": "http://image.tsn.ua/media/images4/608xX/Aug2016/385685868.jpg", "site_section": "http://ru.tsn.ua/rss", "section_title": "Новости на tsn.ua", "url": "http://ru.tsn.ua/politika/v-nabu-preduprezhdayut-ob-ugroze-haosa-iz-za-iniciativ-lucenko-721019.html", "country": "UA", "domain_rank": 6707, "title": "В НАБУ предупреждают об угрозе \"хаоса\" из-за инициатив Луценко (видео)", "performance_score": 0, "site": "tsn.ua", "participants_count": 0, "title_full": "В НАБУ предупреждают об угрозе \"хаоса\" из-за инициатив Луценко (видео)", "spam_score": 0.0, "site_type": "news", "published": "2016-10-01T05:04:00.000+03:00", "replies_count": 0, "uuid": "23d4e92de97870015467d6234ffd75f7e5a53a31"}, "author": "", "url": "http://ru.tsn.ua/politika/v-nabu-preduprezhdayut-ob-ugroze-haosa-iz-za-iniciativ-lucenko-721019.html", "ord_in_thread": 0, "title": "В НАБУ предупреждают об угрозе \"хаоса\" из-за инициатив Луценко (видео)", "locations": [], "entities": {"persons": [], "locations": [], "organizations": []}, "highlightText": "", "language": "russian", "persons": [], "text": "тел.: +38 (044) 585-80-86 е-mail: partners@tsn.ua © TCH.ua. Усі права захищені. Будь-яке копiювання, публiкацiя, передрук суворо забороняється. Передрук усіх інших матеріалів, у тому числі відеосюжетів, а також цитування будь-якої інформації з ефіру телеканалу «1+1», дозволяється тільки за умови посилання на TCH.ua за винятком використання таких матеріалів у мобільних, Smart TV та інших додатках. В НАБУ предупреждают об угрозе \"хаоса\" из-за инициатив Луценко © УНИАН Добавить в избранное В ведомстве раскритиковали идею внести изменения в Уголовно-процессуальный кодекс. \nИдея предоставить генеральному прокурору право определять подследственность преступлений снизит эффективность борьбы с коррупцией и может навредить международному имиджу Украины. \nОб этом говорится в заявлении Национального антикоррупционного бюро Украины. \n\"Предложенные вероятные изменения в УПК Украины... вместо слаженной работы правоохранительных органов по разоблачению фактов коррупции, могут привести к хаосу\", - отмечают в НАБУ. Читайте также: НАБУ задержало следователя особо важных дел ГПУ за злоупотребление служебным положением \nВ ведомстве говорят, что сейчас действующее законодательство четко оговаривает, какие правонарушения должно расследовать НАБУ. Если оперативные подразделения любого правоохранительного органа обнаруживают признаки правонарушения, они обязаны направить соответствующие материалы в тот правоохранительный орган, к которому по подследственности относится совершенное преступление. \nВ НАБУ считают, что отказ от этого правила позволит оперативным подразделениям всех правоохранительных органов направлять материалы о задокументированных преступлений, расследование которых относится к компетенции НАБУ, на собственное усмотрение в зависимости от взаимоотношений с определенными следственными подразделениями, пренебрегая требованиями подследственности. \n\"Это приведет к тому, что правоохранительные органы вместо того, чтобы делать свое дело, будут заниматься тем, что будут активно регистрировать уголовные производства в отношении министров и губернаторов (что является подследственностью НАБУ) ради пиара\", - считает директор Антикоррупционного бюро Артем Сытник. Читайте также: НАБУ объяснило, почему Генпрокуратура не может закрыть дело против Авакова \nВ НАБУ считают, что такой подход подрывает базовые основы функционирования Национального антикоррупционного бюро, одной из которых является его независимость. \nНапомним, генеральный прокурор Юрий Луценко заявил, что будет сам решать, какие дела отдавать в НАБУ , и собирается инициировать соответствующие изменения в закон. \nНедавно собственно видео с конфликтом между НАБУ и ГПУ демонстрировали в антикоррупционном бюро . Там речь шла о захваченных детективах, которых удерживали в Генпрокуратуре. Как утверждают в НАБУ, там прокуроры били и допрашивали незаконно задержанных людей. Пострадавшие опознали в одном из палачей Дмитрия Суса, который фигурирует и на другом видео. Это старший следователь ГПУ по особо важным делам в области экономики. За ним работники НАБУ несколько месяцев следили из засады в обычной квартире Киева, окна которой выходят прямо на один из департаментов ГПУ. Сус с коллегами объясняли: заподозрили, что из окон выслеживают их из криминального мира. А работников НАБУ не узнали, потому что те, мол, не показали документов. \nСус фигурирует в противостоянии между силовыми структурами с самого начала. Еще 5 августа он приходил в НАБУ с обыском . Тогда же директор антикоррупционного бюро Сытник назвал это попыткой дискредитации его ведомства. После второго скандала с прокурорскими силовиками Сытник подчеркнул, что никакой войны между ГПУ и бюро нет . Хотя работники структур завели несколько уголовных производств одни об одних. Детективы НАБУ поймали следователя Генпрокуратуры на краже", "external_links": [], "published": "2016-10-01T05:04:00.000+03:00", "crawled": "2016-10-01T06:30:43.751+03:00", "highlightTitle": ""}