{"organizations": [], "uuid": "888409d763f8ed44412612564edf1d134ccf09be", "thread": {"social": {"gplus": {"shares": 8}, "pinterest": {"shares": 0}, "vk": {"shares": 0}, "linkedin": {"shares": 0}, "facebook": {"likes": 13, "shares": 13, "comments": 0}, "stumbledupon": {"shares": 0}}, "site_full": "rusvesna.su", "main_image": "http://rusvesna.su/sites/default/files/styles/487_256/public/opolchenie_151.jpg?itok=TN6F93gv", "site_section": "http://rusvesna.su/rss.xml", "section_title": "Русская весна", "url": "http://rusvesna.su/news/1475503848", "country": "US", "domain_rank": 4346, "title": "СРОЧНО: Разведение сил на Донбассе сорвано по вине Киева, ДНР возвращает войска на позиции", "performance_score": 0, "site": "rusvesna.su", "participants_count": 0, "title_full": "СРОЧНО: Разведение сил на Донбассе сорвано по вине Киева, ДНР возвращает войска на позиции", "spam_score": 0.0, "site_type": "news", "published": "2016-10-03T22:10:00.000+03:00", "replies_count": 0, "uuid": "888409d763f8ed44412612564edf1d134ccf09be"}, "author": "", "url": "http://rusvesna.su/news/1475503848", "ord_in_thread": 0, "title": "СРОЧНО: Разведение сил на Донбассе сорвано по вине Киева, ДНР возвращает войска на позиции", "locations": [], "entities": {"persons": [], "locations": [], "organizations": []}, "highlightText": "", "language": "russian", "persons": [], "text": "СРОЧНО: Разведение сил на Донбассе сорвано по вине Киева, ДНР возвращает войска на позиции 03.10.2016 - 17:10 \nМинобороны Донецкой народной республики решило вернуть ополченцев на позиции в районе Петровского из-за обстрелов со стороны украинских военных, заявил заместитель командующего оперативным командованием ДНР Эдуард Басурин. \nРанее ополченцы ДНР завершили отвод сил от линии соприкосновения в районе Петровского в Донбассе. \nПредставитель Совместного центра по контролю и координации режима прекращения огня заявил, что украинские военные ведут обстрел в районе Петровского. \n«Принято решение возвращать подразделения на свои (позиции, — ред.) в связи с тем, что Украина отказалась выполнять (соглашение об отводе, — ред.)», — заявил Басурин журналистам. \nВ штабе Народной милиции ЛНР ранее также заявили, что украинские военные отказались от разведения сил и средств в районе Станицы Луганской.  ", "external_links": [], "published": "2016-10-03T22:10:00.000+03:00", "crawled": "2016-10-03T17:49:15.997+03:00", "highlightTitle": ""}