{"organizations": [], "uuid": "efaa9e752ce4f4d35847f3c43a7c59baf4d23a93", "thread": {"social": {"gplus": {"shares": 0}, "pinterest": {"shares": 0}, "vk": {"shares": 0}, "linkedin": {"shares": 0}, "facebook": {"likes": 0, "shares": 0, "comments": 0}, "stumbledupon": {"shares": 0}}, "site_full": "www.championat.com", "main_image": "https://img.championat.com/news2/social/5/9e/2594792.jpg", "site_section": "http://www.championat.com/xml/rss.xml", "section_title": "Чемпионат.com  (новости)", "url": "https://www.championat.com/tennis/news-2594792-kristina-plishkova-stala-chempionkoj-turnira-v-tashkente-odolev-hibino.html", "country": "RU", "domain_rank": 1710, "title": "Кристина Плишкова стала чемпионкой турнира в Ташкенте, одолев Хибино", "performance_score": 0, "site": "championat.com", "participants_count": 0, "title_full": "Кристина Плишкова стала чемпионкой турнира в Ташкенте, одолев Хибино", "spam_score": 0.0, "site_type": "news", "published": "2016-10-01T19:07:00.000+03:00", "replies_count": 0, "uuid": "efaa9e752ce4f4d35847f3c43a7c59baf4d23a93"}, "author": "", "url": "https://www.championat.com/tennis/news-2594792-kristina-plishkova-stala-chempionkoj-turnira-v-tashkente-odolev-hibino.html", "ord_in_thread": 0, "title": "Кристина Плишкова стала чемпионкой турнира в Ташкенте, одолев Хибино", "locations": [], "entities": {"persons": [], "locations": [], "organizations": []}, "highlightText": "", "language": "russian", "persons": [], "text": "Кристина Плишкова стала чемпионкой турнира в Ташкенте, одолев Хибино  07. Теннис Чешка Кристина Плишкова в финале турнира в Ташкенте победила японку Нао Хибино (4) со счётом 6:3, 2:6, 6:3. Теннисистки провели на корте 1 час 46 минут. За это время 24-летняя уроженка Лоуни, занимающая 100-е место в рейтинге WТА, исполнила 10 эйсов, обошлась без двойных ошибок, реализовала 4 брейк-пойнта из 8 и проиграла 3 гейма на своей подаче. Для Кристины этот титул стал первым в карьере на турнирах WТА в одиночном разряде, а 21-летняя Хибино не смогла защитить трофей, завоёванный в Ташкенте год назад.", "external_links": [], "published": "2016-10-01T19:07:00.000+03:00", "crawled": "2016-10-01T14:10:57.890+03:00", "highlightTitle": ""}