{"organizations": [], "uuid": "8bbad13c93945bae4f18af2c317fcf6ea65db407", "thread": {"social": {"gplus": {"shares": 0}, "pinterest": {"shares": 0}, "vk": {"shares": 0}, "linkedin": {"shares": 0}, "facebook": {"likes": 0, "shares": 0, "comments": 0}, "stumbledupon": {"shares": 0}}, "site_full": "news.meta.ua", "main_image": "http://picsnews.meta.ua/90x90/423/89/42389998-Skolko-gaza-Ukraina-nakopila-v-PKhG-za-sutki.jpeg", "site_section": "http://news.meta.ua/rss/", "section_title": "МЕТА Новости", "url": "http://news.meta.ua/go.php?to=2016-10-50883044", "country": "UA", "domain_rank": 7703, "title": "Бизнес: Сколько газа Украина накопила в ПХГ за сутки", "performance_score": 0, "site": "meta.ua", "participants_count": 1, "title_full": "Бизнес: Сколько газа Украина накопила в ПХГ за сутки", "spam_score": 0.0, "site_type": "news", "published": "2016-10-01T15:30:00.000+03:00", "replies_count": 0, "uuid": "8bbad13c93945bae4f18af2c317fcf6ea65db407"}, "author": "Бизнес", "url": "http://news.meta.ua/go.php?to=2016-10-50883044", "ord_in_thread": 0, "title": "Бизнес: Сколько газа Украина накопила в ПХГ за сутки", "locations": [], "entities": {"persons": [], "locations": [], "organizations": []}, "highlightText": "", "language": "russian", "persons": [], "text": "\"Укртрансгаза\", уровень заполнения хранилищ увеличился до 45,9% с 45,75% по состоянию на 28 сентября, когда в украинских ПХГ находилось 14,16 миллиарда кубометров газа. UBR.UA >> сегодня, 10:30 \nОбъем газа в подземных хранилищах (ПХГ) Украины на 29 сентября составил 14,208 миллиарда кубометров, увеличившись за сутки на 0,34%, свидетельствуют данные на сайте \"Укртрансгаза\". Об этом пишет Прайм. \nПо данным \"Укртрансгаза\", уровень заполнения хранилищ увеличился до 45,9% с 45,75% по состоянию на 28 сентября, когда в украинских ПХГ находилось 14,16 миллиарда кубометров газа.", "external_links": [], "published": "2016-10-01T15:30:00.000+03:00", "crawled": "2016-10-01T10:45:46.892+03:00", "highlightTitle": ""}