{"organizations": [], "uuid": "804340cc0fcfc377975b393344e5cb1d0e8aad33", "thread": {"social": {"gplus": {"shares": 0}, "pinterest": {"shares": 0}, "vk": {"shares": 0}, "linkedin": {"shares": 0}, "facebook": {"likes": 0, "shares": 0, "comments": 0}, "stumbledupon": {"shares": 0}}, "site_full": "ria.ru", "main_image": "https://cdn2.img.ria.ru/images/147819/79/1478197956.jpg", "site_section": "http://ria.ru/defense_safety/", "section_title": "Безопасность | РИА Новости", "url": "http://ria.ru/defense_safety/20160930/1478195251.html", "country": "RU", "domain_rank": 868, "title": "Военные на Кавказе получили более тысячи защитных комплектов \"Ковбой\"", "performance_score": 0, "site": "ria.ru", "participants_count": 8, "title_full": "Военные на Кавказе получили более тысячи защитных комплектов \"Ковбой\" | РИА Новости", "spam_score": 0.122, "site_type": "news", "published": "2016-09-30T06:03:00.000+03:00", "replies_count": 10, "uuid": "804340cc0fcfc377975b393344e5cb1d0e8aad33"}, "author": "ria.ru", "url": "http://ria.ru/defense_safety/20160930/1478195251.html", "ord_in_thread": 0, "title": "Военные на Кавказе получили более тысячи защитных комплектов \"Ковбой\"", "locations": [], "entities": {"persons": [], "locations": [], "organizations": []}, "highlightText": "", "language": "russian", "persons": [], "text": "МОСКВА, 30 сен — РИА Новости. Российские военные на Северном Кавказе получили более тысячи новых защитных комплектов \"Ковбой\", сообщила в пятницу пресс-служба Южного военного округа.\n\"В 58 общевойсковую армию Южного военного округа (ЮВО), дислоцированную на Северном Кавказе, в сентябре поступило более 1 тысячи комплектов \"Ковбой\". В ходе летнего периода обучения на боевой технике водители отработали способы эвакуации из бронемашин с использованием современной экипировки, поступившей в войска ЮВО\", — говорится в сообщении.\nКостюм \"Ковбой\", оборудованный специальными петлями для эвакуации водителей из бронемашин, сокращает время эвакуации в два раза, что повышает живучесть экипажа. \"Ковбой\" сделан из ткани на основе арамидных волокон, сравнимой по свойствам со сталью, при этом он гораздо легче. В случае возгорания бронетранспортера \"Ковбой\" защищает водителя от открытого пламени в течение 15 секунд — это дает военному возможность покинуть горящую машину.\nВ состав комплекта входят противоосколочный бронежилет первого класса защиты, противоосколочная накладка на танковый шлемофон и огнезащитный комбинезон. Бронежилет обеспечивает защиту от осколков, отмечает пресс-служба.\n\"Ковбой\" стал первым в истории ВС РФ комплексным средством индивидуальной защиты для экипажей различных бронемашин.", "external_links": [], "published": "2016-09-30T06:03:00.000+03:00", "crawled": "2016-10-01T07:42:15.941+03:00", "highlightTitle": ""}