{"organizations": [], "uuid": "a950c137f66a8f78c750be7a91681bcca1f78e4a", "thread": {"social": {"gplus": {"shares": 0}, "pinterest": {"shares": 0}, "vk": {"shares": 0}, "linkedin": {"shares": 0}, "facebook": {"likes": 0, "shares": 0, "comments": 0}, "stumbledupon": {"shares": 0}}, "site_full": "www.mk.ru", "main_image": "http://www.mk.ru/media/img/mk.ru/mkru_og.jpg", "site_section": "http://www.mk.ru/rss/news/index.xml", "section_title": "Новостная лента - Московский Комсомолец", "url": "http://www.mk.ru/economics/2016/10/03/lukashenko-trebovaniya-mvf-nepodyomny-i-unizitelny-dlya-naroda-belorussii.html", "country": "RU", "domain_rank": 3246, "title": "Лукашенко: требования МВФ неподъёмны и унизительны для народа Белоруссии", "performance_score": 0, "site": "mk.ru", "participants_count": 0, "title_full": "Лукашенко: требования МВФ неподъёмны и унизительны для народа Белоруссии", "spam_score": 0.0, "site_type": "news", "published": "2016-10-03T21:39:00.000+03:00", "replies_count": 0, "uuid": "a950c137f66a8f78c750be7a91681bcca1f78e4a"}, "author": "", "url": "http://www.mk.ru/economics/2016/10/03/lukashenko-trebovaniya-mvf-nepodyomny-i-unizitelny-dlya-naroda-belorussii.html", "ord_in_thread": 0, "title": "Лукашенко: требования МВФ неподъёмны и унизительны для народа Белоруссии", "locations": [], "entities": {"persons": [], "locations": [], "organizations": []}, "highlightText": "", "language": "russian", "persons": [], "text": "Лукашенко: требования МВФ неподъёмны и унизительны для народа Белоруссии Сегодня в 16:39, просмотров: 48 \nПрезидент Белоруссии Александр Лукашенко на совещании по вопросам взаимодействия с Международным валютным фондом (МВФ) заявил, что условия получения дешевых кредитов этой организации неприемлемы для страны. \n«Да, хочется получить три миллиарда дешевого кредита. Я тоже за. Но цена совершенно неподъемная для нас и несправедливая по отношению к народу», - отметил он, подчеркнув, что принятие условий МВФ перечеркнет все предшествующие усилия властей. \nКак передает БелТА, Лукашенко уточнил, что, по его мнению, МВФ не хочет «удушить» Белоруссию, однако требования фактически сводятся к этому. В качестве примера он привел повышение тарифов и отказ от повышения зарплат. «Нищим белорусский народ мы делать не имеем права», - подчеркнул глава государства. \nОн добавил, что считает такие условия унизительными, усомнившись в том, что народ Белоруссии поддержит условия МВФ.", "external_links": [], "published": "2016-10-03T21:39:00.000+03:00", "crawled": "2016-10-03T16:47:26.789+03:00", "highlightTitle": ""}