{"organizations": [], "uuid": "5c378ea8bdc5049049b6021c95de190c3c5928a6", "thread": {"social": {"gplus": {"shares": 0}, "pinterest": {"shares": 0}, "vk": {"shares": 0}, "linkedin": {"shares": 0}, "facebook": {"likes": 0, "shares": 0, "comments": 0}, "stumbledupon": {"shares": 0}}, "site_full": "www.sports.ru", "main_image": "https://s5o.ru/common/images/i/logo/300x300_sports.png", "site_section": "http://www.sports.ru/rss/all_news.xml", "section_title": "Новости - Футбол, хоккей, баскетбол, теннис, бокс, Формула-1 – все новости спорта на Sports.ru", "url": "http://www.sports.ru/hockey/1044424457.html", "country": "RU", "domain_rank": 2139, "title": "Александр Гулявцев: «Домашняя серия «Северстали» была непростой, но ребята справились»", "performance_score": 0, "site": "sports.ru", "participants_count": 0, "title_full": "Александр Гулявцев: «Домашняя серия «Северстали» была непростой, но ребята справились»", "spam_score": 0.0, "site_type": "news", "published": "2016-10-02T01:39:00.000+03:00", "replies_count": 0, "uuid": "5c378ea8bdc5049049b6021c95de190c3c5928a6"}, "author": "", "url": "http://www.sports.ru/hockey/1044424457.html", "ord_in_thread": 0, "title": "Александр Гулявцев: «Домашняя серия «Северстали» была непростой, но ребята справились»", "locations": [], "entities": {"persons": [], "locations": [], "organizations": []}, "highlightText": "", "language": "russian", "persons": [], "text": "Теги Северсталь Александр Гулявцев КХЛ Динамо Главный тренер «Северстали» Александр Гулявцев после победы над московским «Динамо» (2:1) оценил игру команды и поблагодарил за результаты домашней серии. «Провели хороший матч. Зная стиль «Динамо», попытались извлечь урок из прошлых ошибок, когда проваливали первые периоды. Донесли до ребят, что нужно сразу играть активно. Первый период получился. Во втором динамовцы добавили. Мы где-то оказались не готовы, тем не менее выстояли. После нелепо пропущенного гола чуть-чуть потеряли концентрацию, играя в большинстве, забили второй гол. В целом хочу ребят поблагодарить за домашнюю серию. Она была непростой, но ребята справились», — сказал Гулявцев.", "external_links": [], "published": "2016-10-02T01:39:00.000+03:00", "crawled": "2016-10-01T20:52:40.941+03:00", "highlightTitle": ""}