{"organizations": [], "uuid": "bbe9d63d0fa79e7c3b4e45a236f8ab444a7514c8", "thread": {"social": {"gplus": {"shares": 0}, "pinterest": {"shares": 0}, "vk": {"shares": 0}, "linkedin": {"shares": 0}, "facebook": {"likes": 0, "shares": 0, "comments": 0}, "stumbledupon": {"shares": 0}}, "site_full": "lenta.ru", "main_image": "https://icdn.lenta.ru/images/2016/10/03/13/20161003132542459/original_9503e76587b25aac944422b115eac561.jpg", "site_section": "http://lenta.ru/rss/news", "section_title": "Lenta.ru : Новости", "url": "https://lenta.ru/news/2016/10/04/sanandreas/", "country": "RU", "domain_rank": 659, "title": "Калифорнии предрекли мощнейшее землетрясение", "performance_score": 0, "site": "lenta.ru", "participants_count": 0, "title_full": "Калифорнии предрекли мощнейшее землетрясение", "spam_score": 0.0, "site_type": "news", "published": "2016-10-04T05:06:00.000+03:00", "replies_count": 0, "uuid": "bbe9d63d0fa79e7c3b4e45a236f8ab444a7514c8"}, "author": "", "url": "https://lenta.ru/news/2016/10/04/sanandreas/", "ord_in_thread": 0, "title": "Калифорнии предрекли мощнейшее землетрясение", "locations": [], "entities": {"persons": [], "locations": [], "organizations": []}, "highlightText": "", "language": "russian", "persons": [], "text": "00:06, 4 октября 2016 Калифорнии предрекли мощнейшее землетрясение \nГеофизики спрогнозировали резкое увеличение риска возникновения сильного землетрясения в Калифорнии, связанного с активностью в районе недалеко от разлома Сан-Андреас, образовавшегося между Тихоокеанской и Североамериканской плитами. Об этом сообщает издание Los Angeles Times. \nНа прошлой неделе сейсмологи зарегистрировали несколько слабых подземных толчков магнитудой до 4,3. Землетрясения длились около суток. Всего датчики зафиксировали 200 локальных участков с подземными толчками. Природное явление произошло в одном из самых сейсмически сложных районов Калифорнии. \nЗемлетрясение, как полагают ученые, может инициировать активность Сан-Андреаса . Крупные землетрясения в этом регионе происходят каждые 150-200 лет и, по мнению геофизиков, время для такого события уже наступило. Материалы по теме", "external_links": [], "published": "2016-10-04T05:06:00.000+03:00", "crawled": "2016-10-04T00:24:14.418+03:00", "highlightTitle": ""}