{"organizations": [], "uuid": "99bbd8fc99f9458417204a7107d21a0e03272d60", "thread": {"social": {"gplus": {"shares": 0}, "pinterest": {"shares": 0}, "vk": {"shares": 0}, "linkedin": {"shares": 0}, "facebook": {"likes": 1, "shares": 1, "comments": 0}, "stumbledupon": {"shares": 0}}, "site_full": "www.newsru.com", "main_image": "http://image.newsru.com/v2/02/2016/10//.jpg", "site_section": "http://feeds.newsru.com/com/www/news/main", "section_title": "NEWSru.com :: Важные новости", "url": "http://www.newsru.com/world/02oct2016/gulens.html", "country": "US", "domain_rank": 3073, "title": "В Турции задержали очередного родственника Фетхуллаха Гюлена - его брата", "performance_score": 0, "site": "newsru.com", "participants_count": 0, "title_full": "В Турции задержали очередного родственника Фетхуллаха Гюлена - его брата", "spam_score": 0.0, "site_type": "news", "published": "2016-10-02T21:53:00.000+03:00", "replies_count": 0, "uuid": "99bbd8fc99f9458417204a7107d21a0e03272d60"}, "author": "", "url": "http://www.newsru.com/world/02oct2016/gulens.html", "ord_in_thread": 0, "title": "В Турции задержали очередного родственника Фетхуллаха Гюлена - его брата", "locations": [], "entities": {"persons": [], "locations": [], "organizations": []}, "highlightText": "", "language": "russian", "persons": [], "text": "В Турции задержали очередного родственника Фетхуллаха Гюлена - его брата   16:53   16:53 \nТурецкая полиция задержала в городе Измир на западе страны брата оппозиционного исламского проповедника Фетхуллаха Гюлена Ктубеттина. Живущего в США проповедника Анкара считает вдохновителем попытки провалившегося переворота. Кутбеттин Гюлен разыскивался по обвинению в причастности к деятельности организации, возглавляемой его братом. Его доставили на допрос в Управление безопасности и, вероятно, вскоре предъявят обвинение. Операцию по задержанию провела полиция Измира на основе оперативных данных о том, что подозреваемый скрывается в доме своего родственника в районе Газиемир, передает РИА \"Новости\" . ТАСС напоминает, что 23 сентября власти Турции задержали племянницу Гюлена Эмине. Задержание прошло в уезде Эрдемит западной провинции Балыкесир. Выяснилось, что она значительную часть телефонных разговоров вела с одним абонентом в США. Кроме того, у нее изъято большое количество фотографий и книг Гюлена. В августе полиция задержала племянника Гюлена Кемаля Гюлена, телеведущего и адвоката. Он был задержан в одной из деревень в провинции Кастамону, где скрывался с середины июля после провала заговора. Еще раньше был задержан другой племянник проповедника Адбуллах Коруджук. В ночь на 16 июля в Турции группа мятежников совершила попытку военного переворота. Основное противостояние развернулось в Анкаре и Стамбуле. Погибли более 240 турецких граждан, более 2 тысяч человек получили ранения, мятеж был подавлен. Власти Турции обвинили Гюлена в причастности к попытке переворота и потребовали от США его экстрадиции. Сам Гюлен осудил мятеж и заявил о своей непричастности. По обвинению в причастности к организации Гюлена в Турции после мятежа были арестованы около 32 тысяч человек.", "external_links": [], "published": "2016-10-02T21:53:00.000+03:00", "crawled": "2016-10-02T17:00:29.521+03:00", "highlightTitle": ""}