{"organizations": [], "uuid": "694f0e4c1ed6dacffc64811af87965227b6f9486", "thread": {"social": {"gplus": {"shares": 0}, "pinterest": {"shares": 0}, "vk": {"shares": 0}, "linkedin": {"shares": 0}, "facebook": {"likes": 0, "shares": 0, "comments": 0}, "stumbledupon": {"shares": 0}}, "site_full": "echo.msk.ru", "main_image": "http://echo.msk.ru/i/big_logo.png", "site_section": "http://echo.msk.ru/news/", "section_title": "Эхо Москвы :: Новости ", "url": "http://echo.msk.ru/news/1848690-echo.html", "country": "BZ", "domain_rank": 1609, "title": "Премьер-министр Дмитрий Медведев пожалел, что у российской экономики нет источников иностранного финансирования", "performance_score": 0, "site": "echo.msk.ru", "participants_count": 32, "title_full": "Эхо Москвы :: Новости / Премьер-министр Дмитрий Медведев пожалел, что у российской экономики нет источников иностранного финансирования", "spam_score": 0.003, "site_type": "news", "published": "2016-10-03T00:31:00.000+03:00", "replies_count": 33, "uuid": "694f0e4c1ed6dacffc64811af87965227b6f9486"}, "author": "echo.msk.ru", "url": "http://echo.msk.ru/news/1848690-echo.html", "ord_in_thread": 0, "title": "Премьер-министр Дмитрий Медведев пожалел, что у российской экономики нет источников иностранного финансирования", "locations": [], "entities": {"persons": [], "locations": [], "organizations": []}, "highlightText": "", "language": "russian", "persons": [], "text": "Об этом он сказал в интервью «Первому каналу». В частности, глава правительства заметил на вопрос «Когда будет экономический рост», что страна, к сожалению, отрезана от иностранных инвестиций и от тех зарубежных компаний, которые давали заказы российским производителям. Впрочем Медведев добавил, что в российской экономике за десятилетие накопились структурные проблемы, которые требуют вмешательства. Он надеется, что к концу года негативные явления будут исчерпаны, и уже в начале следующего года страна сможет выйти на относительно небольшие параметры экономического роста. Самым важным на сегодняшний день он считает низкий государственный долг, большой объем золотовалютных резервов и снижение инфляции.", "external_links": [], "published": "2016-10-03T00:31:00.000+03:00", "crawled": "2016-10-02T20:44:04.728+03:00", "highlightTitle": ""}