{"organizations": [], "uuid": "4d717f52b116a40716ba4b959ad4da93c0cb9990", "thread": {"social": {"gplus": {"shares": 0}, "pinterest": {"shares": 0}, "vk": {"shares": 0}, "linkedin": {"shares": 0}, "facebook": {"likes": 0, "shares": 0, "comments": 0}, "stumbledupon": {"shares": 0}}, "site_full": "regnum.ru", "main_image": "https://regnum.ru/uploads/pictures/news/2016/09/30/regnum_picture_1475252873386183_big.jpg", "site_section": "https://regnum.ru/rss/news", "section_title": "Новости России, СНГ и мира - ИА REGNUM", "url": "https://regnum.ru/news/society/2187238.html", "country": "RU", "domain_rank": 3772, "title": "НИИ им. Гельмгольца: зрение возвращается пострадавшим после инъекции", "performance_score": 0, "site": "regnum.ru", "participants_count": 1, "title_full": "НИИ им. Гельмгольца: зрение возвращается пострадавшим после инъекции", "spam_score": 0.0, "site_type": "news", "published": "2016-09-30T23:58:00.000+03:00", "replies_count": 0, "uuid": "4d717f52b116a40716ba4b959ad4da93c0cb9990"}, "author": "ИА REGNUM", "url": "https://regnum.ru/news/society/2187238.html", "ord_in_thread": 0, "title": "НИИ им. Гельмгольца: зрение возвращается пострадавшим после инъекции", "locations": [], "entities": {"persons": [], "locations": [], "organizations": []}, "highlightText": "", "language": "russian", "persons": [], "text": "Операционная \nМосква , 30 Сентября 2016 , 18:58 — REGNUM В Москве прооперированы пациенты, которые потеряли зрение после процедур в федеральном учреждении «НИИ глазных болезней имени Гельмгольца». Об этом сегодня, 30 сентября, сообщает пресс-служба НИИ. \nНапомним, ранее сегодня стало известно, что 11 пациентов «НИИ глазных болезней имени Гельмгольца» потеряли зрение после инъекции препарата «Авастин». Министр здравоохранения России Вероника Скворцова распорядилась провести срочную проверку данного медицинского учреждения. \nВ самом НИИ сообщают, что все пациенты, потерявшие зрение, уже прооперированы. Медики утверждают, что динамика положительная, и зрение к пострадавшим возвращается. \nПро препарат «Авастин» известно, что это российский аналог одного из дорогостоящих импортных лекарств. Инъекции «Авастина» делают только в Москве и Санкт-Петербурге. Большинство пострадавших от инъекции препарата — жители регионов.", "external_links": [], "published": "2016-09-30T23:58:00.000+03:00", "crawled": "2016-10-01T01:56:44.141+03:00", "highlightTitle": ""}